{"type":"FeatureCollection","features":[{"type":"Feature","properties":{"name":"Eastern Obolo","id":"eastern-obolo"},"geometry":{"type":"Polygon","coordinates":[[[7.56194,4.51352],[7.61647,4.55937],[7.67374,4.52851],[7.69828,4.54702],[7.75009,4.57612],[7.80463,4.57083],[7.81099,4.51881],[7.66738,4.49501],[7.61466,4.46856],[7.56194,4.51352]]]}},{"type":"Feature","properties":{"name":"Ekeremor","id":"ekeremor"},"geometry":{"type":"Polygon","coordinates":[[[5.99215,4.89261],[5.82763,4.81679],[5.69038,4.77888],[5.64857,4.77447],[5.62675,4.73039],[5.53222,4.75155],[5.44405,4.92346],[5.44132,4.97548],[5.37497,5.12623],[5.44859,5.13328],[5.46496,5.09714],[5.51131,5.08832],[5.55131,5.0557],[5.58494,5.05482],[5.63311,5.01867],[5.71038,5.02396],[5.73037,5.05482],[5.77946,5.05835],[5.79127,5.08568],[5.86944,5.07069],[5.88126,5.10948],[5.91489,5.10772],[5.92762,5.16061],[5.97488,5.13769],[5.95943,5.10066],[5.99215,5.04865],[5.98034,4.93845],[5.99215,4.89261]]]}},{"type":"Feature","properties":{"name":"Degema","id":"degema"},"geometry":{"type":"Polygon","coordinates":[[[6.8584,4.39803],[6.81659,4.50206],[6.81386,4.57788],[6.8384,4.61843],[6.78659,4.66604],[6.79295,4.72775],[6.83386,4.65987],[6.91294,4.65634],[6.90476,4.75155],[6.9293,4.78153],[6.95748,4.77447],[6.98838,4.76125],[6.98474,4.70395],[6.96384,4.68543],[6.98384,4.61667],[6.97565,4.59727],[7.00565,4.36982],[6.8584,4.39803]]]}},{"type":"Feature","properties":{"name":"Andoni","id":"andoni"},"geometry":{"type":"Polygon","coordinates":[[[7.3247,4.43947],[7.32742,4.50471],[7.26198,4.50206],[7.28198,4.56025],[7.3047,4.59375],[7.36287,4.57171],[7.41559,4.56906],[7.47649,4.58405],[7.45377,4.53556],[7.47377,4.49589],[7.56375,4.47033],[7.5783,4.49589],[7.58012,4.45005],[7.4874,4.44829],[7.41832,4.43154],[7.3247,4.43947]]]}},{"type":"Feature","properties":{"name":"Akpabuyo","id":"akpabuyo"},"geometry":{"type":"Polygon","coordinates":[[[8.39637,4.78065],[8.37182,4.77536],[8.30274,4.84412],[8.33728,4.87057],[8.36637,4.95608],[8.35546,4.98694],[8.36274,5.03454],[8.36819,5.07862],[8.39637,5.12623],[8.51453,5.0222],[8.60361,5.0416],[8.70087,5.01427],[8.64451,4.90848],[8.61452,4.89613],[8.58452,4.8547],[8.50453,4.84236],[8.47454,4.85029],[8.41,4.82561],[8.39637,4.78065]]]}},{"type":"Feature","properties":{"name":"Oron","id":"oron"},"geometry":{"type":"Polygon","coordinates":[[[8.30093,4.77271],[8.22457,4.778],[8.18094,4.79211],[8.21457,4.86175],[8.18367,4.89437],[8.19549,4.95432],[8.22275,4.93404],[8.27457,4.8547],[8.30911,4.80445],[8.30093,4.77271]]]}},{"type":"Feature","properties":{"name":"Bakassi","id":"bakassi"},"geometry":{"type":"Polygon","coordinates":[[[8.39637,4.78065],[8.41,4.82561],[8.47454,4.85029],[8.50453,4.84236],[8.58452,4.8547],[8.61452,4.89613],[8.60452,4.8688],[8.62815,4.82208],[8.54544,4.80268],[8.52271,4.73392],[8.4809,4.68896],[8.38455,4.75332],[8.39637,4.78065]]]}},{"type":"Feature","properties":{"name":"Calabar South","id":"calabar-south"},"geometry":{"type":"Polygon","coordinates":[[[8.35546,4.98694],[8.36637,4.95608],[8.33728,4.87057],[8.30274,4.84412],[8.27457,4.8547],[8.22275,4.93404],[8.30183,4.98694],[8.35546,4.98694]]]}},{"type":"Feature","properties":{"name":"Udung Uko","id":"udung-uko"},"geometry":{"type":"Polygon","coordinates":[[[8.22457,4.778],[8.30093,4.77271],[8.32001,4.71541],[8.2782,4.72687],[8.20185,4.70483],[8.20639,4.76918],[8.22457,4.778]]]}},{"type":"Feature","properties":{"name":"Southern Ijaw","id":"southern-ijaw"},"geometry":{"type":"Polygon","coordinates":[[[5.53222,4.75155],[5.62675,4.73039],[5.64857,4.77447],[5.69038,4.77888],[5.82763,4.81679],[5.99215,4.89261],[5.98943,4.81415],[6.06124,4.81767],[6.09032,4.97724],[6.05487,5.03895],[6.07487,5.06011],[6.11668,4.99223],[6.14123,4.9984],[6.14759,4.94021],[6.15668,4.84941],[6.23848,4.85205],[6.20667,4.77183],[6.20213,4.64224],[6.1594,4.56642],[6.07578,4.48796],[5.99488,4.45269],[5.95307,4.36982],[5.84308,4.40244],[5.70038,4.51705],[5.63584,4.59816],[5.53222,4.75155]]]}},{"type":"Feature","properties":{"name":"Iwajowa","id":"iwajowa"},"geometry":{"type":"Polygon","coordinates":[[[3.35343,7.83624],[3.28253,7.7807],[3.24435,7.77188],[3.13528,7.80891],[3.14073,7.85387],[3.08347,7.87503],[3.04893,7.86798],[3.03257,7.79569],[2.98166,7.80715],[2.96076,7.74455],[2.88622,7.76924],[2.88077,7.8574],[2.90713,7.91294],[2.79351,7.94203],[2.77715,7.905],[2.71261,7.85211],[2.69261,7.90677],[2.72715,8.10865],[2.75351,8.20651],[2.74624,8.22855],[2.86986,8.2594],[2.89622,8.2453],[2.95985,8.26205],[3.02711,8.21973],[3.11528,8.21268],[3.13528,8.13333],[3.20163,8.12011],[3.22981,8.07074],[3.2489,8.01873],[3.28798,7.99492],[3.27071,7.95173],[3.32434,7.85123],[3.35343,7.83624]]]}},{"type":"Feature","properties":{"name":"Ibarapa North","id":"ibarapa-north"},"geometry":{"type":"Polygon","coordinates":[[[3.03257,7.79569],[3.04893,7.86798],[3.08347,7.87503],[3.14073,7.85387],[3.13528,7.80891],[3.24435,7.77188],[3.28253,7.7807],[3.27526,7.73133],[3.32071,7.71811],[3.35616,7.64053],[3.35979,7.54796],[3.34161,7.50123],[3.31344,7.47743],[3.28526,7.50741],[3.19436,7.53033],[3.18527,7.4695],[3.12892,7.44217],[3.07529,7.45275],[3.06438,7.51975],[3.00711,7.55589],[2.97257,7.61143],[3.00075,7.66168],[3.03257,7.79569]]]}},{"type":"Feature","properties":{"name":"Okrika","id":"okrika"},"geometry":{"type":"Polygon","coordinates":[[[6.98384,4.61667],[6.96384,4.68543],[6.98474,4.70395],[6.98838,4.76125],[7.04292,4.74891],[7.0611,4.80709],[7.07382,4.81679],[7.11927,4.76742],[7.122,4.70218],[7.12382,4.66956],[7.17017,4.60433],[7.17744,4.52939],[7.15927,4.46327],[7.04474,4.43682],[7.02383,4.44123],[6.98384,4.61667]]]}},{"type":"Feature","properties":{"name":"Imeko Afon","id":"imeko-afon"},"geometry":{"type":"Polygon","coordinates":[[[2.71261,7.85211],[2.77715,7.905],[2.79351,7.94203],[2.90713,7.91294],[2.88077,7.8574],[2.88622,7.76924],[2.96076,7.74455],[2.98166,7.80715],[3.03257,7.79569],[3.00075,7.66168],[2.97257,7.61143],[3.00711,7.55589],[3.06438,7.51975],[3.07529,7.45275],[3.01984,7.43071],[3.01802,7.36106],[2.9953,7.34167],[2.9244,7.36723],[2.9144,7.34255],[2.95439,7.30199],[2.93803,7.26056],[2.8735,7.26585],[2.84168,7.33461],[2.77442,7.35665],[2.73624,7.31786],[2.71625,7.59821],[2.74261,7.78246],[2.71261,7.85211]]]}},{"type":"Feature","properties":{"name":"Ibeno","id":"ibeno"},"geometry":{"type":"Polygon","coordinates":[[[7.81099,4.51881],[7.80463,4.57083],[7.90189,4.56466],[7.94461,4.56025],[8.00278,4.60168],[8.13731,4.60168],[8.2173,4.59463],[8.24821,4.56113],[8.30093,4.55496],[8.29184,4.53644],[8.17549,4.54438],[8.02733,4.54262],[7.81099,4.51881]]]}},{"type":"Feature","properties":{"name":"Nembe","id":"nembe"},"geometry":{"type":"MultiPolygon","coordinates":[[[[6.54026,4.50118],[6.52481,4.46944],[6.50208,4.48002],[6.48663,4.55672],[6.50845,4.56113],[6.54026,4.50118]]],[[[6.1594,4.56642],[6.20213,4.64224],[6.29302,4.66251],[6.33847,4.62108],[6.38665,4.6202],[6.39301,4.58405],[6.43846,4.5003],[6.44482,4.40421],[6.42755,4.38569],[6.35483,4.36542],[6.28211,4.37511],[6.23939,4.3998],[6.15122,4.46239],[6.1594,4.56642]]]]}},{"type":"Feature","properties":{"name":"Ilaje","id":"ilaje"},"geometry":{"type":"Polygon","coordinates":[[[4.97684,5.88792],[4.84777,6.0281],[4.7496,6.12066],[4.69234,6.16033],[4.61507,6.23527],[4.48327,6.32607],[4.57235,6.29698],[4.59871,6.36663],[4.53508,6.40806],[4.55963,6.45126],[4.56417,6.49887],[4.60507,6.49181],[4.6587,6.42746],[4.70052,6.39748],[4.75233,6.39396],[4.83595,6.41423],[4.85504,6.43098],[4.86504,6.43804],[4.84959,6.37103],[4.86595,6.31549],[4.83232,6.26172],[4.85322,6.20706],[4.91412,6.14358],[4.94503,6.08099],[4.97684,6.05366],[5.00865,6.06248],[5.04683,6.01487],[4.97684,5.88792]]]}},{"type":"Feature","properties":{"name":"Brass","id":"brass"},"geometry":{"type":"MultiPolygon","coordinates":[[[[5.84308,4.40244],[5.95307,4.36982],[5.99488,4.45269],[6.07578,4.48796],[6.1594,4.56642],[6.15122,4.46239],[6.23939,4.3998],[6.21394,4.33103],[6.2203,4.27902],[6.0876,4.2702],[5.97761,4.31252],[5.96398,4.33456],[5.84308,4.40244]]],[[[6.54026,4.50118],[6.50845,4.56113],[6.48663,4.55672],[6.50208,4.48002],[6.52481,4.46944],[6.51208,4.3804],[6.54935,4.32486],[6.4121,4.30547],[6.25485,4.2896],[6.23394,4.29841],[6.28211,4.37511],[6.35483,4.36542],[6.42755,4.38569],[6.44482,4.40421],[6.43846,4.5003],[6.39301,4.58405],[6.38665,4.6202],[6.46118,4.71364],[6.52754,4.75332],[6.60752,4.74626],[6.57389,4.70483],[6.51208,4.64312],[6.54844,4.5867],[6.56026,4.54085],[6.54026,4.50118]]]]}},{"type":"Feature","properties":{"name":"Warri North","id":"warri-north"},"geometry":{"type":"Polygon","coordinates":[[[4.97684,5.88792],[5.04683,6.01487],[5.10137,6.12507],[5.13409,6.16915],[5.21681,6.13565],[5.23499,6.07306],[5.27044,6.05454],[5.24862,5.98402],[5.27589,5.90644],[5.30498,5.91702],[5.35861,5.96991],[5.3277,6.0184],[5.41314,6.02104],[5.44314,6.04132],[5.47404,6.02721],[5.4695,5.93112],[5.54767,5.88616],[5.54313,5.84032],[5.5704,5.77861],[5.54131,5.77067],[5.46405,5.80505],[5.45496,5.82533],[5.38133,5.82357],[5.33134,5.78654],[5.33861,5.72307],[5.43405,5.70896],[5.43496,5.65254],[5.39951,5.63755],[5.38769,5.60846],[5.35133,5.59612],[5.30134,5.61375],[5.22772,5.61904],[5.17045,5.59347],[5.12137,5.64284],[5.06774,5.76626],[4.97684,5.88792]]]}},{"type":"Feature","properties":{"name":"Ese Odo","id":"ese-odo"},"geometry":{"type":"Polygon","coordinates":[[[5.04683,6.01487],[5.00865,6.06248],[4.97684,6.05366],[4.94503,6.08099],[4.91412,6.14358],[4.85322,6.20706],[4.83232,6.26172],[4.86595,6.31549],[4.84959,6.37103],[4.86504,6.43804],[4.92685,6.44685],[4.95684,6.35252],[5.01593,6.29257],[5.06319,6.24849],[5.08955,6.20089],[5.13409,6.16915],[5.10137,6.12507],[5.04683,6.01487]]]}},{"type":"Feature","properties":{"name":"Jalingo","id":"jalingo"},"geometry":{"type":"Polygon","coordinates":[[[11.44322,8.80951],[11.42867,8.82979],[11.33687,8.89591],[11.32414,8.91971],[11.25961,8.93646],[11.22961,8.95939],[11.2187,9.01581],[11.26415,9.05636],[11.33596,8.992],[11.38959,8.96996],[11.39322,8.91795],[11.48048,8.8342],[11.44322,8.80951]]]}},{"type":"Feature","properties":{"name":"Burutu","id":"burutu"},"geometry":{"type":"MultiPolygon","coordinates":[[[[5.88126,5.10948],[5.86944,5.07069],[5.79127,5.08568],[5.77946,5.05835],[5.73037,5.05482],[5.71038,5.02396],[5.63311,5.01867],[5.58494,5.05482],[5.55131,5.0557],[5.51131,5.08832],[5.46496,5.09714],[5.44859,5.13328],[5.38769,5.13857],[5.35224,5.16766],[5.32043,5.35456],[5.46677,5.37131],[5.52676,5.40746],[5.59494,5.37748],[5.7022,5.4101],[5.72855,5.32811],[5.74764,5.27345],[5.81218,5.24701],[5.75855,5.20998],[5.80036,5.18706],[5.87944,5.17648],[5.88126,5.10948]]],[[[5.43132,5.38542],[5.35497,5.38982],[5.22681,5.45154],[5.30043,5.4674],[5.43132,5.38542]]]]}},{"type":"Feature","properties":{"name":"Girei","id":"girei"},"geometry":{"type":"Polygon","coordinates":[[[12.60124,9.24855],[12.51125,9.23356],[12.49216,9.26265],[12.44035,9.2891],[12.38581,9.342],[12.35491,9.39048],[12.34309,9.44602],[12.27219,9.52184],[12.33128,9.54123],[12.39218,9.60735],[12.47853,9.61176],[12.6485,9.56239],[12.56397,9.42839],[12.61851,9.38167],[12.5876,9.32172],[12.64941,9.29968],[12.60124,9.24855]]]}},{"type":"Feature","properties":{"name":"Yorro","id":"yorro"},"geometry":{"type":"Polygon","coordinates":[[[11.44322,8.80951],[11.48048,8.8342],[11.39322,8.91795],[11.38959,8.96996],[11.33596,8.992],[11.42049,9.07399],[11.51321,9.06958],[11.59229,9.13306],[11.69864,9.14364],[11.71045,9.07135],[11.65773,9.02727],[11.5732,8.99377],[11.55775,8.9585],[11.62683,8.87563],[11.6541,8.77601],[11.69318,8.71783],[11.74318,8.67728],[11.78862,8.64113],[11.75772,8.61733],[11.675,8.65788],[11.60774,8.67728],[11.53139,8.6667],[11.44322,8.80951]]]}},{"type":"Feature","properties":{"name":"Ardo-Kola","id":"ardo-kola"},"geometry":{"type":"Polygon","coordinates":[[[11.2187,9.01581],[11.22961,8.95939],[11.25961,8.93646],[11.32414,8.91971],[11.33687,8.89591],[11.42867,8.82979],[11.44322,8.80951],[11.53139,8.6667],[11.46867,8.65171],[11.34414,8.71871],[11.27869,8.69138],[11.25597,8.63496],[11.27597,8.58824],[11.23415,8.5706],[11.16507,8.59176],[11.11054,8.63143],[11.03236,8.67728],[11.03236,8.724],[10.99782,8.76279],[10.89148,8.82538],[10.96601,9.02021],[11.01419,9.08457],[11.06054,9.12336],[11.12599,9.04314],[11.2187,9.01581]]]}},{"type":"Feature","properties":{"name":"Yola North","id":"yola-north"},"geometry":{"type":"Polygon","coordinates":[[[12.44035,9.2891],[12.49216,9.26265],[12.51125,9.23356],[12.49671,9.22034],[12.39672,9.22122],[12.41399,9.29174],[12.44035,9.2891]]]}},{"type":"Feature","properties":{"name":"Yola South","id":"yola-south"},"geometry":{"type":"Polygon","coordinates":[[[12.51125,9.23356],[12.60124,9.24855],[12.60942,9.18684],[12.57215,9.09956],[12.41036,9.11983],[12.36491,9.10837],[12.34582,9.1313],[12.37581,9.16744],[12.32764,9.23003],[12.2631,9.26089],[12.2122,9.23444],[12.15585,9.24149],[12.11585,9.27411],[12.07858,9.26706],[12.07767,9.31555],[12.10494,9.36404],[12.16312,9.3755],[12.23129,9.36932],[12.26583,9.43368],[12.31946,9.43809],[12.35491,9.39048],[12.38581,9.342],[12.44035,9.2891],[12.41399,9.29174],[12.39672,9.22122],[12.49671,9.22034],[12.51125,9.23356]]]}},{"type":"Feature","properties":{"name":"Mbo","id":"mbo"},"geometry":{"type":"Polygon","coordinates":[[[8.20185,4.70483],[8.2782,4.72687],[8.32001,4.71541],[8.34365,4.60697],[8.30093,4.55496],[8.24821,4.56113],[8.2173,4.59463],[8.13731,4.60168],[8.15458,4.66692],[8.20185,4.70483]]]}},{"type":"Feature","properties":{"name":"Lau","id":"lau"},"geometry":{"type":"Polygon","coordinates":[[[11.33596,8.992],[11.26415,9.05636],[11.2187,9.01581],[11.12599,9.04314],[11.06054,9.12336],[11.13053,9.16832],[11.26051,9.20976],[11.30687,9.27411],[11.44322,9.35522],[11.49048,9.36668],[11.52048,9.40371],[11.52411,9.39577],[11.53048,9.32613],[11.59865,9.30144],[11.63955,9.30673],[11.68773,9.22915],[11.67773,9.21064],[11.69864,9.14364],[11.59229,9.13306],[11.51321,9.06958],[11.42049,9.07399],[11.33596,8.992]]]}},{"type":"Feature","properties":{"name":"Ibarapa Central","id":"ibarapa-central"},"geometry":{"type":"Polygon","coordinates":[[[3.07529,7.45275],[3.12892,7.44217],[3.18527,7.4695],[3.19436,7.53033],[3.28526,7.50741],[3.31344,7.47743],[3.34161,7.50123],[3.39888,7.44393],[3.38615,7.40161],[3.30616,7.31434],[3.25708,7.36371],[3.16982,7.3734],[3.11528,7.40779],[3.07529,7.45275]]]}},{"type":"Feature","properties":{"name":"Abeokuta North","id":"abeokuta-north"},"geometry":{"type":"Polygon","coordinates":[[[2.9953,7.34167],[3.01802,7.36106],[3.01984,7.43071],[3.07529,7.45275],[3.11528,7.40779],[3.16982,7.3734],[3.21618,7.27819],[3.26253,7.25263],[3.31434,7.25263],[3.31616,7.22089],[3.35434,7.19444],[3.33161,7.13537],[3.30616,7.11774],[3.23981,7.06661],[3.1271,7.06132],[3.13801,7.13185],[3.09528,7.16799],[3.09892,7.23411],[3.08438,7.2729],[3.02166,7.30199],[2.9953,7.34167]]]}},{"type":"Feature","properties":{"name":"Bonny","id":"bonny"},"geometry":{"type":"Polygon","coordinates":[[[7.26198,4.50206],[7.32742,4.50471],[7.3247,4.43947],[7.32833,4.41655],[7.21562,4.3804],[7.132,4.38569],[7.13472,4.41038],[7.21744,4.52058],[7.21653,4.54526],[7.26198,4.50206]]]}},{"type":"Feature","properties":{"name":"Warri South-West","id":"warri-south-west"},"geometry":{"type":"MultiPolygon","coordinates":[[[[5.7022,5.4101],[5.59494,5.37748],[5.52676,5.40746],[5.50768,5.4436],[5.51949,5.5009],[5.59948,5.51325],[5.63857,5.50267],[5.67311,5.46652],[5.75037,5.49121],[5.78855,5.44272],[5.7022,5.4101]]],[[[5.43132,5.38542],[5.30043,5.4674],[5.22681,5.45154],[5.15682,5.53705],[5.20772,5.59876],[5.28771,5.59964],[5.39315,5.58818],[5.41769,5.6402],[5.46677,5.63138],[5.5104,5.59612],[5.58221,5.51413],[5.50949,5.5009],[5.47223,5.39952],[5.43132,5.38542]]],[[[5.43496,5.65254],[5.43405,5.70896],[5.33861,5.72307],[5.33134,5.78654],[5.38133,5.82357],[5.45496,5.82533],[5.46405,5.80505],[5.54131,5.77067],[5.50404,5.73893],[5.52676,5.69485],[5.48586,5.63138],[5.43496,5.65254]]]]}},{"type":"Feature","properties":{"name":"Warri South","id":"warri-south"},"geometry":{"type":"Polygon","coordinates":[[[5.54131,5.77067],[5.5704,5.77861],[5.6013,5.73276],[5.65038,5.70103],[5.6922,5.66224],[5.65584,5.61463],[5.70583,5.58201],[5.77764,5.54146],[5.784,5.51589],[5.75037,5.49121],[5.67311,5.46652],[5.63857,5.50267],[5.59948,5.51325],[5.58221,5.51413],[5.5104,5.59612],[5.48586,5.63138],[5.52676,5.69485],[5.50404,5.73893],[5.54131,5.77067]]]}},{"type":"Feature","properties":{"name":"Akuku Toru","id":"akuku-toru"},"geometry":{"type":"Polygon","coordinates":[[[6.79295,4.72775],[6.78659,4.66604],[6.8384,4.61843],[6.81386,4.57788],[6.81659,4.50206],[6.8584,4.39803],[6.87476,4.35748],[6.76296,4.34602],[6.69388,4.33015],[6.54935,4.32486],[6.51208,4.3804],[6.52481,4.46944],[6.54026,4.50118],[6.56026,4.54085],[6.54844,4.5867],[6.51208,4.64312],[6.57389,4.70483],[6.62389,4.7348],[6.73478,4.76742],[6.74114,4.82561],[6.78477,4.82032],[6.77568,4.74714],[6.79295,4.72775]]]}},{"type":"Feature","properties":{"name":"Isokan","id":"isokan"},"geometry":{"type":"Polygon","coordinates":[[[4.08242,7.20061],[4.12514,7.25791],[4.12605,7.31169],[4.13514,7.40338],[4.15332,7.36988],[4.24331,7.34872],[4.28785,7.30111],[4.26058,7.24116],[4.14605,7.20237],[4.08242,7.20061]]]}},{"type":"Feature","properties":{"name":"Irewole","id":"irewole"},"geometry":{"type":"Polygon","coordinates":[[[4.28785,7.30111],[4.24331,7.34872],[4.15332,7.36988],[4.13514,7.40338],[4.13696,7.45892],[4.14877,7.47743],[4.17332,7.4933],[4.29421,7.47126],[4.2933,7.43864],[4.32057,7.38046],[4.28785,7.30111]]]}},{"type":"Feature","properties":{"name":"Essien Udim","id":"essien-udim"},"geometry":{"type":"Polygon","coordinates":[[[7.68465,5.04336],[7.62193,5.01956],[7.60375,5.04953],[7.54648,5.08656],[7.5383,5.10154],[7.53285,5.17295],[7.56375,5.16502],[7.65102,5.1756],[7.71828,5.14298],[7.75464,5.1421],[7.78736,5.09096],[7.72646,5.07686],[7.68465,5.04336]]]}},{"type":"Feature","properties":{"name":"Onna","id":"onna"},"geometry":{"type":"Polygon","coordinates":[[[7.90189,4.56466],[7.80463,4.57083],[7.82372,4.66075],[7.80281,4.7207],[7.87553,4.67662],[7.90189,4.56466]]]}},{"type":"Feature","properties":{"name":"Udenu","id":"udenu"},"geometry":{"type":"Polygon","coordinates":[[[7.68828,6.85238],[7.6701,6.81624],[7.62102,6.8418],[7.60466,6.78097],[7.56921,6.8039],[7.45832,6.82417],[7.42287,6.86384],[7.48104,6.885],[7.48468,6.92027],[7.55557,6.98021],[7.57739,6.93261],[7.62011,6.91938],[7.65829,6.86825],[7.68828,6.85238]]]}},{"type":"Feature","properties":{"name":"Ogu Bolo","id":"ogu-bolo"},"geometry":{"type":"Polygon","coordinates":[[[7.28198,4.56025],[7.26198,4.50206],[7.21653,4.54526],[7.19017,4.60962],[7.1529,4.65987],[7.12382,4.66956],[7.122,4.70218],[7.18926,4.74097],[7.2338,4.69513],[7.23562,4.62637],[7.28198,4.56025]]]}},{"type":"Feature","properties":{"name":"Enugu South","id":"enugu-south"},"geometry":{"type":"Polygon","coordinates":[[[7.57921,6.39396],[7.55648,6.36134],[7.46104,6.37897],[7.46922,6.41688],[7.53739,6.42305],[7.54012,6.45479],[7.59284,6.43186],[7.57921,6.39396]]]}},{"type":"Feature","properties":{"name":"Ikot Ekpene","id":"ikot-ekpene"},"geometry":{"type":"Polygon","coordinates":[[[7.75464,5.1421],[7.71828,5.14298],[7.65102,5.1756],[7.64738,5.22937],[7.72191,5.27698],[7.771,5.2232],[7.75464,5.1421]]]}},{"type":"Feature","properties":{"name":"Nsit Ubium","id":"nsit-ubium"},"geometry":{"type":"Polygon","coordinates":[[[8.05187,4.74979],[8.06187,4.69778],[8.0346,4.68191],[7.96552,4.68984],[7.93461,4.72334],[7.89189,4.71364],[7.87462,4.7207],[7.87553,4.79828],[7.92643,4.82208],[7.97642,4.83795],[7.97552,4.80092],[8.02187,4.75155],[8.05187,4.74979]]]}},{"type":"Feature","properties":{"name":"Urue Offong/Oruko","id":"urue-offongoruko"},"geometry":{"type":"Polygon","coordinates":[[[8.18094,4.79211],[8.22457,4.778],[8.20639,4.76918],[8.20185,4.70483],[8.15458,4.66692],[8.09914,4.69601],[8.12731,4.77271],[8.18094,4.79211]]]}},{"type":"Feature","properties":{"name":"Abak","id":"abak"},"geometry":{"type":"Polygon","coordinates":[[[7.68465,5.04336],[7.72646,5.07686],[7.78736,5.09096],[7.82917,5.03983],[7.83372,5.03366],[7.82917,4.98606],[7.82372,4.95784],[7.80099,4.88379],[7.79009,4.88115],[7.77554,4.9023],[7.79009,4.96666],[7.75736,4.9984],[7.71828,4.99135],[7.68465,5.04336]]]}},{"type":"Feature","properties":{"name":"Nkanu East","id":"nkanu-east"},"geometry":{"type":"Polygon","coordinates":[[[7.57921,6.39396],[7.59284,6.43186],[7.60557,6.47771],[7.64829,6.50944],[7.64647,6.57027],[7.70464,6.57821],[7.72646,6.5597],[7.74191,6.49446],[7.751,6.38514],[7.72101,6.33136],[7.70919,6.27759],[7.73282,6.22645],[7.72646,6.11449],[7.71373,6.08364],[7.66919,6.06336],[7.61466,6.14358],[7.55557,6.1286],[7.53467,6.17444],[7.5383,6.21764],[7.56012,6.26701],[7.62284,6.28993],[7.6392,6.32784],[7.56557,6.34106],[7.57921,6.39396]]]}},{"type":"Feature","properties":{"name":"Igbo-Eze-South","id":"igbo-eze-south"},"geometry":{"type":"Polygon","coordinates":[[[7.48468,6.92027],[7.48104,6.885],[7.42287,6.86384],[7.35106,6.92115],[7.30016,6.94583],[7.32924,6.98462],[7.31652,7.01019],[7.35106,7.03311],[7.3756,6.98021],[7.44014,6.93349],[7.48468,6.92027]]]}},{"type":"Feature","properties":{"name":"Nsukka","id":"nsukka"},"geometry":{"type":"Polygon","coordinates":[[[7.42287,6.86384],[7.45832,6.82417],[7.56921,6.8039],[7.60466,6.78097],[7.59466,6.74307],[7.5983,6.65579],[7.53012,6.71574],[7.46195,6.73954],[7.41468,6.76863],[7.34924,6.72279],[7.30197,6.73689],[7.27561,6.7607],[7.30561,6.84709],[7.2029,6.90263],[7.24107,6.9714],[7.31652,7.01019],[7.32924,6.98462],[7.30016,6.94583],[7.35106,6.92115],[7.42287,6.86384]]]}},{"type":"Feature","properties":{"name":"Tai","id":"tai"},"geometry":{"type":"Polygon","coordinates":[[[7.2338,4.69513],[7.18926,4.74097],[7.18472,4.80797],[7.25016,4.82296],[7.32742,4.76301],[7.33197,4.71012],[7.2338,4.69513]]]}},{"type":"Feature","properties":{"name":"Ife North","id":"ife-north"},"geometry":{"type":"Polygon","coordinates":[[[4.42419,7.19091],[4.39783,7.24645],[4.39874,7.34696],[4.3742,7.37517],[4.38692,7.49065],[4.41328,7.51622],[4.43873,7.58146],[4.47691,7.56559],[4.48964,7.51446],[4.476,7.47567],[4.466,7.45892],[4.54508,7.42013],[4.51327,7.35313],[4.49054,7.31434],[4.49509,7.26938],[4.42419,7.19091]]]}},{"type":"Feature","properties":{"name":"Ayedade","id":"ayedade"},"geometry":{"type":"Polygon","coordinates":[[[4.08242,7.20061],[4.14605,7.20237],[4.26058,7.24116],[4.28785,7.30111],[4.32057,7.38046],[4.2933,7.43864],[4.29421,7.47126],[4.27058,7.503],[4.29875,7.55766],[4.34693,7.5841],[4.30512,7.62025],[4.32966,7.63524],[4.37147,7.59645],[4.48691,7.62113],[4.50872,7.59909],[4.47691,7.56559],[4.43873,7.58146],[4.41328,7.51622],[4.38692,7.49065],[4.3742,7.37517],[4.39874,7.34696],[4.39783,7.24645],[4.42419,7.19091],[4.41056,7.12744],[4.35056,7.06573],[4.34238,7.06837],[4.26876,7.08865],[4.19786,7.04898],[4.1715,7.17064],[4.08878,7.13361],[4.08242,7.20061]]]}},{"type":"Feature","properties":{"name":"Ayedire","id":"ayedire"},"geometry":{"type":"Polygon","coordinates":[[[4.29421,7.47126],[4.17332,7.4933],[4.14877,7.47743],[4.15423,7.56823],[4.1415,7.59292],[4.24785,7.64053],[4.28512,7.65639],[4.30512,7.62025],[4.34693,7.5841],[4.29875,7.55766],[4.27058,7.503],[4.29421,7.47126]]]}},{"type":"Feature","properties":{"name":"Ahoada East","id":"ahoada-east"},"geometry":{"type":"Polygon","coordinates":[[[6.66752,4.8882],[6.61389,4.92611],[6.60843,4.97724],[6.55299,4.97283],[6.57662,5.02661],[6.57844,5.17736],[6.68479,5.21439],[6.6757,5.17912],[6.69842,5.11565],[6.72205,5.10507],[6.72478,5.09625],[6.69933,5.0557],[6.71205,5.01779],[6.67206,4.98782],[6.66752,4.8882]]]}},{"type":"Feature","properties":{"name":"Iseyin","id":"iseyin"},"geometry":{"type":"Polygon","coordinates":[[[3.28253,7.7807],[3.35343,7.83624],[3.44069,7.91382],[3.46523,7.9676],[3.45796,8.04958],[3.46523,8.09631],[3.53068,8.07691],[3.57522,8.09278],[3.6043,8.18006],[3.59158,8.2118],[3.62703,8.26117],[3.62794,8.30701],[3.65975,8.31582],[3.68793,8.40575],[3.797,8.34227],[3.857,8.32728],[3.85336,8.22326],[3.80973,8.13951],[3.7361,8.06633],[3.74156,8.02137],[3.71247,7.9817],[3.74701,7.86004],[3.73338,7.80097],[3.68429,7.69607],[3.63157,7.71017],[3.60885,7.77276],[3.57794,7.79569],[3.54249,7.74103],[3.53886,7.704],[3.45251,7.6943],[3.35616,7.64053],[3.32071,7.71811],[3.27526,7.73133],[3.28253,7.7807]]]}},{"type":"Feature","properties":{"name":"Itesiwaju","id":"itesiwaju"},"geometry":{"type":"Polygon","coordinates":[[[3.22981,8.07074],[3.20163,8.12011],[3.13528,8.13333],[3.11528,8.21268],[3.02711,8.21973],[2.95985,8.26205],[2.89622,8.2453],[2.86986,8.2594],[2.86804,8.3123],[2.92803,8.35285],[2.98166,8.33081],[3.06711,8.31582],[3.18436,8.34051],[3.19527,8.37665],[3.25163,8.37048],[3.36161,8.30965],[3.47887,8.33434],[3.47796,8.36167],[3.55886,8.39693],[3.68793,8.40575],[3.65975,8.31582],[3.62794,8.30701],[3.62703,8.26117],[3.59158,8.2118],[3.6043,8.18006],[3.57522,8.09278],[3.53068,8.07691],[3.46523,8.09631],[3.45796,8.04958],[3.42524,8.0681],[3.41978,8.16155],[3.37706,8.16948],[3.34161,8.20386],[3.29253,8.19152],[3.29707,8.14391],[3.22981,8.07074]]]}},{"type":"Feature","properties":{"name":"Kajola","id":"kajola"},"geometry":{"type":"Polygon","coordinates":[[[3.35343,7.83624],[3.32434,7.85123],[3.27071,7.95173],[3.28798,7.99492],[3.2489,8.01873],[3.22981,8.07074],[3.29707,8.14391],[3.29253,8.19152],[3.34161,8.20386],[3.37706,8.16948],[3.41978,8.16155],[3.42524,8.0681],[3.45796,8.04958],[3.46523,7.9676],[3.44069,7.91382],[3.35343,7.83624]]]}},{"type":"Feature","properties":{"name":"Nkanu West","id":"nkanu-west"},"geometry":{"type":"Polygon","coordinates":[[[7.46104,6.37897],[7.55648,6.36134],[7.57921,6.39396],[7.56557,6.34106],[7.6392,6.32784],[7.62284,6.28993],[7.56012,6.26701],[7.5383,6.21764],[7.50467,6.23703],[7.50376,6.2723],[7.44195,6.28905],[7.43196,6.31109],[7.42377,6.35605],[7.46104,6.37897]]]}},{"type":"Feature","properties":{"name":"Afikpo North","id":"afikpo-north"},"geometry":{"type":"Polygon","coordinates":[[[7.97006,5.76803],[7.91643,5.74775],[7.89007,5.76979],[7.88735,5.86941],[7.86917,5.87734],[7.83735,5.94875],[7.85281,5.96727],[7.91371,5.9752],[7.99279,5.98402],[7.98733,5.88528],[7.93189,5.8218],[7.97006,5.76803]]]}},{"type":"Feature","properties":{"name":"Donga","id":"donga"},"geometry":{"type":"Polygon","coordinates":[[[10.75513,7.61672],[10.60697,7.48008],[10.56243,7.44834],[10.48062,7.35313],[10.42063,7.31786],[10.40245,7.25703],[10.32337,7.24734],[10.26793,7.27819],[10.23157,7.34607],[10.24702,7.43423],[10.06704,7.55854],[10.01705,7.58675],[9.90434,7.60791],[9.8398,7.5797],[9.8298,7.58763],[9.79799,7.61496],[9.86525,7.68813],[9.94888,7.73133],[10.02796,7.82037],[10.11158,7.88208],[10.16976,7.9482],[10.20521,8.00462],[10.27247,8.06722],[10.32792,8.00462],[10.34246,7.95966],[10.37337,7.80891],[10.37609,7.75161],[10.357,7.69518],[10.31519,7.6608],[10.35882,7.57264],[10.43972,7.50035],[10.50607,7.51534],[10.56152,7.56295],[10.70423,7.62995],[10.75513,7.61672]]]}},{"type":"Feature","properties":{"name":"Oji-River","id":"oji-river"},"geometry":{"type":"Polygon","coordinates":[[[7.29016,6.27847],[7.36469,6.21411],[7.39832,6.16298],[7.4165,6.10039],[7.39832,6.06865],[7.40287,6.01487],[7.33924,6.0422],[7.30924,6.07923],[7.27107,6.07923],[7.22926,6.12772],[7.2238,6.19119],[7.18926,6.23968],[7.15018,6.22822],[7.1429,6.28905],[7.16017,6.30315],[7.2438,6.2626],[7.29016,6.27847]]]}},{"type":"Feature","properties":{"name":"Oyun","id":"oyun"},"geometry":{"type":"Polygon","coordinates":[[[4.79959,8.06545],[4.72142,8.06457],[4.66598,8.04341],[4.62144,8.07603],[4.56872,8.05487],[4.52781,8.07603],[4.57326,8.12628],[4.5978,8.18623],[4.59053,8.25147],[4.6378,8.32728],[4.6887,8.28585],[4.74778,8.21003],[4.78596,8.18006],[4.81505,8.13069],[4.79959,8.06545]],[[4.65052,8.16243],[4.68415,8.12452],[4.72778,8.12364],[4.72324,8.19328],[4.69415,8.21709],[4.65052,8.16243]]]}},{"type":"Feature","properties":{"name":"Ogbia","id":"ogbia"},"geometry":{"type":"Polygon","coordinates":[[[6.20213,4.64224],[6.20667,4.77183],[6.23848,4.85205],[6.33938,4.90759],[6.4221,4.98165],[6.43391,4.93052],[6.39846,4.8644],[6.4021,4.82737],[6.46118,4.71364],[6.38665,4.6202],[6.33847,4.62108],[6.29302,4.66251],[6.20213,4.64224]]]}},{"type":"Feature","properties":{"name":"Asari-Toru","id":"asari-toru"},"geometry":{"type":"Polygon","coordinates":[[[6.90476,4.75155],[6.91294,4.65634],[6.83386,4.65987],[6.79295,4.72775],[6.77568,4.74714],[6.78477,4.82032],[6.81295,4.84236],[6.86203,4.82472],[6.87567,4.778],[6.90476,4.75155]]]}},{"type":"Feature","properties":{"name":"Uyo","id":"uyo"},"geometry":{"type":"Polygon","coordinates":[[[7.82917,4.98606],[7.83372,5.03366],[7.87735,5.04512],[7.93461,5.07686],[7.97461,5.06804],[8.03187,5.02132],[8.0246,4.98165],[7.99097,4.95167],[7.9337,5.00104],[7.89189,4.99135],[7.82917,4.98606]]]}},{"type":"Feature","properties":{"name":"Ikono","id":"ikono"},"geometry":{"type":"Polygon","coordinates":[[[7.78736,5.09096],[7.75464,5.1421],[7.771,5.2232],[7.72191,5.27698],[7.72101,5.29726],[7.80736,5.28932],[7.84372,5.24701],[7.82917,5.03983],[7.78736,5.09096]]]}},{"type":"Feature","properties":{"name":"Baruten","id":"baruten"},"geometry":{"type":"Polygon","coordinates":[[[2.75624,8.57501],[2.74261,8.77072],[2.78351,9.01669],[2.79442,9.05724],[2.90531,9.07928],[2.96803,9.08104],[2.98712,9.06077],[3.09528,9.09074],[3.16618,9.30321],[3.16709,9.3658],[3.14164,9.44073],[3.17164,9.49627],[3.28526,9.63645],[3.35252,9.70345],[3.33071,9.75546],[3.34161,9.80748],[3.36616,9.83745],[3.4716,9.85596],[3.52522,9.8445],[3.60976,9.94765],[3.67611,10.10369],[3.68429,10.15659],[3.73065,10.06843],[3.77155,10.04727],[3.797,10.06578],[3.79882,10.02787],[3.67702,9.63292],[3.71702,9.53066],[3.72429,9.36492],[3.77064,9.14716],[3.75337,9.12072],[3.74338,9.04666],[3.69156,8.99641],[3.59612,8.99906],[3.59976,8.95674],[3.52522,8.92853],[3.41888,8.86241],[3.38797,8.84213],[3.23708,8.78219],[3.16346,8.80863],[3.10346,8.75045],[3.01439,8.70989],[2.92076,8.61204],[2.8026,8.61028],[2.75624,8.57501]]]}},{"type":"Feature","properties":{"name":"Lagelu","id":"lagelu"},"geometry":{"type":"Polygon","coordinates":[[[4.14877,7.47743],[4.13696,7.45892],[4.09424,7.43423],[3.94426,7.40338],[3.94062,7.41925],[3.93699,7.42277],[3.94789,7.48272],[4.00516,7.51534],[3.97698,7.5603],[3.98607,7.59468],[4.06333,7.6511],[4.07606,7.65287],[4.09333,7.62113],[4.1415,7.59292],[4.15423,7.56823],[4.14877,7.47743]]]}},{"type":"Feature","properties":{"name":"Idah","id":"idah"},"geometry":{"type":"Polygon","coordinates":[[[6.67933,6.97228],[6.67751,7.03399],[6.71569,7.12303],[6.75387,7.13978],[6.78932,7.12215],[6.80022,7.0525],[6.72296,7.02165],[6.67933,6.97228]]]}},{"type":"Feature","properties":{"name":"Machina","id":"machina"},"geometry":{"type":"Polygon","coordinates":[[[9.76527,12.79607],[9.68073,12.82075],[9.66165,12.83398],[9.87343,13.07553],[9.94524,13.12137],[9.96251,13.15576],[10.14794,13.25978],[10.22429,13.28006],[10.21884,13.24392],[10.17885,13.16457],[10.26065,13.08876],[10.23429,13.00853],[10.1743,13.00236],[9.98796,12.95652],[9.92979,12.91861],[9.89616,12.85249],[9.85798,12.81987],[9.76527,12.79607]]]}},{"type":"Feature","properties":{"name":"Ibaji","id":"ibaji"},"geometry":{"type":"Polygon","coordinates":[[[6.67933,6.97228],[6.72296,7.02165],[6.80022,7.0525],[6.95384,6.95377],[6.96566,6.90175],[6.96111,6.84092],[6.95202,6.8083],[6.89657,6.79244],[6.86113,6.75365],[6.79932,6.67959],[6.80841,6.58967],[6.76387,6.56322],[6.66206,6.55793],[6.65297,6.63463],[6.61752,6.70516],[6.62389,6.79332],[6.61116,6.82241],[6.67297,6.93525],[6.67933,6.97228]]]}},{"type":"Feature","properties":{"name":"Municipal Area Council","id":"municipal-area-council"},"geometry":{"type":"Polygon","coordinates":[[[7.55285,8.76191],[7.4774,8.63143],[7.3356,8.63937],[7.34288,8.6808],[7.38832,8.72929],[7.4974,8.73017],[7.48013,8.78395],[7.48195,8.8677],[7.40923,8.87652],[7.41196,8.90825],[7.3347,8.92148],[7.32742,8.88357],[7.22926,8.91971],[7.19108,8.90649],[7.11564,8.92677],[7.15199,8.96996],[7.15472,9.01581],[7.21926,9.06341],[7.21835,9.09251],[7.27743,9.13306],[7.34379,9.14364],[7.37469,9.12336],[7.58921,9.10132],[7.59466,8.85624],[7.55285,8.76191]]]}},{"type":"Feature","properties":{"name":"Kaiama","id":"kaiama"},"geometry":{"type":"Polygon","coordinates":[[[3.77064,9.14716],[3.72429,9.36492],[3.71702,9.53066],[3.67702,9.63292],[3.79882,10.02787],[3.797,10.06578],[3.86427,10.04991],[3.89063,10.01553],[3.9488,9.99173],[3.93426,9.92737],[4.00243,9.90621],[4.02152,9.85684],[4.08333,9.85155],[4.09515,9.878],[4.15241,9.86213],[4.1715,9.81982],[4.28239,9.69463],[4.35056,9.58796],[4.44328,9.5095],[4.50145,9.44073],[4.60962,9.36139],[4.63962,9.30849],[4.73778,9.26882],[4.75414,9.24767],[4.76414,9.14981],[4.74869,9.0881],[4.72142,9.06518],[4.5878,9.08281],[4.50236,9.06782],[4.42783,9.03608],[4.33511,8.98054],[4.31602,8.99729],[4.25331,8.96732],[4.21058,8.96996],[4.01243,9.03432],[3.97243,9.07752],[3.94426,9.14805],[3.92153,9.17273],[3.82609,9.18243],[3.77064,9.14716]]]}},{"type":"Feature","properties":{"name":"Bakura","id":"bakura"},"geometry":{"type":"Polygon","coordinates":[[[5.74946,12.28915],[5.75037,12.32354],[5.77219,12.38348],[5.71765,12.48663],[5.72855,12.55099],[5.7231,12.62063],[5.67765,12.63209],[5.69401,12.6894],[5.67493,12.73524],[5.64948,12.76874],[5.58857,12.804],[5.63493,12.88335],[5.73401,12.82692],[5.81309,12.83927],[5.85217,12.81017],[5.88308,12.82075],[5.96125,12.75463],[6.02397,12.74846],[6.03397,12.78373],[6.10032,12.77932],[6.09123,12.70703],[6.10487,12.67265],[6.03215,12.61093],[5.99943,12.55363],[5.94762,12.50867],[5.94398,12.47076],[5.90308,12.44784],[5.87581,12.35527],[5.88581,12.31384],[5.84127,12.29268],[5.81854,12.24155],[5.74946,12.28915]]]}},{"type":"Feature","properties":{"name":"Nguru","id":"nguru"},"geometry":{"type":"Polygon","coordinates":[[[10.23429,13.00853],[10.26065,13.08876],[10.3461,13.10991],[10.43154,13.15488],[10.43881,13.12402],[10.39336,13.09052],[10.42881,13.04203],[10.46972,13.02969],[10.44699,12.9715],[10.46972,12.94153],[10.51425,12.94418],[10.53698,12.91067],[10.58243,12.89657],[10.59606,12.86131],[10.52425,12.86395],[10.43608,12.81723],[10.38518,12.84103],[10.33064,12.8472],[10.32519,12.81105],[10.26429,12.95475],[10.28156,12.97944],[10.23429,13.00853]]]}},{"type":"Feature","properties":{"name":"Gummi","id":"gummi"},"geometry":{"type":"Polygon","coordinates":[[[5.27044,11.77959],[5.23771,11.75579],[5.18227,11.79194],[5.17772,11.74433],[5.10319,11.73816],[5.05138,11.72053],[5.00047,11.74786],[4.94139,11.73111],[4.91958,11.79017],[4.94412,11.88098],[4.86686,11.93299],[4.87413,12.11812],[4.8614,12.15956],[4.87504,12.23009],[4.95048,12.23097],[4.95321,12.31472],[4.99775,12.30061],[5.12409,12.28563],[5.16045,12.31648],[5.27589,12.34205],[5.31134,12.35615],[5.34861,12.28386],[5.40315,12.26623],[5.39769,12.19659],[5.34679,12.13311],[5.36951,12.07581],[5.35952,11.97971],[5.30589,11.96208],[5.28862,11.92682],[5.24771,11.92153],[5.23135,11.88538],[5.27044,11.77959]]]}},{"type":"Feature","properties":{"name":"Ajingi","id":"ajingi"},"geometry":{"type":"Polygon","coordinates":[[[8.90539,11.92065],[8.86357,11.91183],[8.86357,11.9612],[8.89812,12.02556],[8.94538,12.07228],[9.07445,12.07316],[9.08445,12.02732],[9.14535,12.03966],[9.19898,12.08286],[9.22807,12.0141],[9.22262,11.98941],[9.20171,11.90478],[9.16717,11.88627],[9.14354,11.84131],[9.07536,11.83954],[9.099,11.89685],[8.9572,11.9471],[8.90539,11.92065]]]}},{"type":"Feature","properties":{"name":"Port-Harcourt","id":"port-harcourt"},"geometry":{"type":"Polygon","coordinates":[[[6.98838,4.76125],[6.95748,4.77447],[6.97656,4.80709],[7.02474,4.82913],[7.0611,4.80709],[7.04292,4.74891],[6.98838,4.76125]]]}},{"type":"Feature","properties":{"name":"Augie","id":"augie"},"geometry":{"type":"Polygon","coordinates":[[[4.75051,12.75111],[4.73051,12.70174],[4.66598,12.70526],[4.58417,12.73524],[4.55145,12.76874],[4.54963,12.80224],[4.45146,12.85513],[4.46964,12.89481],[4.54417,12.91949],[4.56054,12.96269],[4.51418,12.96445],[4.476,13.0006],[4.55508,13.11168],[4.62325,13.07024],[4.70233,13.07289],[4.72506,13.04908],[4.67779,12.99883],[4.66052,12.95916],[4.77505,12.85425],[4.80686,12.81987],[4.75051,12.75111]]]}},{"type":"Feature","properties":{"name":"Kebbe","id":"kebbe"},"geometry":{"type":"Polygon","coordinates":[[[4.87504,12.23009],[4.8614,12.15956],[4.87413,12.11812],[4.86686,11.93299],[4.94412,11.88098],[4.91958,11.79017],[4.94139,11.73111],[4.93412,11.72229],[4.89958,11.70907],[4.84413,11.75226],[4.80232,11.75755],[4.73142,11.70025],[4.66688,11.66763],[4.58599,11.65529],[4.54599,11.63413],[4.54236,11.56008],[4.52236,11.5301],[4.48236,11.53187],[4.49691,11.55214],[4.41965,11.61385],[4.42692,11.67028],[4.37511,11.71436],[4.36874,11.74697],[4.3951,11.75667],[4.43601,11.71083],[4.50963,11.75579],[4.54872,11.79546],[4.55054,11.89156],[4.5669,11.91977],[4.5878,12.03878],[4.6278,12.05465],[4.6278,12.11372],[4.66507,12.17014],[4.69779,12.1578],[4.70324,12.22568],[4.75778,12.23626],[4.87504,12.23009]]]}},{"type":"Feature","properties":{"name":"Surulere","id":"surulere"},"geometry":{"type":"Polygon","coordinates":[[[4.52781,8.07603],[4.56872,8.05487],[4.55326,7.97553],[4.52236,7.95525],[4.45782,7.94115],[4.42874,7.88913],[4.39692,7.89619],[4.36693,7.94027],[4.33966,7.94291],[4.29148,8.05575],[4.31511,8.07603],[4.32693,8.14568],[4.30784,8.20739],[4.27967,8.20827],[4.32148,8.26822],[4.39147,8.30436],[4.48055,8.21091],[4.49509,8.11747],[4.52781,8.07603]]]}},{"type":"Feature","properties":{"name":"Ringim","id":"ringim"},"geometry":{"type":"Polygon","coordinates":[[[9.22262,11.98941],[9.22807,12.0141],[9.19898,12.08286],[9.14535,12.03966],[9.08445,12.02732],[9.07445,12.07316],[8.94538,12.07228],[8.93811,12.11372],[8.95265,12.18513],[8.90993,12.30061],[8.95811,12.31384],[9.14535,12.3253],[9.11354,12.28298],[9.17989,12.23185],[9.27261,12.1913],[9.27079,12.15427],[9.33624,12.16573],[9.34896,12.11812],[9.31987,12.10049],[9.31897,12.05729],[9.22262,11.98941]]]}},{"type":"Feature","properties":{"name":"Emuoha","id":"emuoha"},"geometry":{"type":"MultiPolygon","coordinates":[[[[6.9293,4.78153],[6.90476,4.75155],[6.87567,4.778],[6.86203,4.82472],[6.81295,4.84236],[6.78477,4.82032],[6.74114,4.82561],[6.72569,4.86792],[6.66752,4.8882],[6.67206,4.98782],[6.71205,5.01779],[6.69933,5.0557],[6.72478,5.09625],[6.84658,5.02661],[6.84658,4.95256],[6.86749,4.91288],[6.8993,4.90407],[6.92384,4.84324],[6.9293,4.78153]]],[[[6.72205,5.10507],[6.69842,5.11565],[6.6757,5.17912],[6.68479,5.21439],[6.72024,5.2426],[6.72478,5.29373],[6.76114,5.31577],[6.81659,5.25935],[6.81022,5.22761],[6.83113,5.17207],[6.79841,5.13152],[6.75387,5.15797],[6.72205,5.10507]]]]}},{"type":"Feature","properties":{"name":"Isi-Uzo","id":"isi-uzo"},"geometry":{"type":"Polygon","coordinates":[[[7.60466,6.78097],[7.62102,6.8418],[7.6701,6.81624],[7.68828,6.85238],[7.71192,6.8612],[7.79191,6.88941],[7.86371,6.87971],[7.89007,6.83475],[7.87826,6.75982],[7.81736,6.63728],[7.7201,6.64697],[7.69101,6.63816],[7.70464,6.57821],[7.64647,6.57027],[7.58921,6.56234],[7.55376,6.5932],[7.5983,6.65579],[7.59466,6.74307],[7.60466,6.78097]]]}},{"type":"Feature","properties":{"name":"Yenegoa","id":"yenegoa"},"geometry":{"type":"Polygon","coordinates":[[[6.23848,4.85205],[6.15668,4.84941],[6.14759,4.94021],[6.20758,4.97371],[6.26121,5.02308],[6.28302,5.06099],[6.35847,5.09361],[6.39574,5.13769],[6.38846,5.19323],[6.48663,5.24084],[6.53117,5.28491],[6.55299,5.1897],[6.49299,5.16326],[6.41119,5.00457],[6.4221,4.98165],[6.33938,4.90759],[6.23848,4.85205]]]}},{"type":"Feature","properties":{"name":"Ilorin East","id":"ilorin-east"},"geometry":{"type":"MultiPolygon","coordinates":[[[[4.54872,8.49391],[4.53327,8.52476],[4.57144,8.53181],[4.5669,8.47187],[4.56054,8.48068],[4.54872,8.49391]]],[[[4.76869,8.47892],[4.69234,8.48862],[4.60235,8.53622],[4.67961,8.57413],[4.82504,8.69314],[4.88049,8.74604],[4.96593,8.6905],[4.91412,8.57237],[4.86504,8.57325],[4.83141,8.54768],[4.75142,8.53093],[4.76869,8.47892]]]]}},{"type":"Feature","properties":{"name":"Alkaleri","id":"alkaleri"},"geometry":{"type":"Polygon","coordinates":[[[10.96874,9.61529],[10.91693,9.55446],[10.77331,9.4469],[10.61788,9.46277],[10.54061,9.48393],[10.4888,9.5527],[10.38245,9.59766],[10.26065,9.6867],[10.15249,9.67876],[10.1034,9.71932],[10.04159,9.73078],[9.97251,9.69992],[9.9307,9.71579],[9.8898,9.75282],[9.91434,9.84891],[9.84071,9.86478],[9.82071,9.9115],[9.84344,9.93002],[9.89979,9.93178],[9.93161,9.90181],[9.98615,9.94941],[9.97251,9.96528],[10.03978,10.02875],[10.06159,10.00407],[10.10613,10.10369],[10.15794,10.11251],[10.18612,10.16099],[10.18066,10.19097],[10.24702,10.22799],[10.27974,10.28001],[10.4179,10.27736],[10.53243,10.25092],[10.58061,10.25444],[10.63787,10.21389],[10.70332,10.27119],[10.75695,10.23593],[10.85512,10.24122],[10.80058,10.13455],[10.73877,10.12132],[10.71786,10.04991],[10.85784,9.95558],[10.9451,9.88065],[10.97783,9.81012],[10.95965,9.67964],[10.9851,9.64174],[10.96874,9.61529]]]}},{"type":"Feature","properties":{"name":"Omumma","id":"omumma"},"geometry":{"type":"Polygon","coordinates":[[[7.18381,4.94991],[7.17744,5.03719],[7.22744,5.19499],[7.26471,5.21527],[7.27107,5.21174],[7.29288,5.17295],[7.25652,5.07774],[7.22835,4.97107],[7.18381,4.94991]]]}},{"type":"Feature","properties":{"name":"Birnin Kudu","id":"birnin-kudu"},"geometry":{"type":"Polygon","coordinates":[[[9.6262,11.23653],[9.61529,11.24006],[9.59529,11.24799],[9.60983,11.31588],[9.51167,11.31323],[9.49712,11.27797],[9.41168,11.30001],[9.35169,11.34321],[9.28715,11.34938],[9.19535,11.32646],[9.23261,11.4058],[9.22989,11.44547],[9.28443,11.50277],[9.33078,11.51688],[9.35987,11.56096],[9.42077,11.55831],[9.48076,11.61385],[9.52439,11.64824],[9.53712,11.6835],[9.63983,11.73287],[9.66437,11.7267],[9.67255,11.65617],[9.62711,11.61033],[9.64892,11.46134],[9.64619,11.35643],[9.66165,11.28502],[9.6262,11.23653]]]}},{"type":"Feature","properties":{"name":"Takum","id":"takum"},"geometry":{"type":"Polygon","coordinates":[[[9.8398,7.5797],[9.90434,7.60791],[10.01705,7.58675],[10.06704,7.55854],[10.24702,7.43423],[10.23157,7.34607],[10.26793,7.27819],[10.2352,7.20678],[10.16067,7.28524],[10.02887,7.25615],[9.99524,7.21736],[9.91525,7.24381],[9.89343,7.21031],[9.88525,7.09482],[9.92615,7.09129],[9.96524,7.02341],[10.06068,6.99696],[10.10068,6.96787],[9.87434,6.77568],[9.79526,6.80125],[9.70891,6.52091],[9.63801,6.52355],[9.59802,6.49975],[9.62256,6.66372],[9.64619,6.73866],[9.64528,6.8947],[9.738,7.07807],[9.82435,7.1724],[9.84071,7.27995],[9.88252,7.41396],[9.88434,7.50829],[9.8398,7.5797]]]}},{"type":"Feature","properties":{"name":"Esan South-East","id":"esan-south-east"},"geometry":{"type":"Polygon","coordinates":[[[6.62389,6.79332],[6.61752,6.70516],[6.65297,6.63463],[6.66206,6.55793],[6.66933,6.50151],[6.64661,6.48917],[6.57571,6.49534],[6.52299,6.4874],[6.41301,6.39572],[6.3621,6.38426],[6.2903,6.36222],[6.28121,6.36046],[6.30666,6.41335],[6.28121,6.43186],[6.29757,6.47947],[6.26121,6.52708],[6.29575,6.57292],[6.32484,6.57997],[6.35029,6.6267],[6.33847,6.66813],[6.37392,6.70428],[6.42937,6.71397],[6.43118,6.77568],[6.53026,6.79332],[6.62389,6.79332]]]}},{"type":"Feature","properties":{"name":"Ifedayo","id":"ifedayo"},"geometry":{"type":"Polygon","coordinates":[[[4.94685,7.90236],[4.94594,7.90148],[4.92321,7.95173],[4.97048,7.98082],[4.99866,8.03019],[5.05501,8.04958],[5.05774,8.03989],[5.02047,7.96054],[4.94685,7.90236]]]}},{"type":"Feature","properties":{"name":"Ori Ire","id":"ori-ire"},"geometry":{"type":"Polygon","coordinates":[[[3.85336,8.22326],[3.857,8.32728],[3.90426,8.37313],[3.93153,8.46922],[4.04788,8.50625],[4.18786,8.50008],[4.26876,8.55562],[4.39147,8.30436],[4.32148,8.26822],[4.27967,8.20827],[4.23967,8.21444],[4.19786,8.19064],[4.19786,8.12628],[4.17604,8.09543],[4.13787,8.02754],[4.13878,8.02314],[4.08787,7.94203],[4.07878,7.95349],[4.04515,7.97994],[4.0497,8.01961],[4.02152,8.11658],[3.98062,8.13951],[3.9888,8.18887],[3.89881,8.18711],[3.85336,8.22326]]]}},{"type":"Feature","properties":{"name":"Ifelodun","id":"ifelodun"},"geometry":{"type":"Polygon","coordinates":[[[4.74778,8.21003],[4.6887,8.28585],[4.6378,8.32728],[4.66143,8.35902],[4.59962,8.40839],[4.5978,8.4269],[4.59326,8.4366],[4.66961,8.39605],[4.72415,8.38106],[4.77142,8.41192],[4.76869,8.47892],[4.75142,8.53093],[4.83141,8.54768],[4.86504,8.57325],[4.91412,8.57237],[4.96593,8.6905],[4.88049,8.74604],[4.81505,8.84654],[4.78141,8.92148],[4.81323,8.97437],[4.87776,9.0211],[4.89049,9.05724],[4.90776,9.01933],[4.89322,8.94792],[4.86322,8.9012],[4.87776,8.86946],[4.92503,8.86682],[4.99775,8.82891],[5.05138,8.81745],[5.09864,8.72929],[5.23681,8.66053],[5.27407,8.65612],[5.32679,8.70549],[5.35588,8.67639],[5.41405,8.68609],[5.42405,8.61292],[5.42042,8.53358],[5.44678,8.4798],[5.34224,8.37489],[5.32407,8.33346],[5.28134,8.27351],[5.23953,8.25499],[5.1759,8.25235],[5.17772,8.2929],[5.13409,8.36431],[4.98502,8.34668],[4.90685,8.3696],[4.8205,8.35902],[4.81686,8.3026],[4.78959,8.23384],[4.74778,8.21003]]]}},{"type":"Feature","properties":{"name":"Maradun","id":"maradun"},"geometry":{"type":"Polygon","coordinates":[[[6.10487,12.67265],[6.09123,12.70703],[6.10032,12.77932],[6.03397,12.78373],[6.00579,12.91949],[6.05578,12.9671],[6.04669,13.03145],[6.14395,13.07906],[6.21031,13.01823],[6.3512,13.01823],[6.43209,13.03322],[6.45482,12.99795],[6.36483,12.97768],[6.40482,12.9477],[6.39664,12.9239],[6.34211,12.90274],[6.40482,12.83221],[6.43755,12.86924],[6.48572,12.81723],[6.48572,12.78549],[6.43118,12.78284],[6.38483,12.75199],[6.42119,12.71849],[6.51481,12.75375],[6.56753,12.73876],[6.55026,12.67793],[6.5239,12.65325],[6.41755,12.64003],[6.42028,12.56685],[6.3921,12.5025],[6.44846,12.49545],[6.50118,12.44696],[6.45664,12.40993],[6.44482,12.36673],[6.39846,12.37202],[6.33938,12.40112],[6.28302,12.40817],[6.2203,12.45048],[6.16849,12.43462],[6.14123,12.50426],[6.1485,12.59507],[6.10941,12.63826],[6.10487,12.67265]]]}},{"type":"Feature","properties":{"name":"Aninri","id":"aninri"},"geometry":{"type":"Polygon","coordinates":[[[7.53467,6.17444],[7.55557,6.1286],[7.61466,6.14358],[7.66919,6.06336],[7.67556,6.00958],[7.71101,5.97079],[7.70737,5.93377],[7.66465,5.93024],[7.57284,5.96903],[7.53012,6.00606],[7.51285,6.02104],[7.55467,6.07835],[7.50013,6.13741],[7.53467,6.17444]]]}},{"type":"Feature","properties":{"name":"Abakaliki","id":"abakaliki"},"geometry":{"type":"Polygon","coordinates":[[[8.03369,6.20353],[8.06369,6.23527],[8.0855,6.32431],[8.1364,6.35693],[8.15367,6.28905],[8.26093,6.31373],[8.32092,6.31814],[8.39182,6.30668],[8.41818,6.26084],[8.40091,6.21676],[8.34001,6.26172],[8.26184,6.19119],[8.21548,6.18855],[8.18821,6.21499],[8.1264,6.18326],[8.08459,6.20441],[8.03369,6.20353]]]}},{"type":"Feature","properties":{"name":"Pategi","id":"pategi"},"geometry":{"type":"Polygon","coordinates":[[[5.44678,8.4798],[5.42042,8.53358],[5.42405,8.61292],[5.41405,8.68609],[5.46223,8.73987],[5.43041,8.78483],[5.43041,8.8483],[5.54858,8.91266],[5.6422,8.83508],[5.72855,8.82009],[5.76037,8.77337],[5.79582,8.74163],[5.92853,8.74251],[6.03306,8.75926],[6.12759,8.75309],[6.14941,8.72047],[6.20849,8.73193],[6.17031,8.66317],[6.12486,8.55562],[6.11305,8.44189],[6.08305,8.40134],[6.04033,8.3934],[5.91217,8.42426],[5.78309,8.42779],[5.68856,8.45247],[5.64311,8.46305],[5.52404,8.5371],[5.50313,8.53446],[5.44678,8.4798]]]}},{"type":"Feature","properties":{"name":"Biriniwa","id":"biriniwa"},"geometry":{"type":"Polygon","coordinates":[[[9.76527,12.79607],[9.85798,12.81987],[9.89616,12.85249],[9.92979,12.91861],[9.98796,12.95652],[10.1743,13.00236],[10.23429,13.00853],[10.28156,12.97944],[10.26429,12.95475],[10.32519,12.81105],[10.35155,12.77403],[10.30701,12.77667],[10.18794,12.69557],[10.08522,12.68675],[10.05068,12.65237],[9.98251,12.63297],[9.85344,12.62504],[9.86253,12.66471],[9.76527,12.79607]]]}},{"type":"Feature","properties":{"name":"Ussa","id":"ussa"},"geometry":{"type":"Polygon","coordinates":[[[10.10068,6.96787],[10.06068,6.99696],[9.96524,7.02341],[9.92615,7.09129],[9.88525,7.09482],[9.89343,7.21031],[9.91525,7.24381],[9.99524,7.21736],[10.02887,7.25615],[10.16067,7.28524],[10.2352,7.20678],[10.23248,7.14066],[10.16521,7.02077],[10.10068,6.96787]]]}},{"type":"Feature","properties":{"name":"Silame","id":"silame"},"geometry":{"type":"Polygon","coordinates":[[[4.77505,12.85425],[4.66052,12.95916],[4.67779,12.99883],[4.72506,13.04908],[4.70233,13.07289],[4.74506,13.10551],[4.85413,13.12402],[4.88958,13.09405],[4.98502,13.08435],[5.01593,13.07906],[5.0132,13.01382],[4.9832,13.02087],[4.96412,12.93095],[4.9123,12.93183],[4.8614,12.87365],[4.77505,12.85425]]]}},{"type":"Feature","properties":{"name":"Takai","id":"takai"},"geometry":{"type":"Polygon","coordinates":[[[9.35987,11.56096],[9.33078,11.51688],[9.28443,11.50277],[9.22989,11.44547],[9.23261,11.4058],[9.19535,11.32646],[9.1299,11.3291],[9.04719,11.42167],[9.03173,11.45341],[9.03355,11.52834],[9.03082,11.55567],[9.06173,11.56625],[9.07718,11.61297],[9.1599,11.65264],[9.16899,11.5733],[9.22443,11.56184],[9.32715,11.57683],[9.35987,11.56096]]]}},{"type":"Feature","properties":{"name":"Bwari","id":"bwari"},"geometry":{"type":"Polygon","coordinates":[[[7.58921,9.10132],[7.37469,9.12336],[7.34379,9.14364],[7.27743,9.13306],[7.21835,9.09251],[7.22108,9.11543],[7.37833,9.33671],[7.50922,9.35522],[7.54194,9.38696],[7.64738,9.409],[7.72373,9.32965],[7.66738,9.30409],[7.5883,9.12865],[7.58921,9.10132]]]}},{"type":"Feature","properties":{"name":"Edu","id":"edu"},"geometry":{"type":"Polygon","coordinates":[[[5.41405,8.68609],[5.35588,8.67639],[5.32679,8.70549],[5.27407,8.65612],[5.23681,8.66053],[5.09864,8.72929],[5.05138,8.81745],[4.99775,8.82891],[4.92503,8.86682],[4.87776,8.86946],[4.86322,8.9012],[4.89322,8.94792],[4.90776,9.01933],[4.89049,9.05724],[4.89776,9.11719],[4.87595,9.15774],[4.99684,9.20711],[5.15954,9.10661],[5.20863,9.0352],[5.32316,8.992],[5.37042,8.99641],[5.51222,8.9444],[5.54858,8.91266],[5.43041,8.8483],[5.43041,8.78483],[5.46223,8.73987],[5.41405,8.68609]]]}},{"type":"Feature","properties":{"name":"Jema'A","id":"jemaa"},"geometry":{"type":"Polygon","coordinates":[[[8.08732,9.23091],[8.06096,9.26618],[7.94098,9.31378],[8.00824,9.32348],[8.09277,9.42839],[8.07005,9.49539],[8.15186,9.50685],[8.16458,9.55093],[8.2273,9.50509],[8.24548,9.55887],[8.28184,9.57209],[8.31183,9.61264],[8.35092,9.543],[8.41364,9.55005],[8.45454,9.53242],[8.49908,9.57562],[8.55544,9.58179],[8.57816,9.49892],[8.51635,9.49363],[8.44727,9.43456],[8.41273,9.36932],[8.34728,9.32613],[8.2473,9.23973],[8.1864,9.23885],[8.13004,9.21505],[8.08732,9.23091]]]}},{"type":"Feature","properties":{"name":"Gumel","id":"gumel"},"geometry":{"type":"Polygon","coordinates":[[[9.47622,12.59242],[9.43168,12.55539],[9.40077,12.5598],[9.36351,12.54129],[9.32351,12.58272],[9.32078,12.66118],[9.34987,12.68234],[9.41168,12.70526],[9.47076,12.68146],[9.47622,12.59242]]]}},{"type":"Feature","properties":{"name":"Binji","id":"binji"},"geometry":{"type":"Polygon","coordinates":[[[4.70233,13.07289],[4.62325,13.07024],[4.55508,13.11168],[4.49782,13.16016],[4.51145,13.18397],[4.61962,13.24832],[4.69506,13.25538],[4.72778,13.35059],[4.85413,13.33384],[4.96502,13.28623],[4.94139,13.25802],[5.01593,13.18661],[5.07137,13.17339],[4.96593,13.11609],[4.98502,13.08435],[4.88958,13.09405],[4.85413,13.12402],[4.74506,13.10551],[4.70233,13.07289]]]}},{"type":"Feature","properties":{"name":"Kware","id":"kware"},"geometry":{"type":"Polygon","coordinates":[[[5.5404,12.9812],[5.44859,12.96445],[5.3986,12.99795],[5.37042,12.97591],[5.3177,12.99972],[5.29225,13.03057],[5.27044,13.06495],[5.24317,13.07994],[5.25771,13.15576],[5.19317,13.20336],[5.17863,13.23774],[5.135,13.24921],[5.16772,13.33648],[5.27407,13.33119],[5.29589,13.21571],[5.33679,13.22628],[5.34861,13.18309],[5.32679,13.11873],[5.36133,13.11256],[5.4086,13.08082],[5.45587,13.10991],[5.47859,13.03674],[5.51404,13.0341],[5.5404,12.9812]]]}},{"type":"Feature","properties":{"name":"Bunza","id":"bunza"},"geometry":{"type":"Polygon","coordinates":[[[3.99516,11.99911],[3.9388,12.07052],[3.87336,12.09168],[3.76428,12.09961],[3.797,12.13928],[3.78428,12.22127],[3.82155,12.24155],[3.83245,12.28563],[3.82609,12.37643],[3.87972,12.42668],[3.92062,12.40552],[3.99879,12.40552],[3.99061,12.33235],[4.00425,12.21686],[4.06788,12.23802],[4.09605,12.21863],[4.12514,12.26094],[4.15968,12.25036],[4.11787,12.17455],[4.13241,12.13752],[4.10514,12.07405],[3.99516,11.99911]]]}},{"type":"Feature","properties":{"name":"Mopa-Muro","id":"mopa-muro"},"geometry":{"type":"Polygon","coordinates":[[[5.8349,7.9244],[5.76946,7.97553],[5.75946,8.00286],[5.78946,8.05047],[5.82581,8.17653],[5.89944,8.25764],[5.96216,8.31318],[6.0276,8.34492],[6.08669,8.35373],[6.08941,8.32464],[6.05487,8.21091],[6.07123,8.16243],[6.0267,8.15449],[5.95761,8.09631],[5.90762,7.99933],[5.8349,7.9244]]]}},{"type":"Feature","properties":{"name":"Sokoto North","id":"sokoto-north"},"geometry":{"type":"Polygon","coordinates":[[[5.24317,13.07994],[5.27044,13.06495],[5.22317,13.04291],[5.24317,13.07994]]]}},{"type":"Feature","properties":{"name":"Musawa","id":"musawa"},"geometry":{"type":"Polygon","coordinates":[[[7.49467,12.08551],[7.52558,12.10755],[7.57375,12.13311],[7.66919,12.14634],[7.79827,12.21774],[7.79918,12.26359],[7.83099,12.26711],[7.8628,12.23273],[7.85553,12.14722],[7.88007,12.04407],[7.86553,12.02115],[7.73646,12.00881],[7.70828,12.04231],[7.65011,12.05818],[7.62011,12.04231],[7.5983,11.96032],[7.57103,11.96208],[7.51649,11.96208],[7.53649,12.0141],[7.49467,12.08551]]]}},{"type":"Feature","properties":{"name":"Ethiope West","id":"ethiope-west"},"geometry":{"type":"Polygon","coordinates":[[[5.89399,5.79888],[5.82581,5.77067],[5.77673,5.81475],[5.77219,5.85266],[5.69856,5.89057],[5.64039,5.94611],[5.58948,5.91878],[5.5713,5.99107],[5.60494,6.02281],[5.66856,6.0519],[5.764,5.99812],[5.81218,5.98402],[5.83309,5.94082],[5.92126,5.87734],[5.89399,5.79888]]]}},{"type":"Feature","properties":{"name":"Ishielu","id":"ishielu"},"geometry":{"type":"Polygon","coordinates":[[[7.73282,6.22645],[7.70919,6.27759],[7.72101,6.33136],[7.751,6.38514],[7.74191,6.49446],[7.72646,6.5597],[7.70464,6.57821],[7.69101,6.63816],[7.7201,6.64697],[7.81736,6.63728],[7.84644,6.59849],[7.79463,6.55176],[7.80554,6.4733],[7.84735,6.44421],[7.90098,6.45214],[7.92643,6.40894],[7.92007,6.34811],[7.8828,6.31726],[7.89371,6.26701],[7.85099,6.23174],[7.79191,6.19912],[7.77554,6.23615],[7.73282,6.22645]]]}},{"type":"Feature","properties":{"name":"Sakaba","id":"sakaba"},"geometry":{"type":"Polygon","coordinates":[[[5.33316,11.35643],[5.37042,11.40492],[5.41405,11.40227],[5.4186,11.3723],[5.49132,11.34144],[5.5004,11.28414],[5.48495,11.25417],[5.60312,11.24799],[5.68402,11.18452],[5.77673,11.16777],[5.79491,11.13515],[5.86763,11.10694],[5.80036,11.08226],[5.72946,10.9985],[5.63675,10.965],[5.58494,10.96677],[5.55676,10.94737],[5.5004,10.97558],[5.43041,10.99057],[5.3886,11.03729],[5.38678,11.09195],[5.40405,11.14661],[5.34861,11.3388],[5.33316,11.35643]]]}},{"type":"Feature","properties":{"name":"Kudan","id":"kudan"},"geometry":{"type":"Polygon","coordinates":[[[7.62466,11.21626],[7.61829,11.27797],[7.70646,11.30971],[7.72101,11.37054],[7.751,11.37142],[7.80554,11.37142],[7.87644,11.28149],[7.81372,11.29031],[7.81281,11.20303],[7.84099,11.19951],[7.81281,11.15366],[7.75646,11.19863],[7.74646,11.24447],[7.69646,11.21273],[7.62466,11.21626]]]}},{"type":"Feature","properties":{"name":"Kachia","id":"kachia"},"geometry":{"type":"Polygon","coordinates":[[[7.25107,9.52096],[7.2338,9.56504],[7.30561,9.62763],[7.27652,9.69022],[7.20471,9.75811],[7.21017,9.78015],[7.29288,9.811],[7.29652,9.87007],[7.27743,10.01641],[7.2538,10.03933],[7.3347,10.06049],[7.39923,10.11074],[7.44468,10.18391],[7.51013,10.19449],[7.55557,10.17245],[7.63738,10.03845],[7.69101,10.00495],[7.73646,10.012],[7.74827,9.97762],[7.80554,10.01818],[7.82008,10.06843],[7.89462,10.06754],[7.95188,10.13102],[7.99824,10.1178],[7.98461,10.07724],[8.02824,10.04022],[8.01097,9.94941],[8.04187,9.94941],[8.09005,9.88682],[8.08732,9.86125],[8.02278,9.8013],[8.06732,9.77133],[8.07096,9.73254],[8.13368,9.66907],[8.11641,9.62499],[8.07914,9.58179],[8.01733,9.57209],[7.94825,9.63468],[7.90007,9.67436],[7.83644,9.69199],[7.81554,9.64791],[7.74827,9.67612],[7.73464,9.60912],[7.64829,9.62675],[7.5683,9.57738],[7.51194,9.58708],[7.44832,9.61617],[7.43377,9.59325],[7.30834,9.57297],[7.29016,9.51391],[7.25107,9.52096]]]}},{"type":"Feature","properties":{"name":"Sabon Birni","id":"sabon-birni"},"geometry":{"type":"Polygon","coordinates":[[[6.05669,13.39379],[6.01124,13.46872],[5.96216,13.48812],[5.9158,13.56481],[5.92398,13.62124],[5.98216,13.71292],[6.07578,13.68207],[6.15577,13.64504],[6.23303,13.67325],[6.29666,13.67942],[6.40301,13.61154],[6.49572,13.56834],[6.55844,13.47754],[6.65297,13.37087],[6.53481,13.30563],[6.47936,13.31709],[6.41664,13.29152],[6.32393,13.31092],[6.21122,13.30475],[6.21031,13.3594],[6.16031,13.33825],[6.05669,13.39379]]]}},{"type":"Feature","properties":{"name":"Uzo-Uwani","id":"uzo-uwani"},"geometry":{"type":"Polygon","coordinates":[[[7.2029,6.90263],[7.30561,6.84709],[7.27561,6.7607],[7.30197,6.73689],[7.29743,6.67871],[7.22108,6.67695],[7.23562,6.57292],[7.18744,6.50239],[7.13836,6.52002],[7.05655,6.46448],[7.03292,6.4636],[7.04837,6.52708],[7.10927,6.5932],[7.12927,6.65931],[7.05019,6.68224],[6.99111,6.71309],[6.9393,6.70339],[6.91021,6.69634],[6.86113,6.75365],[6.89657,6.79244],[6.95202,6.8083],[6.96111,6.84092],[6.99111,6.78538],[7.04201,6.78274],[7.08109,6.80037],[7.17563,6.89646],[7.2029,6.90263]]]}},{"type":"Feature","properties":{"name":"Jaba","id":"jaba"},"geometry":{"type":"Polygon","coordinates":[[[8.16458,9.55093],[8.15186,9.50685],[8.07005,9.49539],[8.09277,9.42839],[8.00824,9.32348],[7.94098,9.31378],[7.91916,9.31731],[7.90643,9.32965],[7.95915,9.39754],[7.95552,9.46101],[7.92825,9.56768],[7.94825,9.63468],[8.01733,9.57209],[8.07914,9.58179],[8.11641,9.62499],[8.17185,9.56592],[8.16458,9.55093]]]}},{"type":"Feature","properties":{"name":"Ibesikpo Asutan","id":"ibesikpo-asutan"},"geometry":{"type":"Polygon","coordinates":[[[7.97642,4.83795],[7.92643,4.82208],[7.93916,4.84853],[7.90825,4.91377],[7.91643,4.93845],[7.89189,4.99135],[7.9337,5.00104],[7.99097,4.95167],[8.01915,4.90671],[7.97642,4.83795]]]}},{"type":"Feature","properties":{"name":"Sokoto South","id":"sokoto-south"},"geometry":{"type":"Polygon","coordinates":[[[5.27044,13.06495],[5.29225,13.03057],[5.24771,13.00589],[5.22317,13.04291],[5.27044,13.06495]]]}},{"type":"Feature","properties":{"name":"Yabo","id":"yabo"},"geometry":{"type":"Polygon","coordinates":[[[4.75051,12.75111],[4.80686,12.81987],[4.77505,12.85425],[4.8614,12.87365],[4.9123,12.93183],[4.96412,12.93095],[5.05774,12.9336],[5.10228,12.85778],[5.05865,12.83486],[5.08501,12.77403],[5.09864,12.73876],[5.0841,12.66383],[5.00411,12.67176],[4.96048,12.6365],[4.93412,12.6462],[4.86777,12.62857],[4.88049,12.72025],[4.8105,12.74582],[4.75051,12.75111]]]}},{"type":"Feature","properties":{"name":"Damboa","id":"damboa"},"geometry":{"type":"Polygon","coordinates":[[[12.45217,10.73755],[12.43672,10.83277],[12.37945,10.93415],[12.31491,11.02231],[12.15312,11.11928],[12.1204,11.14044],[12.10222,11.23742],[12.11312,11.26034],[12.18675,11.30177],[12.22038,11.35907],[12.24856,11.34056],[12.38672,11.38464],[12.44035,11.38993],[12.49034,11.32469],[12.46762,11.26651],[12.54034,11.20039],[12.57942,11.21714],[12.63487,11.21273],[12.75031,11.30089],[12.80575,11.30706],[12.82939,11.35731],[12.90392,11.27444],[13.10026,11.33968],[13.19207,11.32028],[13.21661,11.17306],[13.14298,11.12457],[13.21933,10.94385],[13.31387,10.91387],[13.3275,10.86538],[13.2366,10.898],[13.20843,10.86098],[13.15025,10.86098],[13.16025,10.95883],[13.09935,10.97029],[13.08753,10.94032],[13.04481,10.95266],[12.98391,10.94649],[12.75122,10.97382],[12.7294,11.00203],[12.67668,11.01702],[12.66032,10.91563],[12.61578,10.83277],[12.66668,10.78251],[12.58851,10.75783],[12.5467,10.81073],[12.45217,10.73755]]]}},{"type":"Feature","properties":{"name":"Matazu","id":"matazu"},"geometry":{"type":"Polygon","coordinates":[[[7.79918,12.26359],[7.79827,12.21774],[7.66919,12.14634],[7.57375,12.13311],[7.52558,12.10755],[7.54103,12.17895],[7.52921,12.19394],[7.54194,12.26888],[7.5174,12.32265],[7.51558,12.36673],[7.6092,12.34293],[7.65192,12.34469],[7.71737,12.30326],[7.77282,12.30326],[7.79918,12.26359]]]}},{"type":"Feature","properties":{"name":"Sandamu","id":"sandamu"},"geometry":{"type":"Polygon","coordinates":[[[8.24184,12.82604],[8.25093,12.87982],[8.26366,12.90098],[8.34274,12.92037],[8.34637,12.98914],[8.36637,13.01735],[8.41364,13.03762],[8.44636,12.95387],[8.46454,12.84456],[8.50181,12.83398],[8.44363,12.81634],[8.39818,12.82604],[8.33728,12.83574],[8.24184,12.82604]]]}},{"type":"Feature","properties":{"name":"Mashi","id":"mashi"},"geometry":{"type":"Polygon","coordinates":[[[7.86371,13.09052],[7.94188,13.1822],[7.93279,13.24656],[7.86099,13.24039],[7.84826,13.28006],[7.8119,13.30915],[7.82008,13.35235],[8.06187,13.31709],[8.08732,13.2254],[8.12095,13.16369],[8.11459,13.11344],[8.15731,13.07112],[8.16094,13.03851],[8.09732,13.00677],[8.05823,13.00853],[8.06369,12.93977],[8.03823,12.91596],[7.97733,12.93271],[7.93552,12.96798],[7.87553,13.03939],[7.86371,13.09052]]]}},{"type":"Feature","properties":{"name":"Dan Musa","id":"dan-musa"},"geometry":{"type":"Polygon","coordinates":[[[7.52558,12.10755],[7.49467,12.08551],[7.46286,12.09697],[7.43468,12.14281],[7.35833,12.11812],[7.27925,12.15339],[7.2538,12.10226],[7.17835,12.08903],[7.13018,12.06876],[7.11745,12.09432],[7.15654,12.18513],[7.15018,12.23185],[7.09291,12.28298],[7.06564,12.43197],[7.17199,12.45137],[7.19653,12.3394],[7.2638,12.34734],[7.29561,12.31296],[7.3347,12.32001],[7.37651,12.30767],[7.40014,12.26359],[7.49922,12.25565],[7.54194,12.26888],[7.52921,12.19394],[7.54103,12.17895],[7.52558,12.10755]]]}},{"type":"Feature","properties":{"name":"Kura","id":"kura"},"geometry":{"type":"Polygon","coordinates":[[[8.47181,11.717],[8.45909,11.73816],[8.3791,11.75755],[8.41182,11.82015],[8.44272,11.84659],[8.50999,11.84571],[8.60088,11.78576],[8.61815,11.75226],[8.56725,11.78136],[8.50181,11.75844],[8.47181,11.717]]]}},{"type":"Feature","properties":{"name":"Lere","id":"lere"},"geometry":{"type":"Polygon","coordinates":[[[8.81813,10.38051],[8.79904,10.30293],[8.7345,10.27472],[8.68633,10.21124],[8.67178,10.14601],[8.67996,10.01112],[8.61088,10.00143],[8.53817,10.03228],[8.43454,9.99437],[8.43454,9.9979],[8.4509,10.04462],[8.5009,10.09223],[8.48635,10.13102],[8.43909,10.17598],[8.3791,10.29588],[8.32819,10.24563],[8.32001,10.29676],[8.33001,10.35406],[8.36274,10.39373],[8.40727,10.40343],[8.41636,10.44398],[8.33456,10.62647],[8.3691,10.7067],[8.41455,10.73667],[8.4809,10.71551],[8.50635,10.65028],[8.54362,10.63176],[8.59361,10.64499],[8.64997,10.62383],[8.71087,10.5436],[8.78359,10.59738],[8.79268,10.56564],[8.77631,10.47925],[8.74905,10.44046],[8.81813,10.38051]]]}},{"type":"Feature","properties":{"name":"Zango","id":"zango"},"geometry":{"type":"Polygon","coordinates":[[[8.50181,12.83398],[8.46454,12.84456],[8.44636,12.95387],[8.41364,13.03762],[8.43454,13.0817],[8.51635,13.08347],[8.61543,13.02176],[8.6636,12.94329],[8.70814,12.93007],[8.72178,12.86483],[8.67178,12.85073],[8.62633,12.88246],[8.5518,12.83221],[8.50181,12.83398]]]}},{"type":"Feature","properties":{"name":"Wurno","id":"wurno"},"geometry":{"type":"Polygon","coordinates":[[[5.36133,13.11256],[5.32679,13.11873],[5.34861,13.18309],[5.33679,13.22628],[5.3886,13.30563],[5.42951,13.31004],[5.48495,13.37704],[5.49677,13.33648],[5.58948,13.28711],[5.71219,13.28888],[5.80491,13.31004],[5.85127,13.29152],[5.86126,13.22099],[5.72219,13.23774],[5.63402,13.25626],[5.52222,13.17868],[5.41587,13.14694],[5.36133,13.11256]]]}},{"type":"Feature","properties":{"name":"Gudu","id":"gudu"},"geometry":{"type":"Polygon","coordinates":[[[4.72778,13.35059],[4.69506,13.25538],[4.61962,13.24832],[4.51145,13.18397],[4.49782,13.16016],[4.46782,13.18044],[4.3742,13.20072],[4.30057,13.25978],[4.21422,13.26331],[4.12605,13.25009],[4.12605,13.46784],[4.2324,13.49958],[4.28785,13.54101],[4.39419,13.65386],[4.4451,13.67501],[4.63689,13.7235],[4.7087,13.75876],[4.80141,13.76846],[4.80777,13.71204],[4.7496,13.68736],[4.70415,13.65121],[4.75869,13.59479],[4.72324,13.54278],[4.76414,13.51633],[4.76142,13.44668],[4.72778,13.35059]]]}},{"type":"Feature","properties":{"name":"Gwiwa","id":"gwiwa"},"geometry":{"type":"Polygon","coordinates":[[[8.24184,12.82604],[8.33728,12.83574],[8.39818,12.82604],[8.40273,12.70615],[8.34456,12.65325],[8.28275,12.65061],[8.25275,12.6938],[8.16004,12.68411],[8.18549,12.73259],[8.14186,12.81105],[8.24184,12.82604]]]}},{"type":"Feature","properties":{"name":"Birnin Kebbi","id":"birnin-kebbi"},"geometry":{"type":"Polygon","coordinates":[[[4.47509,12.4064],[4.39238,12.41081],[4.40419,12.35263],[4.36056,12.33676],[4.29421,12.3253],[4.23513,12.33235],[4.1715,12.39847],[4.10605,12.37114],[4.0606,12.43902],[4.08515,12.48751],[4.05424,12.55628],[4.17332,12.65589],[4.22149,12.61182],[4.25967,12.54658],[4.28694,12.58008],[4.35875,12.58889],[4.35329,12.55716],[4.44782,12.55892],[4.44782,12.49368],[4.47509,12.4064]]]}},{"type":"Feature","properties":{"name":"Suru","id":"suru"},"geometry":{"type":"Polygon","coordinates":[[[3.99516,11.99911],[4.10514,12.07405],[4.1515,12.07405],[4.20149,12.04848],[4.20331,12.00264],[4.29148,11.90037],[4.31239,11.84836],[4.27694,11.79899],[4.30057,11.73287],[4.22876,11.6597],[4.18513,11.64207],[4.14423,11.66146],[4.10423,11.64824],[4.10605,11.61474],[4.01607,11.56184],[3.98971,11.50013],[3.87518,11.5495],[3.81155,11.58741],[3.85154,11.62796],[3.94426,11.64118],[3.98334,11.66587],[3.98971,11.717],[4.01607,11.73111],[4.01516,11.78576],[3.96971,11.8369],[3.9688,11.98148],[3.99516,11.99911]]]}},{"type":"Feature","properties":{"name":"Numan","id":"numan"},"geometry":{"type":"Polygon","coordinates":[[[11.63955,9.30673],[11.59865,9.30144],[11.53048,9.32613],[11.52411,9.39577],[11.69136,9.4901],[11.7859,9.51214],[11.87407,9.52096],[11.9077,9.50156],[11.96133,9.50597],[11.9786,9.55358],[11.96042,9.59766],[12.07131,9.62587],[12.02768,9.42751],[12.00223,9.4328],[11.93951,9.40635],[11.86225,9.4469],[11.82771,9.38872],[11.75499,9.36139],[11.69954,9.32172],[11.63683,9.34817],[11.63955,9.30673]]]}},{"type":"Feature","properties":{"name":"Biu","id":"biu"},"geometry":{"type":"Polygon","coordinates":[[[12.15312,11.11928],[12.31491,11.02231],[12.37945,10.93415],[12.43672,10.83277],[12.45217,10.73755],[12.40672,10.68642],[12.46489,10.6397],[12.43853,10.61766],[12.43762,10.57446],[12.37036,10.57446],[12.33309,10.5965],[12.31491,10.65997],[12.26038,10.62383],[12.25947,10.59474],[12.20493,10.55683],[12.15857,10.5965],[12.10767,10.59121],[12.07313,10.66614],[11.99223,10.64587],[11.96769,10.58416],[11.93042,10.56917],[11.83862,10.66526],[11.8168,10.72433],[11.76408,10.73844],[11.75136,10.81337],[11.64682,10.83453],[11.63228,10.85745],[11.79862,10.93856],[11.85498,10.93503],[11.89406,10.95883],[11.93769,10.94737],[11.99859,10.99762],[12.03495,11.04347],[12.14857,11.04611],[12.16766,11.07873],[12.15312,11.11928]]]}},{"type":"Feature","properties":{"name":"Kaduna South","id":"kaduna-south"},"geometry":{"type":"Polygon","coordinates":[[[7.37833,10.48983],[7.41196,10.56035],[7.44104,10.48806],[7.40469,10.43517],[7.37833,10.48983]]]}},{"type":"Feature","properties":{"name":"Dikwa","id":"dikwa"},"geometry":{"type":"Polygon","coordinates":[[[13.78653,11.74962],[13.80743,11.81838],[13.85197,11.90125],[13.86743,11.97883],[13.85925,12.0185],[13.91015,12.12077],[13.95287,12.11195],[13.9565,12.16661],[14.04558,12.14545],[14.03013,12.10402],[14.07103,12.03702],[14.10103,12.02379],[14.20011,12.02379],[14.31555,12.0908],[14.31009,11.99647],[14.27373,11.89067],[14.26464,11.78665],[14.06649,11.78048],[13.92105,11.74345],[13.78653,11.74962]]]}},{"type":"Feature","properties":{"name":"Zaria","id":"zaria"},"geometry":{"type":"Polygon","coordinates":[[[7.79191,10.92269],[7.76009,10.97029],[7.66829,11.00027],[7.57194,11.00291],[7.52285,10.97029],[7.49558,11.03024],[7.51376,11.0611],[7.60557,11.07079],[7.63829,11.09195],[7.64556,11.13074],[7.71919,11.0946],[7.77282,11.13691],[7.79918,11.1043],[7.82008,11.03553],[7.81736,10.9606],[7.79191,10.92269]]]}},{"type":"Feature","properties":{"name":"Kalgo","id":"kalgo"},"geometry":{"type":"Polygon","coordinates":[[[4.15968,12.25036],[4.12514,12.26094],[4.09605,12.21863],[4.06788,12.23802],[4.00425,12.21686],[3.99061,12.33235],[3.99879,12.40552],[3.92062,12.40552],[3.87972,12.42668],[3.93699,12.46106],[3.98516,12.46812],[3.99334,12.53159],[4.05424,12.55628],[4.08515,12.48751],[4.0606,12.43902],[4.10605,12.37114],[4.1715,12.39847],[4.23513,12.33235],[4.24422,12.30679],[4.18422,12.28475],[4.15968,12.25036]]]}},{"type":"Feature","properties":{"name":"Yankwashi","id":"yankwashi"},"geometry":{"type":"Polygon","coordinates":[[[8.39818,12.82604],[8.44363,12.81634],[8.50181,12.83398],[8.5518,12.83221],[8.58907,12.80841],[8.60361,12.737],[8.66906,12.71937],[8.58543,12.66736],[8.52453,12.66295],[8.54635,12.7132],[8.49181,12.74934],[8.46454,12.71937],[8.40273,12.70615],[8.39818,12.82604]]]}},{"type":"Feature","properties":{"name":"Kaura","id":"kaura"},"geometry":{"type":"Polygon","coordinates":[[[8.55544,9.58179],[8.49908,9.57562],[8.45454,9.53242],[8.41364,9.55005],[8.35092,9.543],[8.31183,9.61264],[8.36819,9.67964],[8.36546,9.70786],[8.48635,9.69199],[8.5009,9.74047],[8.5618,9.744],[8.59907,9.72813],[8.55544,9.58179]]]}},{"type":"Feature","properties":{"name":"Lamurde","id":"lamurde"},"geometry":{"type":"Polygon","coordinates":[[[11.52411,9.39577],[11.52048,9.40371],[11.48412,9.46454],[11.44413,9.48834],[11.42958,9.55005],[11.46776,9.59854],[11.5632,9.60471],[11.59865,9.64967],[11.6341,9.62763],[11.74954,9.70874],[11.7759,9.70697],[11.85316,9.64791],[11.90043,9.67083],[11.96042,9.59766],[11.9786,9.55358],[11.96133,9.50597],[11.9077,9.50156],[11.87407,9.52096],[11.7859,9.51214],[11.69136,9.4901],[11.52411,9.39577]]]}},{"type":"Feature","properties":{"name":"Monguno","id":"monguno"},"geometry":{"type":"Polygon","coordinates":[[[13.47021,12.25742],[13.40294,12.21863],[13.35931,12.25742],[13.32296,12.26623],[13.27114,12.25213],[13.25024,12.29268],[13.30932,12.31913],[13.2866,12.3729],[13.35022,12.38613],[13.3684,12.41169],[13.3475,12.51837],[13.40204,12.54658],[13.4284,12.55187],[13.49293,12.65589],[13.60655,12.72113],[13.65564,12.69292],[13.68291,12.737],[13.83561,12.7467],[13.8847,12.7132],[13.94196,12.75463],[14.11557,12.93624],[14.15284,12.7705],[13.89015,12.64884],[13.7738,12.54834],[13.71563,12.41963],[13.67018,12.36938],[13.67473,12.34557],[13.54111,12.33852],[13.47839,12.32354],[13.44112,12.29356],[13.47021,12.25742]]]}},{"type":"Feature","properties":{"name":"Enugu East","id":"enugu-east"},"geometry":{"type":"Polygon","coordinates":[[[7.59284,6.43186],[7.54012,6.45479],[7.50922,6.47683],[7.44195,6.47594],[7.41559,6.50856],[7.4265,6.61259],[7.49558,6.63992],[7.55376,6.5932],[7.58921,6.56234],[7.64647,6.57027],[7.64829,6.50944],[7.60557,6.47771],[7.59284,6.43186]]]}},{"type":"Feature","properties":{"name":"Ngala","id":"ngala"},"geometry":{"type":"Polygon","coordinates":[[[14.31555,12.0908],[14.20011,12.02379],[14.10103,12.02379],[14.07103,12.03702],[14.03013,12.10402],[14.04558,12.14545],[13.9565,12.16661],[13.94014,12.19306],[13.99468,12.23538],[13.99195,12.33852],[13.94741,12.35263],[13.98105,12.4258],[14.03195,12.47076],[14.04467,12.61093],[14.17284,12.67793],[14.20283,12.53776],[14.17738,12.48134],[14.18738,12.4064],[14.22828,12.36233],[14.321,12.37114],[14.32282,12.31296],[14.3819,12.28915],[14.42644,12.20011],[14.39735,12.13487],[14.31555,12.0908]]]}},{"type":"Feature","properties":{"name":"Gubio","id":"gubio"},"geometry":{"type":"Polygon","coordinates":[[[12.41854,12.52454],[12.44399,12.56068],[12.42763,12.60212],[12.46489,12.61358],[12.49671,12.66471],[12.49943,12.70967],[12.6076,12.78813],[12.63851,12.82692],[12.73758,12.89833],[12.81212,12.99619],[12.85575,13.03233],[12.87302,13.01206],[12.89302,12.93183],[12.88483,12.9001],[12.96391,12.80577],[13.08299,12.79254],[13.05118,12.66824],[12.94483,12.53071],[12.93028,12.48046],[12.87302,12.38789],[12.86938,12.30855],[12.75304,12.41258],[12.63305,12.4161],[12.57488,12.43902],[12.5467,12.51837],[12.49852,12.50514],[12.44035,12.536],[12.41854,12.52454]]]}},{"type":"Feature","properties":{"name":"Yagba East","id":"yagba-east"},"geometry":{"type":"Polygon","coordinates":[[[5.68856,8.45247],[5.78309,8.42779],[5.91217,8.42426],[6.04033,8.3934],[6.08305,8.40134],[6.08669,8.35373],[6.0276,8.34492],[5.96216,8.31318],[5.89944,8.25764],[5.82581,8.17653],[5.78946,8.05047],[5.75946,8.00286],[5.76946,7.97553],[5.8349,7.9244],[5.76037,7.83448],[5.73764,7.82125],[5.65856,7.8283],[5.62312,7.84329],[5.59857,7.95173],[5.64584,7.96319],[5.66765,8.00198],[5.64402,8.07427],[5.63311,8.12099],[5.64493,8.18799],[5.70129,8.2929],[5.68856,8.45247]]]}},{"type":"Feature","properties":{"name":"Chibok","id":"chibok"},"geometry":{"type":"Polygon","coordinates":[[[12.66668,10.78251],[12.61578,10.83277],[12.66032,10.91563],[12.67668,11.01702],[12.7294,11.00203],[12.75122,10.97382],[12.98391,10.94649],[13.04481,10.95266],[13.08753,10.94032],[13.08844,10.84246],[13.0539,10.81425],[12.99755,10.72609],[12.99118,10.67232],[12.93665,10.65821],[12.90029,10.70317],[12.79757,10.72433],[12.73304,10.72168],[12.66668,10.78251]]]}},{"type":"Feature","properties":{"name":"Tureta","id":"tureta"},"geometry":{"type":"Polygon","coordinates":[[[5.67493,12.73524],[5.69401,12.6894],[5.67765,12.63209],[5.7231,12.62063],[5.72855,12.55099],[5.71765,12.48663],[5.77219,12.38348],[5.75037,12.32354],[5.69129,12.32177],[5.6522,12.34822],[5.56676,12.35175],[5.54131,12.2724],[5.4695,12.25301],[5.4386,12.34293],[5.38497,12.32442],[5.31134,12.35615],[5.27589,12.34205],[5.31498,12.3685],[5.33316,12.45666],[5.26135,12.45225],[5.27225,12.60476],[5.29134,12.62239],[5.35315,12.62239],[5.37406,12.68499],[5.37406,12.62063],[5.44768,12.61005],[5.49677,12.67088],[5.48859,12.69204],[5.53222,12.78461],[5.57585,12.75111],[5.57676,12.6797],[5.63766,12.69204],[5.67493,12.73524]]]}},{"type":"Feature","properties":{"name":"Gashaka","id":"gashaka"},"geometry":{"type":"Polygon","coordinates":[[[11.85225,7.39104],[11.79953,7.2967],[11.76408,7.28348],[11.88225,7.13185],[11.86407,7.08512],[11.76317,7.00314],[11.69409,6.97228],[11.61865,7.01371],[11.57956,6.99961],[11.56502,7.07014],[11.50594,7.07895],[11.39231,7.05515],[11.39231,7.0049],[11.28869,7.02253],[11.28506,7.05162],[11.21052,7.13008],[11.15598,7.17064],[11.13053,7.20943],[11.12871,7.31698],[11.10235,7.35313],[11.06963,7.3593],[11.02328,7.32051],[10.97783,7.30993],[10.92874,7.40602],[10.92056,7.47479],[10.88602,7.55501],[10.78876,7.63964],[10.83148,7.67843],[10.88693,7.70753],[10.88148,7.75513],[10.96692,7.79569],[11.00328,7.8574],[11.07781,7.94203],[11.17235,8.0055],[11.34141,8.01873],[11.4114,7.89795],[11.48957,7.80009],[11.51412,7.81596],[11.54138,7.89266],[11.59047,7.90765],[11.65046,7.8574],[11.64864,7.7904],[11.63319,7.75072],[11.72681,7.71899],[11.75772,7.72516],[11.77317,7.65199],[11.76317,7.54091],[11.77226,7.48801],[11.85225,7.39104]]]}},{"type":"Feature","properties":{"name":"Bauchi","id":"bauchi"},"geometry":{"type":"Polygon","coordinates":[[[10.27974,10.28001],[10.24702,10.22799],[10.18066,10.19097],[10.18612,10.16099],[10.15794,10.11251],[10.10613,10.10369],[10.06159,10.00407],[10.03978,10.02875],[9.97251,9.96528],[9.98615,9.94941],[9.93161,9.90181],[9.89979,9.93178],[9.84344,9.93002],[9.82071,9.9115],[9.76436,9.97057],[9.73345,9.96616],[9.70255,10.02787],[9.63347,10.10016],[9.62165,10.17774],[9.65983,10.29147],[9.69346,10.32497],[9.68073,10.39902],[9.69437,10.43252],[9.64074,10.46514],[9.6162,10.56476],[9.66165,10.61149],[9.72255,10.60796],[9.76163,10.56829],[9.84798,10.45192],[9.85071,10.38844],[9.91706,10.36905],[10.01705,10.38051],[10.01523,10.42723],[10.06795,10.42812],[10.10522,10.47572],[10.13794,10.44663],[10.21521,10.46073],[10.24247,10.44222],[10.21066,10.31703],[10.2652,10.30822],[10.27974,10.28001]]]}},{"type":"Feature","properties":{"name":"Hawul","id":"hawul"},"geometry":{"type":"Polygon","coordinates":[[[11.96769,10.58416],[11.99223,10.64587],[12.07313,10.66614],[12.10767,10.59121],[12.15857,10.5965],[12.20493,10.55683],[12.25947,10.59474],[12.26038,10.62383],[12.31491,10.65997],[12.33309,10.5965],[12.37036,10.57446],[12.43762,10.57446],[12.43853,10.61766],[12.46489,10.6397],[12.51852,10.62383],[12.59215,10.48983],[12.57033,10.48189],[12.55761,10.3955],[12.50398,10.37875],[12.42126,10.37169],[12.37945,10.35054],[12.38672,10.31703],[12.27946,10.3285],[12.25674,10.35935],[12.08222,10.25092],[12.00132,10.28882],[12.0095,10.34701],[12.03768,10.40784],[12.04586,10.46779],[11.9895,10.48277],[11.9995,10.53479],[11.96769,10.58416]]]}},{"type":"Feature","properties":{"name":"Uruan","id":"uruan"},"geometry":{"type":"Polygon","coordinates":[[[7.99097,4.95167],[8.0246,4.98165],[8.03187,5.02132],[7.97461,5.06804],[7.93461,5.07686],[7.98279,5.11741],[8.02006,5.10154],[8.08368,5.12535],[8.09914,5.10683],[8.09823,5.04336],[8.1255,4.98165],[8.16094,4.96931],[8.12277,4.96578],[8.08277,4.91817],[8.10004,4.88379],[8.01915,4.90671],[7.99097,4.95167]]]}},{"type":"Feature","properties":{"name":"Mayo-Belwa","id":"mayo-belwa"},"geometry":{"type":"Polygon","coordinates":[[[11.75772,8.61733],[11.78862,8.64113],[11.74318,8.67728],[11.75408,8.7002],[11.8268,8.73899],[11.84043,8.84478],[11.87134,8.94704],[11.82953,8.99377],[11.71045,9.07135],[11.69864,9.14364],[11.67773,9.21064],[11.68773,9.22915],[11.78317,9.19741],[11.8268,9.20888],[11.84225,9.17185],[11.90043,9.1886],[11.95133,9.25207],[12.01859,9.27235],[12.07767,9.31555],[12.07858,9.26706],[12.11585,9.27411],[12.15585,9.24149],[12.2122,9.23444],[12.21402,9.12424],[12.19402,9.09868],[12.12494,9.09868],[12.06949,9.06782],[12.06222,9.02462],[12.09767,8.9876],[12.13857,9.01669],[12.20038,8.99818],[12.17221,8.93999],[12.19675,8.91531],[12.02223,8.77249],[11.88588,8.64554],[11.82953,8.62791],[11.79226,8.56443],[11.75772,8.61733]]]}},{"type":"Feature","properties":{"name":"Mubi South","id":"mubi-south"},"geometry":{"type":"Polygon","coordinates":[[[13.27842,10.06666],[13.24842,10.10369],[13.18843,10.13719],[13.18298,10.17245],[13.12207,10.22447],[13.23751,10.22006],[13.25387,10.25356],[13.31114,10.2853],[13.4693,10.18568],[13.45203,10.15482],[13.39567,10.10986],[13.31841,10.09928],[13.27842,10.06666]]]}},{"type":"Feature","properties":{"name":"Etsako West","id":"etsako-west"},"geometry":{"type":"Polygon","coordinates":[[[6.2503,6.83651],[6.16758,6.82417],[6.21576,6.94671],[6.2194,7.03752],[6.18031,7.11245],[6.1994,7.11862],[6.25666,7.20766],[6.29211,7.19268],[6.41482,7.16711],[6.42119,7.10804],[6.3621,7.0481],[6.35483,6.9714],[6.38119,6.92996],[6.4121,6.93878],[6.483,6.92556],[6.39846,6.81183],[6.37937,6.81359],[6.2503,6.83651]]]}},{"type":"Feature","properties":{"name":"Fune","id":"fune"},"geometry":{"type":"Polygon","coordinates":[[[11.24506,11.65705],[11.26688,11.71171],[11.27051,11.77166],[11.22143,11.80163],[11.23779,11.86423],[11.19507,11.86334],[11.10781,11.83778],[11.036,11.93387],[10.96692,12.08462],[10.9951,12.09961],[11.066,12.17807],[11.14871,12.22744],[11.14235,12.26535],[11.17689,12.28475],[11.22597,12.34822],[11.31233,12.39054],[11.33505,12.33852],[11.3905,12.33588],[11.42867,12.30414],[11.41231,12.25124],[11.41595,12.18601],[11.50048,12.1622],[11.56502,12.16397],[11.61319,12.11724],[11.60683,12.04583],[11.72227,12.0141],[11.71318,11.95944],[11.78681,11.9039],[11.80044,11.81309],[11.84225,11.78488],[11.85043,11.74433],[11.81317,11.68526],[11.84862,11.62003],[11.80589,11.63237],[11.73863,11.55655],[11.68137,11.51688],[11.62683,11.42167],[11.5632,11.45781],[11.47049,11.44106],[11.3805,11.3864],[11.32142,11.41726],[11.3605,11.47456],[11.35323,11.51159],[11.29051,11.54333],[11.28506,11.61914],[11.24506,11.65705]]]}},{"type":"Feature","properties":{"name":"Mobbar","id":"mobbar"},"geometry":{"type":"Polygon","coordinates":[[[12.85575,13.03233],[12.81212,12.99619],[12.73758,12.89833],[12.63851,12.82692],[12.6076,12.78813],[12.49943,12.70967],[12.48489,12.80136],[12.40945,12.85954],[12.3949,12.91596],[12.4149,12.98473],[12.40854,13.02352],[12.42944,13.07289],[12.45944,13.06583],[12.50852,13.13989],[12.55124,13.16193],[12.53397,13.20689],[12.59033,13.25802],[12.70304,13.31973],[12.7394,13.32679],[12.77303,13.39379],[12.81848,13.422],[12.91847,13.40701],[12.99482,13.31092],[13.02209,13.22981],[13.0839,13.11256],[12.99936,13.12666],[12.91392,13.17339],[12.85575,13.03233]]]}},{"type":"Feature","properties":{"name":"Potiskum","id":"potiskum"},"geometry":{"type":"Polygon","coordinates":[[[11.22143,11.80163],[11.27051,11.77166],[11.26688,11.71171],[11.24506,11.65705],[11.23143,11.60592],[11.14962,11.57154],[11.1269,11.59446],[11.056,11.5971],[11.01964,11.62796],[11.03509,11.67557],[11.03418,11.76108],[11.16689,11.73463],[11.20507,11.76284],[11.22143,11.80163]]]}},{"type":"Feature","properties":{"name":"Gwoza","id":"gwoza"},"geometry":{"type":"Polygon","coordinates":[[[13.3275,10.86538],[13.31387,10.91387],[13.21933,10.94385],[13.14298,11.12457],[13.21661,11.17306],[13.19207,11.32028],[13.25024,11.37935],[13.3475,11.382],[13.40204,11.32381],[13.50566,11.31588],[13.51202,11.37671],[13.54202,11.41462],[13.59383,11.43489],[13.59837,11.38817],[13.76471,11.33439],[13.92105,11.32646],[14.00377,11.28326],[13.89015,11.15366],[13.81107,11.0514],[13.75108,10.91387],[13.67018,10.94473],[13.57747,10.94825],[13.50202,10.91035],[13.33659,10.86715],[13.3275,10.86538]]]}},{"type":"Feature","properties":{"name":"Guzamala","id":"guzamala"},"geometry":{"type":"Polygon","coordinates":[[[13.60655,12.72113],[13.49293,12.65589],[13.4284,12.55187],[13.40204,12.54658],[13.38749,12.58272],[13.33023,12.56509],[13.35204,12.62151],[13.23297,12.62151],[13.21388,12.63474],[13.25024,12.71232],[13.2057,12.73259],[13.19843,12.77315],[13.14207,12.79783],[13.08299,12.79254],[12.96391,12.80577],[12.88483,12.9001],[12.89302,12.93183],[12.87302,13.01206],[12.85575,13.03233],[12.91392,13.17339],[12.99936,13.12666],[13.0839,13.11256],[13.13389,13.10639],[13.19025,13.05614],[13.28296,13.01294],[13.27024,12.96621],[13.29114,12.92566],[13.46021,12.84896],[13.49566,12.81194],[13.51566,12.75287],[13.55474,12.77491],[13.6011,12.75199],[13.60655,12.72113]]]}},{"type":"Feature","properties":{"name":"Maiha","id":"maiha"},"geometry":{"type":"Polygon","coordinates":[[[13.12207,10.22447],[13.18298,10.17245],[13.18843,10.13719],[13.24842,10.10369],[13.27842,10.06666],[13.24388,10.0314],[13.2866,9.97145],[13.2357,9.90798],[13.25933,9.75194],[13.24569,9.59413],[13.21843,9.543],[13.15116,9.51479],[13.08663,9.51214],[13.07844,9.53595],[13.08935,9.70962],[13.09208,9.77486],[13.05845,9.84538],[13.06845,9.92561],[13.05481,10.01994],[13.10299,10.1178],[13.12207,10.22447]]]}},{"type":"Feature","properties":{"name":"Gulani","id":"gulani"},"geometry":{"type":"Polygon","coordinates":[[[11.99859,10.99762],[11.93769,10.94737],[11.89406,10.95883],[11.85498,10.93503],[11.79862,10.93856],[11.63228,10.85745],[11.64682,10.83453],[11.75136,10.81337],[11.76408,10.73844],[11.75408,10.66262],[11.71409,10.63441],[11.5832,10.59385],[11.5223,10.56917],[11.5223,10.66174],[11.51502,10.69524],[11.53866,10.85128],[11.53048,10.93503],[11.47321,11.0179],[11.52139,11.0417],[11.51593,11.07168],[11.55047,11.1281],[11.5223,11.1713],[11.55866,11.22067],[11.63137,11.26739],[11.66228,11.23565],[11.65773,11.19598],[11.68773,11.17218],[11.72045,11.2092],[11.78953,11.24006],[11.84225,11.21626],[11.91861,11.22155],[11.92951,11.16777],[11.98041,11.13691],[11.99132,11.10165],[11.99859,10.99762]]]}},{"type":"Feature","properties":{"name":"Zing","id":"zing"},"geometry":{"type":"Polygon","coordinates":[[[11.74318,8.67728],[11.69318,8.71783],[11.6541,8.77601],[11.62683,8.87563],[11.55775,8.9585],[11.5732,8.99377],[11.65773,9.02727],[11.71045,9.07135],[11.82953,8.99377],[11.87134,8.94704],[11.84043,8.84478],[11.8268,8.73899],[11.75408,8.7002],[11.74318,8.67728]]]}},{"type":"Feature","properties":{"name":"Orelope","id":"orelope"},"geometry":{"type":"Polygon","coordinates":[[[3.59976,8.95674],[3.59612,8.99906],[3.69156,8.99641],[3.71702,8.96908],[3.80155,8.96644],[3.84154,8.97702],[3.87699,8.95233],[3.88336,8.91619],[3.93699,8.88269],[3.97698,8.87563],[3.89699,8.75045],[3.8779,8.69226],[3.90517,8.64554],[3.87427,8.55562],[3.71883,8.70813],[3.6543,8.79012],[3.64612,8.84654],[3.60521,8.91442],[3.59976,8.95674]]]}},{"type":"Feature","properties":{"name":"Nsit Ibom","id":"nsit-ibom"},"geometry":{"type":"Polygon","coordinates":[[[7.92643,4.82208],[7.87553,4.79828],[7.8628,4.89525],[7.82372,4.95784],[7.82917,4.98606],[7.89189,4.99135],[7.91643,4.93845],[7.90825,4.91377],[7.93916,4.84853],[7.92643,4.82208]]]}},{"type":"Feature","properties":{"name":"Fufore","id":"fufore"},"geometry":{"type":"Polygon","coordinates":[[[12.60124,9.24855],[12.64941,9.29968],[12.5876,9.32172],[12.61851,9.38167],[12.56397,9.42839],[12.6485,9.56239],[12.67668,9.59501],[12.76122,9.57826],[12.77212,9.61617],[12.75485,9.677],[12.82848,9.69375],[12.88847,9.677],[12.94483,9.69639],[12.95483,9.72549],[13.04481,9.70697],[13.08935,9.70962],[13.07844,9.53595],[13.08663,9.51214],[13.02391,9.49627],[12.96846,9.45219],[12.90665,9.34111],[12.92119,9.15069],[12.9421,9.06341],[12.92483,8.99289],[12.84393,8.96908],[12.7903,8.9541],[12.75213,8.89062],[12.62669,8.83244],[12.62033,8.81833],[12.45308,8.77161],[12.38218,8.81304],[12.32946,8.82186],[12.30946,8.80158],[12.2522,8.84213],[12.19675,8.91531],[12.17221,8.93999],[12.20038,8.99818],[12.13857,9.01669],[12.09767,8.9876],[12.06222,9.02462],[12.06949,9.06782],[12.12494,9.09868],[12.19402,9.09868],[12.21402,9.12424],[12.2122,9.23444],[12.2631,9.26089],[12.32764,9.23003],[12.37581,9.16744],[12.34582,9.1313],[12.36491,9.10837],[12.41036,9.11983],[12.57215,9.09956],[12.60942,9.18684],[12.60124,9.24855]]]}},{"type":"Feature","properties":{"name":"Mkpat Enin","id":"mkpat-enin"},"geometry":{"type":"Polygon","coordinates":[[[7.80463,4.57083],[7.75009,4.57612],[7.69828,4.54702],[7.71919,4.59022],[7.70192,4.62901],[7.70374,4.71364],[7.70555,4.75684],[7.79009,4.88115],[7.80099,4.88379],[7.83099,4.82472],[7.78645,4.79651],[7.80281,4.7207],[7.82372,4.66075],[7.80463,4.57083]]]}},{"type":"Feature","properties":{"name":"Owan West","id":"owan-west"},"geometry":{"type":"Polygon","coordinates":[[[6.04487,6.77657],[6.01215,6.77392],[5.87035,6.79684],[5.80218,6.81183],[5.75128,6.78186],[5.79945,6.92115],[5.78582,6.96875],[5.81582,7.0719],[5.85217,7.09394],[5.98125,7.04898],[5.96943,6.98021],[6.01579,6.85326],[6.04215,6.85415],[6.04487,6.77657]]]}},{"type":"Feature","properties":{"name":"Kaga","id":"kaga"},"geometry":{"type":"Polygon","coordinates":[[[12.82939,11.35731],[12.80575,11.30706],[12.75031,11.30089],[12.63487,11.21273],[12.57942,11.21714],[12.54034,11.20039],[12.46762,11.26651],[12.49034,11.32469],[12.44035,11.38993],[12.38672,11.38464],[12.24856,11.34056],[12.22038,11.35907],[12.24583,11.39963],[12.344,11.47897],[12.374,11.5495],[12.34855,11.583],[12.30037,11.60857],[12.30128,11.64471],[12.27492,11.69408],[12.22402,11.63325],[12.19584,11.65793],[12.24401,11.80957],[12.27037,11.82632],[12.25583,11.88538],[12.27401,11.97707],[12.46762,11.91624],[12.49125,11.92241],[12.56215,11.98941],[12.68395,11.99735],[12.69577,11.95944],[12.61942,11.9136],[12.64032,11.87128],[12.70304,11.80692],[12.74485,11.65176],[12.73486,11.50718],[12.82939,11.35731]]]}},{"type":"Feature","properties":{"name":"Karim Lamido","id":"karim-lamido"},"geometry":{"type":"Polygon","coordinates":[[[11.06054,9.12336],[11.01419,9.08457],[10.96601,9.02021],[10.89148,8.82538],[10.84148,8.76896],[10.76422,8.72576],[10.67332,8.72665],[10.66151,8.74428],[10.57697,8.75309],[10.54334,8.71959],[10.38336,8.68345],[10.34973,8.7434],[10.31337,8.74163],[10.2452,8.80423],[10.32519,8.85624],[10.42063,8.94352],[10.46335,8.96291],[10.59697,8.97614],[10.62697,9.01933],[10.63606,9.11895],[10.5797,9.2459],[10.57788,9.3323],[10.56061,9.39048],[10.57879,9.40988],[10.56607,9.46542],[10.54061,9.48393],[10.61788,9.46277],[10.77331,9.4469],[10.91693,9.55446],[10.96874,9.61529],[10.97783,9.57474],[11.00782,9.55181],[11.07599,9.55093],[11.11417,9.52537],[11.15053,9.55093],[11.22688,9.56945],[11.27779,9.54741],[11.37414,9.54652],[11.42958,9.55005],[11.44413,9.48834],[11.48412,9.46454],[11.52048,9.40371],[11.49048,9.36668],[11.44322,9.35522],[11.30687,9.27411],[11.26051,9.20976],[11.13053,9.16832],[11.06054,9.12336]]]}},{"type":"Feature","properties":{"name":"Kukawa","id":"kukawa"},"geometry":{"type":"Polygon","coordinates":[[[14.11557,12.93624],[13.94196,12.75463],[13.8847,12.7132],[13.83561,12.7467],[13.68291,12.737],[13.65564,12.69292],[13.60655,12.72113],[13.6011,12.75199],[13.55474,12.77491],[13.51566,12.75287],[13.49566,12.81194],[13.46021,12.84896],[13.29114,12.92566],[13.27024,12.96621],[13.28296,13.01294],[13.34659,13.04732],[13.40022,13.12843],[13.46839,13.18309],[13.45566,13.32326],[13.64837,13.39643],[13.76199,13.52955],[14.08285,13.08347],[14.11557,12.93624]]]}},{"type":"Feature","properties":{"name":"Gombi","id":"gombi"},"geometry":{"type":"Polygon","coordinates":[[[12.25674,10.35935],[12.27946,10.3285],[12.38672,10.31703],[12.37945,10.35054],[12.42126,10.37169],[12.50398,10.37875],[12.55761,10.3955],[12.57033,10.48189],[12.59215,10.48983],[12.61215,10.44839],[12.61396,10.41577],[12.67668,10.34525],[12.7294,10.34084],[12.78394,10.2994],[12.7903,10.25532],[12.76212,10.13984],[12.72122,10.10545],[12.71668,10.04903],[12.63396,10.03404],[12.59306,10.0887],[12.56942,10.04462],[12.49125,10.03581],[12.45308,10.01906],[12.354,10.01906],[12.33855,9.9644],[12.29219,9.99173],[12.27674,9.945],[12.2222,9.92649],[12.16403,10.01994],[12.16493,10.06049],[12.20038,10.08958],[12.1713,10.12926],[12.20675,10.19449],[12.26401,10.21389],[12.26583,10.24651],[12.21311,10.28089],[12.25674,10.35935]]]}},{"type":"Feature","properties":{"name":"Guyuk","id":"guyuk"},"geometry":{"type":"Polygon","coordinates":[[[11.90043,9.67083],[11.85316,9.64791],[11.7759,9.70697],[11.85498,9.79337],[11.80317,9.83216],[11.83498,9.93002],[11.82226,9.96969],[11.83589,10.03404],[11.92042,10.02435],[11.99132,10.03493],[11.9786,9.91591],[11.99859,9.88858],[12.00496,9.79073],[11.96133,9.73959],[12.00314,9.72108],[11.97678,9.65232],[11.90043,9.67083]]]}},{"type":"Feature","properties":{"name":"Tudun Wada","id":"tudun-wada"},"geometry":{"type":"Polygon","coordinates":[[[8.64361,11.14044],[8.62906,11.22331],[8.58361,11.22155],[8.51908,11.16248],[8.46181,11.17218],[8.43363,11.22684],[8.32547,11.22684],[8.26457,11.31323],[8.30093,11.34673],[8.38546,11.37671],[8.43273,11.42255],[8.5618,11.34232],[8.61452,11.34938],[8.68542,11.40668],[8.71723,11.40756],[8.77177,11.47016],[8.78631,11.39522],[8.77904,11.31411],[8.70541,11.25417],[8.71632,11.21361],[8.76541,11.20568],[8.6836,11.13956],[8.64361,11.14044]]]}},{"type":"Feature","properties":{"name":"Saki West","id":"saki-west"},"geometry":{"type":"Polygon","coordinates":[[[2.75624,8.57501],[2.8026,8.61028],[2.92076,8.61204],[3.01439,8.70989],[3.10346,8.75045],[3.16346,8.80863],[3.23708,8.78219],[3.38797,8.84213],[3.41888,8.86241],[3.48614,8.71871],[3.48432,8.6808],[3.5325,8.58559],[3.44342,8.55121],[3.43251,8.56972],[3.36161,8.58471],[3.33525,8.523],[3.27435,8.53446],[3.21345,8.50801],[3.19891,8.44365],[3.14528,8.44013],[3.05256,8.50184],[2.95803,8.50889],[2.81987,8.46746],[2.77078,8.43572],[2.72443,8.43131],[2.7526,8.46217],[2.7626,8.51947],[2.75624,8.57501]]]}},{"type":"Feature","properties":{"name":"Toungo","id":"toungo"},"geometry":{"type":"Polygon","coordinates":[[[11.85225,7.39104],[11.77226,7.48801],[11.76317,7.54091],[11.77317,7.65199],[11.75772,7.72516],[11.72681,7.71899],[11.63319,7.75072],[11.64864,7.7904],[11.65046,7.8574],[11.59047,7.90765],[11.54138,7.89266],[11.51412,7.81596],[11.48957,7.80009],[11.4114,7.89795],[11.34141,8.01873],[11.36232,8.06457],[11.47776,8.16948],[11.54593,8.24618],[11.60138,8.35197],[11.62955,8.38635],[11.64864,8.44277],[11.71591,8.46481],[11.69591,8.39076],[11.82044,8.33081],[11.85225,8.27615],[11.98678,8.2259],[12.06222,8.18623],[12.07767,8.2118],[12.1513,8.26205],[12.19766,8.22149],[12.25674,8.21268],[12.20129,8.10689],[12.20675,7.96848],[12.09585,7.82654],[12.04404,7.74015],[12.02495,7.6608],[12.04041,7.57352],[11.89588,7.42806],[11.85225,7.39104]]]}},{"type":"Feature","properties":{"name":"Abua/Odual","id":"abuaodual"},"geometry":{"type":"Polygon","coordinates":[[[6.57389,4.70483],[6.60752,4.74626],[6.52754,4.75332],[6.46118,4.71364],[6.4021,4.82737],[6.39846,4.8644],[6.43391,4.93052],[6.46573,4.92699],[6.51754,4.86792],[6.56026,4.85117],[6.57753,4.89878],[6.55299,4.97283],[6.60843,4.97724],[6.61389,4.92611],[6.66752,4.8882],[6.72569,4.86792],[6.74114,4.82561],[6.73478,4.76742],[6.62389,4.7348],[6.57389,4.70483]]]}},{"type":"Feature","properties":{"name":"Bungudu","id":"bungudu"},"geometry":{"type":"Polygon","coordinates":[[[6.44482,12.36673],[6.45664,12.40993],[6.50118,12.44696],[6.59753,12.44784],[6.63934,12.33676],[6.68569,12.34117],[6.80386,12.27946],[6.83749,12.27769],[6.89839,12.27593],[6.86931,12.24155],[6.90657,12.15956],[6.88567,12.1049],[6.82658,12.07757],[6.75659,12.13752],[6.74296,12.20276],[6.6866,12.19306],[6.6757,12.21598],[6.60571,12.19835],[6.58298,12.17719],[6.56753,12.11107],[6.58207,12.05641],[6.57298,12.0044],[6.59298,11.95239],[6.57844,11.8845],[6.57935,11.77607],[6.5648,11.75226],[6.56753,11.66763],[6.54844,11.62972],[6.49754,11.59181],[6.45754,11.60151],[6.4021,11.73992],[6.40392,11.80516],[6.43118,11.81398],[6.5039,11.89332],[6.45664,11.98941],[6.45754,12.01762],[6.35483,12.03966],[6.38483,12.15251],[6.43755,12.18248],[6.44482,12.36673]]]}},{"type":"Feature","properties":{"name":"Shani","id":"shani"},"geometry":{"type":"Polygon","coordinates":[[[12.0095,10.34701],[12.00132,10.28882],[12.08222,10.25092],[12.25674,10.35935],[12.21311,10.28089],[12.13585,10.23681],[12.08858,10.14248],[12.10131,10.0746],[12.01859,10.06666],[11.99132,10.03493],[11.92042,10.02435],[11.83589,10.03404],[11.78953,10.03933],[11.75499,10.09135],[11.71045,10.17334],[11.68682,10.19009],[11.83953,10.30381],[11.99314,10.35582],[12.0095,10.34701]]]}},{"type":"Feature","properties":{"name":"Shagari","id":"shagari"},"geometry":{"type":"Polygon","coordinates":[[[5.27589,12.34205],[5.16045,12.31648],[5.12409,12.28563],[5.11864,12.34646],[5.13864,12.37643],[5.12228,12.41434],[5.07228,12.41787],[5.07137,12.47605],[5.01593,12.52895],[4.96593,12.52895],[4.94503,12.50426],[4.94775,12.39935],[4.90594,12.42844],[4.87322,12.55275],[4.82959,12.56421],[4.82959,12.6171],[4.86777,12.62857],[4.93412,12.6462],[4.96048,12.6365],[5.00411,12.67176],[5.0841,12.66383],[5.09864,12.73876],[5.08501,12.77403],[5.12046,12.80048],[5.18045,12.76521],[5.19954,12.67705],[5.29134,12.62239],[5.27225,12.60476],[5.26135,12.45225],[5.33316,12.45666],[5.31498,12.3685],[5.27589,12.34205]]]}},{"type":"Feature","properties":{"name":"Yunusari","id":"yunusari"},"geometry":{"type":"Polygon","coordinates":[[[12.42944,13.07289],[12.40854,13.02352],[12.344,12.98473],[12.28128,12.90979],[12.21493,12.90098],[12.17221,12.86219],[12.10767,12.85602],[12.06586,12.9045],[12.01405,12.85954],[11.96678,12.90186],[11.96042,12.96974],[11.89315,12.92214],[11.71954,12.85161],[11.68227,12.87188],[11.66319,12.91861],[11.58683,12.94682],[11.58411,12.97856],[11.45867,13.0244],[11.44503,13.02087],[11.44594,13.07201],[11.42595,13.1443],[11.3605,13.16634],[11.32323,13.2448],[11.34687,13.26331],[11.32051,13.34706],[11.33323,13.37968],[11.45231,13.37704],[11.6541,13.31532],[11.81953,13.27301],[12.00768,13.17163],[12.06131,13.1346],[12.11676,13.11432],[12.2022,13.12755],[12.33582,13.08347],[12.42944,13.07289]]]}},{"type":"Feature","properties":{"name":"Ganye","id":"ganye"},"geometry":{"type":"Polygon","coordinates":[[[11.79226,8.56443],[11.82953,8.62791],[11.88588,8.64554],[11.94042,8.63496],[11.98223,8.64907],[12.01677,8.57589],[11.99859,8.51947],[12.03495,8.46569],[12.09313,8.49214],[12.13857,8.49567],[12.1413,8.5803],[12.15585,8.64289],[12.17857,8.66317],[12.26401,8.59881],[12.29764,8.59441],[12.30946,8.54945],[12.25129,8.50008],[12.2631,8.41985],[12.23765,8.3264],[12.25674,8.21268],[12.19766,8.22149],[12.1513,8.26205],[12.07767,8.2118],[12.06222,8.18623],[11.98678,8.2259],[11.85225,8.27615],[11.82044,8.33081],[11.69591,8.39076],[11.71591,8.46481],[11.78044,8.51418],[11.79226,8.56443]]]}},{"type":"Feature","properties":{"name":"Jada","id":"jada"},"geometry":{"type":"Polygon","coordinates":[[[11.88588,8.64554],[12.02223,8.77249],[12.19675,8.91531],[12.2522,8.84213],[12.30946,8.80158],[12.32946,8.82186],[12.38218,8.81304],[12.45308,8.77161],[12.62033,8.81833],[12.62669,8.83244],[12.75213,8.89062],[12.7903,8.9541],[12.84393,8.96908],[12.8812,8.84566],[12.87847,8.75045],[12.85757,8.68609],[12.81666,8.65083],[12.82666,8.56443],[12.75485,8.57149],[12.73122,8.51242],[12.68123,8.46746],[12.60306,8.49302],[12.58579,8.46481],[12.44126,8.45512],[12.33037,8.41897],[12.2631,8.41985],[12.25129,8.50008],[12.30946,8.54945],[12.29764,8.59441],[12.26401,8.59881],[12.17857,8.66317],[12.15585,8.64289],[12.1413,8.5803],[12.13857,8.49567],[12.09313,8.49214],[12.03495,8.46569],[11.99859,8.51947],[12.01677,8.57589],[11.98223,8.64907],[11.94042,8.63496],[11.88588,8.64554]]]}},{"type":"Feature","properties":{"name":"Bali","id":"bali"},"geometry":{"type":"Polygon","coordinates":[[[11.53139,8.6667],[11.60774,8.67728],[11.675,8.65788],[11.75772,8.61733],[11.79226,8.56443],[11.78044,8.51418],[11.71591,8.46481],[11.64864,8.44277],[11.62955,8.38635],[11.60138,8.35197],[11.54593,8.24618],[11.47776,8.16948],[11.36232,8.06457],[11.34141,8.01873],[11.17235,8.0055],[11.07781,7.94203],[11.00328,7.8574],[10.96692,7.79569],[10.88148,7.75513],[10.88693,7.70753],[10.83148,7.67843],[10.78876,7.63964],[10.75513,7.61672],[10.70423,7.62995],[10.56152,7.56295],[10.50607,7.51534],[10.43972,7.50035],[10.35882,7.57264],[10.31519,7.6608],[10.357,7.69518],[10.37609,7.75161],[10.37337,7.80891],[10.34246,7.95966],[10.32792,8.00462],[10.27247,8.06722],[10.26974,8.10424],[10.33155,8.14568],[10.40154,8.14656],[10.47971,8.17389],[10.56788,8.14744],[10.60879,8.22678],[10.65333,8.20915],[10.7724,8.28497],[10.79603,8.31759],[10.86239,8.36167],[10.91874,8.43043],[11.01237,8.47715],[11.07145,8.54063],[11.11054,8.63143],[11.16507,8.59176],[11.23415,8.5706],[11.27597,8.58824],[11.25597,8.63496],[11.27869,8.69138],[11.34414,8.71871],[11.46867,8.65171],[11.53139,8.6667]]]}},{"type":"Feature","properties":{"name":"Shelleng","id":"shelleng"},"geometry":{"type":"Polygon","coordinates":[[[12.07131,9.62587],[11.96042,9.59766],[11.90043,9.67083],[11.97678,9.65232],[12.00314,9.72108],[11.96133,9.73959],[12.00496,9.79073],[11.99859,9.88858],[11.9786,9.91591],[11.99132,10.03493],[12.01859,10.06666],[12.10131,10.0746],[12.08858,10.14248],[12.13585,10.23681],[12.21311,10.28089],[12.26583,10.24651],[12.26401,10.21389],[12.20675,10.19449],[12.1713,10.12926],[12.20038,10.08958],[12.16493,10.06049],[12.16403,10.01994],[12.2222,9.92649],[12.2322,9.85861],[12.17493,9.82599],[12.20584,9.74576],[12.25129,9.66554],[12.22765,9.65584],[12.10676,9.64703],[12.07131,9.62587]]]}},{"type":"Feature","properties":{"name":"Okitipupa","id":"okitipupa"},"geometry":{"type":"Polygon","coordinates":[[[4.85504,6.43098],[4.83595,6.41423],[4.75233,6.39396],[4.70052,6.39748],[4.6587,6.42746],[4.60507,6.49181],[4.5878,6.53237],[4.60053,6.61788],[4.58235,6.64256],[4.63325,6.73689],[4.71324,6.73337],[4.74778,6.66813],[4.81141,6.58438],[4.86777,6.58614],[4.86231,6.52619],[4.82868,6.46272],[4.85504,6.43098]]]}},{"type":"Feature","properties":{"name":"Bayo","id":"bayo"},"geometry":{"type":"Polygon","coordinates":[[[11.76408,10.73844],[11.8168,10.72433],[11.83862,10.66526],[11.7859,10.59033],[11.79408,10.52685],[11.71227,10.54096],[11.725,10.46426],[11.80862,10.43252],[11.82589,10.37434],[11.8168,10.34525],[11.83953,10.30381],[11.68682,10.19009],[11.61228,10.22006],[11.58956,10.28265],[11.54684,10.30117],[11.55229,10.36817],[11.59683,10.39461],[11.60229,10.42723],[11.65501,10.45633],[11.66319,10.49688],[11.59956,10.53391],[11.5832,10.59385],[11.71409,10.63441],[11.75408,10.66262],[11.76408,10.73844]]]}},{"type":"Feature","properties":{"name":"Ikot Abasi","id":"ikot-abasi"},"geometry":{"type":"Polygon","coordinates":[[[7.69828,4.54702],[7.67374,4.52851],[7.61647,4.55937],[7.56194,4.51352],[7.5274,4.54967],[7.54648,4.58493],[7.52558,4.66339],[7.58648,4.65458],[7.66919,4.68631],[7.70374,4.71364],[7.70192,4.62901],[7.71919,4.59022],[7.69828,4.54702]]]}},{"type":"Feature","properties":{"name":"Maiduguri","id":"maiduguri"},"geometry":{"type":"Polygon","coordinates":[[[13.09208,11.83513],[13.10753,11.85453],[13.09117,11.91448],[13.11299,11.8845],[13.15389,11.89861],[13.18207,11.81045],[13.07663,11.78753],[13.09208,11.83513]]]}},{"type":"Feature","properties":{"name":"Gujba","id":"gujba"},"geometry":{"type":"Polygon","coordinates":[[[12.22038,11.35907],[12.18675,11.30177],[12.11312,11.26034],[12.10222,11.23742],[12.1204,11.14044],[12.15312,11.11928],[12.16766,11.07873],[12.14857,11.04611],[12.03495,11.04347],[11.99859,10.99762],[11.99132,11.10165],[11.98041,11.13691],[11.92951,11.16777],[11.91861,11.22155],[11.84225,11.21626],[11.78953,11.24006],[11.72045,11.2092],[11.68773,11.17218],[11.65773,11.19598],[11.66228,11.23565],[11.63137,11.26739],[11.55866,11.22067],[11.57047,11.30089],[11.62683,11.42167],[11.68137,11.51688],[11.73863,11.55655],[11.80589,11.63237],[11.84862,11.62003],[11.87679,11.59799],[11.92133,11.61474],[11.95678,11.60504],[12.00223,11.56449],[12.04859,11.62267],[12.11403,11.60063],[12.19584,11.65793],[12.22402,11.63325],[12.27492,11.69408],[12.30128,11.64471],[12.30037,11.60857],[12.34855,11.583],[12.374,11.5495],[12.344,11.47897],[12.24583,11.39963],[12.22038,11.35907]]]}},{"type":"Feature","properties":{"name":"Esan North-East","id":"esan-north-east"},"geometry":{"type":"Polygon","coordinates":[[[6.53026,6.79332],[6.43118,6.77568],[6.42937,6.71397],[6.37392,6.70428],[6.33847,6.66813],[6.26394,6.64874],[6.23758,6.73513],[6.29666,6.75717],[6.37756,6.76687],[6.37937,6.81359],[6.39846,6.81183],[6.483,6.92556],[6.52208,6.88236],[6.53026,6.79332]]]}},{"type":"Feature","properties":{"name":"Tafawa-Balewa","id":"tafawa-balewa"},"geometry":{"type":"Polygon","coordinates":[[[9.82071,9.9115],[9.84071,9.86478],[9.91434,9.84891],[9.8898,9.75282],[9.9307,9.71579],[9.97251,9.69992],[9.98069,9.62322],[9.83889,9.60118],[9.80799,9.58002],[9.80254,9.68934],[9.75345,9.68934],[9.71527,9.71403],[9.58802,9.73959],[9.48349,9.75194],[9.4744,9.66378],[9.40441,9.59149],[9.44531,9.55446],[9.54075,9.5095],[9.57711,9.52272],[9.56893,9.47247],[9.4844,9.47512],[9.42531,9.47688],[9.39714,9.53154],[9.35078,9.53242],[9.31442,9.56327],[9.28988,9.61441],[9.28806,9.69199],[9.22352,9.68229],[9.15717,9.74047],[9.21898,9.77309],[9.2717,9.84627],[9.29624,9.89828],[9.34896,9.90181],[9.35987,9.87183],[9.48349,9.91062],[9.56439,9.88594],[9.65165,9.88153],[9.68437,9.91856],[9.58347,10.00583],[9.61983,10.03404],[9.56348,10.09047],[9.51803,10.11339],[9.52348,10.1513],[9.62165,10.17774],[9.63347,10.10016],[9.70255,10.02787],[9.73345,9.96616],[9.76436,9.97057],[9.82071,9.9115]]]}},{"type":"Feature","properties":{"name":"Nangere","id":"nangere"},"geometry":{"type":"Polygon","coordinates":[[[10.96692,12.08462],[11.036,11.93387],[11.10781,11.83778],[11.19507,11.86334],[11.23779,11.86423],[11.22143,11.80163],[11.20507,11.76284],[11.16689,11.73463],[11.03418,11.76108],[11.03509,11.67557],[11.01964,11.62796],[11.056,11.5971],[11.01782,11.56537],[10.95238,11.54333],[10.92965,11.516],[10.93965,11.55391],[10.92692,11.61033],[10.92056,11.71876],[10.92783,11.77695],[10.90511,11.8272],[10.87784,11.82896],[10.81694,11.88627],[10.80058,11.94357],[10.82148,11.98853],[10.86693,12.00616],[10.9342,12.09785],[10.96692,12.08462]]]}},{"type":"Feature","properties":{"name":"Ika","id":"ika"},"geometry":{"type":"Polygon","coordinates":[[[7.54648,5.08656],[7.60375,5.04953],[7.56285,4.97459],[7.49013,4.96049],[7.54648,5.08656]]]}},{"type":"Feature","properties":{"name":"Dambam","id":"dambam"},"geometry":{"type":"Polygon","coordinates":[[[10.87784,11.82896],[10.90511,11.8272],[10.92783,11.77695],[10.92056,11.71876],[10.92692,11.61033],[10.93965,11.55391],[10.92965,11.516],[10.9342,11.46751],[10.87966,11.44547],[10.85603,11.47897],[10.79331,11.46487],[10.76967,11.43313],[10.71786,11.42784],[10.70786,11.49308],[10.6206,11.56008],[10.59152,11.65882],[10.55698,11.66322],[10.57788,11.69496],[10.63151,11.70554],[10.67605,11.76813],[10.68696,11.80957],[10.73513,11.784],[10.75695,11.74962],[10.79422,11.75667],[10.87784,11.82896]]]}},{"type":"Feature","properties":{"name":"Ganjuwa","id":"ganjuwa"},"geometry":{"type":"Polygon","coordinates":[[[10.24247,10.44222],[10.21521,10.46073],[10.13794,10.44663],[10.10522,10.47572],[10.06795,10.42812],[10.01523,10.42723],[10.01705,10.38051],[9.91706,10.36905],[9.85071,10.38844],[9.84798,10.45192],[9.76163,10.56829],[9.72255,10.60796],[9.66165,10.61149],[9.56348,10.69171],[9.44713,10.75871],[9.41804,10.7878],[9.44713,10.81249],[9.50349,10.8213],[9.56348,10.85569],[9.60802,10.93679],[9.63892,10.96324],[9.62801,11.05228],[9.67892,11.03641],[9.7689,11.04787],[9.78617,11.0082],[9.85798,11.02319],[9.88162,10.98969],[9.92888,10.99145],[9.98524,10.95795],[10.04614,10.96589],[10.08795,10.98969],[10.13431,10.94737],[10.22066,10.94649],[10.1534,11.01349],[10.18885,11.08137],[10.24793,11.07961],[10.2852,11.1043],[10.32792,11.08226],[10.32428,10.95971],[10.27883,10.95178],[10.28156,10.89977],[10.36428,10.86627],[10.44699,10.91916],[10.48971,10.8072],[10.45245,10.80896],[10.44063,10.77282],[10.50153,10.77458],[10.52698,10.73667],[10.49426,10.68818],[10.46699,10.60708],[10.42699,10.61501],[10.30519,10.53655],[10.29338,10.48454],[10.24247,10.44222]]]}},{"type":"Feature","properties":{"name":"Nganzai","id":"nganzai"},"geometry":{"type":"Polygon","coordinates":[[[13.40204,12.54658],[13.3475,12.51837],[13.3684,12.41169],[13.35022,12.38613],[13.2866,12.3729],[13.30932,12.31913],[13.25024,12.29268],[13.27114,12.25213],[13.2666,12.19835],[13.2866,12.09432],[13.26387,12.08639],[13.22479,12.12782],[13.1548,12.18953],[13.13753,12.24243],[13.13571,12.36673],[13.08753,12.36233],[13.05299,12.33852],[12.98028,12.34205],[12.86938,12.30855],[12.87302,12.38789],[12.93028,12.48046],[12.94483,12.53071],[13.05118,12.66824],[13.08299,12.79254],[13.14207,12.79783],[13.19843,12.77315],[13.2057,12.73259],[13.25024,12.71232],[13.21388,12.63474],[13.23297,12.62151],[13.35204,12.62151],[13.33023,12.56509],[13.38749,12.58272],[13.40204,12.54658]]]}},{"type":"Feature","properties":{"name":"Ahoada West","id":"ahoada-west"},"geometry":{"type":"Polygon","coordinates":[[[6.57844,5.17736],[6.57662,5.02661],[6.55299,4.97283],[6.57753,4.89878],[6.56026,4.85117],[6.51754,4.86792],[6.46573,4.92699],[6.43391,4.93052],[6.4221,4.98165],[6.41119,5.00457],[6.49299,5.16326],[6.55299,5.1897],[6.57844,5.17736]]]}},{"type":"Feature","properties":{"name":"Song","id":"song"},"geometry":{"type":"Polygon","coordinates":[[[12.6485,9.56239],[12.47853,9.61176],[12.39218,9.60735],[12.33128,9.54123],[12.27219,9.52184],[12.22947,9.59149],[12.22765,9.65584],[12.25129,9.66554],[12.20584,9.74576],[12.17493,9.82599],[12.2322,9.85861],[12.2222,9.92649],[12.27674,9.945],[12.29219,9.99173],[12.33855,9.9644],[12.354,10.01906],[12.45308,10.01906],[12.49125,10.03581],[12.56942,10.04462],[12.59306,10.0887],[12.63396,10.03404],[12.71668,10.04903],[12.72122,10.10545],[12.76212,10.13984],[12.77485,10.10193],[12.82121,10.08341],[12.83211,10.00583],[12.87575,10.02435],[12.96028,9.99349],[13.05481,10.01994],[13.06845,9.92561],[13.05845,9.84538],[13.09208,9.77486],[13.08935,9.70962],[13.04481,9.70697],[12.95483,9.72549],[12.94483,9.69639],[12.88847,9.677],[12.82848,9.69375],[12.75485,9.677],[12.77212,9.61617],[12.76122,9.57826],[12.67668,9.59501],[12.6485,9.56239]]]}},{"type":"Feature","properties":{"name":"Oshimili North","id":"oshimili-north"},"geometry":{"type":"Polygon","coordinates":[[[6.57571,6.49534],[6.64661,6.48917],[6.66933,6.50151],[6.71296,6.3534],[6.72296,6.26524],[6.70569,6.26172],[6.68751,6.18855],[6.71296,6.1524],[6.68842,6.10832],[6.64479,6.10127],[6.61025,6.13741],[6.61025,6.19295],[6.63479,6.23615],[6.58116,6.29081],[6.56571,6.32784],[6.57935,6.41423],[6.57571,6.49534]]]}},{"type":"Feature","properties":{"name":"Gokana","id":"gokana"},"geometry":{"type":"Polygon","coordinates":[[[7.3047,4.59375],[7.28198,4.56025],[7.23562,4.62637],[7.2338,4.69513],[7.33197,4.71012],[7.36106,4.68808],[7.3247,4.64841],[7.3047,4.59375]]]}},{"type":"Feature","properties":{"name":"Bukkuyum","id":"bukkuyum"},"geometry":{"type":"Polygon","coordinates":[[[5.75037,12.32354],[5.74946,12.28915],[5.72219,12.24243],[5.72128,12.16044],[5.69401,12.08903],[5.73764,12.08815],[5.76491,12.03437],[5.81854,12.01939],[5.85127,11.89596],[5.90944,11.81133],[5.94216,11.78136],[5.94307,11.73111],[5.92126,11.69584],[5.91307,11.63589],[5.88035,11.61474],[5.81945,11.64824],[5.78037,11.6835],[5.70492,11.68791],[5.66947,11.66146],[5.58039,11.67557],[5.51404,11.66499],[5.46041,11.67292],[5.44041,11.70907],[5.37588,11.70995],[5.33679,11.73992],[5.31588,11.79105],[5.27044,11.77959],[5.23135,11.88538],[5.24771,11.92153],[5.28862,11.92682],[5.30589,11.96208],[5.35952,11.97971],[5.36951,12.07581],[5.34679,12.13311],[5.39769,12.19659],[5.40315,12.26623],[5.34861,12.28386],[5.31134,12.35615],[5.38497,12.32442],[5.4386,12.34293],[5.4695,12.25301],[5.54131,12.2724],[5.56676,12.35175],[5.6522,12.34822],[5.69129,12.32177],[5.75037,12.32354]]]}},{"type":"Feature","properties":{"name":"Damaturu","id":"damaturu"},"geometry":{"type":"Polygon","coordinates":[[[11.84862,11.62003],[11.81317,11.68526],[11.85043,11.74433],[11.84225,11.78488],[11.80044,11.81309],[11.78681,11.9039],[11.71318,11.95944],[11.72227,12.0141],[11.77953,12.01586],[11.8368,11.97619],[11.88952,12.00793],[11.92497,11.99118],[11.97769,11.99558],[12.06131,12.07493],[12.04132,12.09873],[12.09131,12.14457],[12.1613,12.11195],[12.23674,12.13752],[12.23765,12.08991],[12.27401,11.97707],[12.25583,11.88538],[12.27037,11.82632],[12.24401,11.80957],[12.19584,11.65793],[12.11403,11.60063],[12.04859,11.62267],[12.00223,11.56449],[11.95678,11.60504],[11.92133,11.61474],[11.87679,11.59799],[11.84862,11.62003]]]}},{"type":"Feature","properties":{"name":"Geidam","id":"geidam"},"geometry":{"type":"Polygon","coordinates":[[[12.49943,12.70967],[12.49671,12.66471],[12.46489,12.61358],[12.42763,12.60212],[12.44399,12.56068],[12.41854,12.52454],[12.37672,12.52013],[12.35309,12.46018],[12.2831,12.40993],[12.17675,12.43814],[12.04313,12.39494],[11.98405,12.39935],[11.9286,12.48398],[11.86952,12.46194],[11.74227,12.44784],[11.73318,12.50867],[11.78317,12.55275],[11.81589,12.63297],[11.80226,12.69821],[11.77135,12.72642],[11.76499,12.77932],[11.69773,12.80224],[11.66137,12.85513],[11.68227,12.87188],[11.71954,12.85161],[11.89315,12.92214],[11.96042,12.96974],[11.96678,12.90186],[12.01405,12.85954],[12.06586,12.9045],[12.10767,12.85602],[12.17221,12.86219],[12.21493,12.90098],[12.28128,12.90979],[12.344,12.98473],[12.40854,13.02352],[12.4149,12.98473],[12.3949,12.91596],[12.40945,12.85954],[12.48489,12.80136],[12.49943,12.70967]]]}},{"type":"Feature","properties":{"name":"Tarmuwa","id":"tarmuwa"},"geometry":{"type":"Polygon","coordinates":[[[11.72227,12.0141],[11.60683,12.04583],[11.61319,12.11724],[11.56502,12.16397],[11.50048,12.1622],[11.41595,12.18601],[11.41231,12.25124],[11.42867,12.30414],[11.3905,12.33588],[11.33505,12.33852],[11.31233,12.39054],[11.33051,12.41346],[11.4414,12.44696],[11.52139,12.49809],[11.55775,12.4928],[11.63683,12.50955],[11.68409,12.49368],[11.73318,12.50867],[11.74227,12.44784],[11.86952,12.46194],[11.9286,12.48398],[11.98405,12.39935],[12.04313,12.39494],[12.17675,12.43814],[12.2831,12.40993],[12.28492,12.26623],[12.25038,12.21245],[12.26401,12.17807],[12.23674,12.13752],[12.1613,12.11195],[12.09131,12.14457],[12.04132,12.09873],[12.06131,12.07493],[11.97769,11.99558],[11.92497,11.99118],[11.88952,12.00793],[11.8368,11.97619],[11.77953,12.01586],[11.72227,12.0141]]]}},{"type":"Feature","properties":{"name":"Madagali","id":"madagali"},"geometry":{"type":"Polygon","coordinates":[[[13.33659,10.86715],[13.50202,10.91035],[13.57747,10.94825],[13.67018,10.94473],[13.75108,10.91387],[13.63291,10.73491],[13.55929,10.6397],[13.47839,10.69612],[13.43294,10.71287],[13.35841,10.71375],[13.32114,10.74372],[13.33568,10.80015],[13.33659,10.86715]]]}},{"type":"Feature","properties":{"name":"Michika","id":"michika"},"geometry":{"type":"Polygon","coordinates":[[[13.32114,10.74372],[13.35841,10.71375],[13.43294,10.71287],[13.47839,10.69612],[13.55929,10.6397],[13.55383,10.56652],[13.53202,10.45368],[13.48657,10.41665],[13.35659,10.48542],[13.24842,10.51098],[13.23297,10.55859],[13.32114,10.74372]]]}},{"type":"Feature","properties":{"name":"Mubi North","id":"mubi-north"},"geometry":{"type":"Polygon","coordinates":[[[13.4693,10.18568],[13.31114,10.2853],[13.25387,10.25356],[13.23751,10.22006],[13.17479,10.2518],[13.16389,10.28618],[13.18479,10.34789],[13.23115,10.42547],[13.23479,10.46338],[13.24842,10.51098],[13.35659,10.48542],[13.48657,10.41665],[13.53202,10.45368],[13.48748,10.27824],[13.51747,10.25709],[13.50748,10.21477],[13.4693,10.18568]]]}},{"type":"Feature","properties":{"name":"Owan East","id":"owan-east"},"geometry":{"type":"Polygon","coordinates":[[[6.18031,7.11245],[6.2194,7.03752],[6.21576,6.94671],[6.16758,6.82417],[6.10123,6.81095],[6.04487,6.77657],[6.04215,6.85415],[6.01579,6.85326],[5.96943,6.98021],[5.98125,7.04898],[5.85217,7.09394],[5.88399,7.19973],[5.90308,7.21736],[5.90944,7.27819],[5.98761,7.22618],[6.06578,7.24645],[6.10123,7.20237],[6.1485,7.18386],[6.18031,7.11245]]]}},{"type":"Feature","properties":{"name":"Hong","id":"hong"},"geometry":{"type":"Polygon","coordinates":[[[13.23751,10.22006],[13.12207,10.22447],[13.10299,10.1178],[13.05481,10.01994],[12.96028,9.99349],[12.87575,10.02435],[12.83211,10.00583],[12.82121,10.08341],[12.77485,10.10193],[12.76212,10.13984],[12.7903,10.25532],[12.78394,10.2994],[12.7294,10.34084],[12.67668,10.34525],[12.61396,10.41577],[12.61215,10.44839],[12.65214,10.43869],[12.73486,10.57622],[12.87575,10.57358],[12.95846,10.54801],[13.01027,10.51363],[13.05208,10.46426],[13.12207,10.44398],[13.19116,10.4096],[13.23479,10.46338],[13.23115,10.42547],[13.18479,10.34789],[13.16389,10.28618],[13.17479,10.2518],[13.23751,10.22006]]]}},{"type":"Feature","properties":{"name":"Nassarawa","id":"nassarawa"},"geometry":{"type":"Polygon","coordinates":[[[8.53453,11.98941],[8.53544,11.99118],[8.55089,12.05289],[8.58907,12.03437],[8.61361,12.01322],[8.59907,11.97002],[8.59543,11.96208],[8.53453,11.98941]]]}},{"type":"Feature","properties":{"name":"Sabuwa","id":"sabuwa"},"geometry":{"type":"Polygon","coordinates":[[[6.8893,11.38376],[6.90112,11.4922],[7.00383,11.53539],[7.03383,11.53099],[7.07382,11.56272],[7.10745,11.55126],[7.112,11.47544],[7.13291,11.35731],[7.19472,11.25769],[7.21108,11.20215],[7.20108,11.15366],[7.16199,11.13074],[7.12927,11.1378],[7.07655,11.1951],[7.02565,11.2092],[6.96747,11.24535],[7.00838,11.29384],[7.00656,11.36172],[6.96111,11.35907],[6.8893,11.38376]]]}},{"type":"Feature","properties":{"name":"Ohaozara","id":"ohaozara"},"geometry":{"type":"Polygon","coordinates":[[[7.66919,6.06336],[7.71373,6.08364],[7.72646,6.11449],[7.77373,6.06424],[7.83554,6.07746],[7.91371,5.9752],[7.85281,5.96727],[7.82281,5.97785],[7.76918,5.95492],[7.72737,5.90732],[7.70737,5.93377],[7.71101,5.97079],[7.67556,6.00958],[7.66919,6.06336]]]}},{"type":"Feature","properties":{"name":"Kaura Namoda","id":"kaura-namoda"},"geometry":{"type":"Polygon","coordinates":[[[6.50118,12.44696],[6.44846,12.49545],[6.3921,12.5025],[6.42028,12.56685],[6.41755,12.64003],[6.5239,12.65325],[6.55026,12.67793],[6.60207,12.67265],[6.72751,12.6268],[6.74296,12.58713],[6.67024,12.57655],[6.65661,12.55187],[6.69206,12.48134],[6.66933,12.46812],[6.70115,12.39671],[6.74296,12.39583],[6.83295,12.335],[6.83749,12.27769],[6.80386,12.27946],[6.68569,12.34117],[6.63934,12.33676],[6.59753,12.44784],[6.50118,12.44696]]]}},{"type":"Feature","properties":{"name":"Dutsi","id":"dutsi"},"geometry":{"type":"Polygon","coordinates":[[[8.25093,12.87982],[8.24184,12.82604],[8.14186,12.81105],[8.10822,12.80488],[8.09459,12.81017],[8.08368,12.9239],[8.06369,12.93977],[8.05823,13.00853],[8.09732,13.00677],[8.16094,13.03851],[8.17185,13.01294],[8.22094,12.96269],[8.25093,12.87982]]]}},{"type":"Feature","properties":{"name":"Kabo","id":"kabo"},"geometry":{"type":"Polygon","coordinates":[[[8.28184,11.82103],[8.25639,11.78929],[8.22275,11.77166],[8.19094,11.80075],[8.14095,11.79017],[8.12004,11.85894],[8.07641,11.8801],[8.12368,11.90037],[8.04732,11.94533],[8.03005,11.97883],[8.10277,11.98412],[8.12277,12.01233],[8.14186,11.99294],[8.26184,11.87216],[8.28184,11.82103]]]}},{"type":"Feature","properties":{"name":"Dandume","id":"dandume"},"geometry":{"type":"Polygon","coordinates":[[[7.19472,11.25769],[7.13291,11.35731],[7.112,11.47544],[7.10745,11.55126],[7.13563,11.57859],[7.17654,11.57595],[7.19017,11.50101],[7.24834,11.49837],[7.30924,11.45869],[7.29925,11.40492],[7.30834,11.29296],[7.28925,11.28414],[7.22744,11.27885],[7.19472,11.25769]]]}},{"type":"Feature","properties":{"name":"Dawakin Tofa","id":"dawakin-tofa"},"geometry":{"type":"Polygon","coordinates":[[[8.38728,12.02203],[8.33819,12.07933],[8.25093,12.11989],[8.21548,12.14193],[8.29093,12.14722],[8.29638,12.18513],[8.35183,12.18777],[8.41091,12.25124],[8.45818,12.23185],[8.48454,12.26094],[8.51453,12.25742],[8.49635,12.23538],[8.50726,12.13135],[8.44,12.0908],[8.38728,12.02203]]]}},{"type":"Feature","properties":{"name":"Gezawa","id":"gezawa"},"geometry":{"type":"Polygon","coordinates":[[[8.59907,11.97002],[8.61361,12.01322],[8.58907,12.03437],[8.61815,12.04319],[8.63724,12.09873],[8.64724,12.13487],[8.71905,12.15603],[8.77813,12.15868],[8.76268,12.11901],[8.82085,12.0714],[8.84085,12.0185],[8.83812,11.97443],[8.79086,11.97971],[8.73632,11.96208],[8.70814,12.00616],[8.63179,11.96208],[8.59907,11.97002]]]}},{"type":"Feature","properties":{"name":"Bodinga","id":"bodinga"},"geometry":{"type":"Polygon","coordinates":[[[5.08501,12.77403],[5.05865,12.83486],[5.10228,12.85778],[5.05774,12.9336],[5.10591,12.93095],[5.12864,12.99795],[5.19863,12.94858],[5.2359,12.93183],[5.27498,12.81282],[5.32225,12.76521],[5.38315,12.72642],[5.37406,12.68499],[5.35315,12.62239],[5.29134,12.62239],[5.19954,12.67705],[5.18045,12.76521],[5.12046,12.80048],[5.08501,12.77403]]]}},{"type":"Feature","properties":{"name":"Zurmi","id":"zurmi"},"geometry":{"type":"Polygon","coordinates":[[[6.55026,12.67793],[6.56753,12.73876],[6.51481,12.75375],[6.42119,12.71849],[6.38483,12.75199],[6.43118,12.78284],[6.48572,12.78549],[6.48572,12.81723],[6.43755,12.86924],[6.40482,12.83221],[6.34211,12.90274],[6.39664,12.9239],[6.40482,12.9477],[6.43755,12.96445],[6.46482,12.92478],[6.52754,12.91685],[6.56208,12.8904],[6.64934,12.92037],[6.7475,12.93536],[6.7366,13.00589],[6.60662,13.04644],[6.68297,13.10727],[6.79295,13.13195],[6.80659,13.10815],[6.93293,12.99707],[7.0511,12.99531],[7.06655,12.88952],[7.0611,12.73965],[7.04292,12.71937],[6.98929,12.67353],[6.87021,12.64267],[6.81659,12.64267],[6.74296,12.58713],[6.72751,12.6268],[6.60207,12.67265],[6.55026,12.67793]]]}},{"type":"Feature","properties":{"name":"Warawa","id":"warawa"},"geometry":{"type":"Polygon","coordinates":[[[8.86357,11.9612],[8.86357,11.91183],[8.87266,11.86687],[8.82085,11.79811],[8.7745,11.83513],[8.74723,11.82455],[8.70723,11.86158],[8.73632,11.88362],[8.7136,11.91977],[8.63179,11.9374],[8.63179,11.96208],[8.70814,12.00616],[8.73632,11.96208],[8.79086,11.97971],[8.83812,11.97443],[8.86357,11.9612]]]}},{"type":"Feature","properties":{"name":"Tangaza","id":"tangaza"},"geometry":{"type":"Polygon","coordinates":[[[5.07137,13.17339],[5.01593,13.18661],[4.94139,13.25802],[4.96502,13.28623],[4.85413,13.33384],[4.72778,13.35059],[4.76142,13.44668],[4.76414,13.51633],[4.72324,13.54278],[4.75869,13.59479],[4.70415,13.65121],[4.7496,13.68736],[4.80777,13.71204],[4.80141,13.76846],[4.87322,13.78169],[4.90867,13.74554],[5.00593,13.73584],[5.07774,13.75171],[5.15863,13.7429],[5.15318,13.63093],[5.18409,13.51985],[5.16772,13.42729],[5.11864,13.42552],[5.12591,13.3356],[5.07774,13.30298],[5.135,13.24921],[5.10682,13.19014],[5.07137,13.17339]]]}},{"type":"Feature","properties":{"name":"Maigatari","id":"maigatari"},"geometry":{"type":"Polygon","coordinates":[[[9.66165,12.83398],[9.68073,12.82075],[9.72891,12.78373],[9.7989,12.65942],[9.76527,12.60917],[9.66437,12.56245],[9.47622,12.59242],[9.47076,12.68146],[9.41168,12.70526],[9.34987,12.68234],[9.33078,12.75904],[9.35078,12.78284],[9.33442,12.8234],[9.43077,12.8234],[9.63529,12.80224],[9.66165,12.83398]]]}},{"type":"Feature","properties":{"name":"Danja","id":"danja"},"geometry":{"type":"Polygon","coordinates":[[[7.751,11.37142],[7.72101,11.37054],[7.70646,11.30971],[7.61829,11.27797],[7.57739,11.31588],[7.49649,11.35114],[7.47286,11.37583],[7.39014,11.37054],[7.38742,11.47368],[7.40105,11.52658],[7.4565,11.54421],[7.5074,11.49043],[7.49831,11.44635],[7.53285,11.43577],[7.5883,11.39169],[7.63465,11.41726],[7.69555,11.43137],[7.751,11.37142]]]}},{"type":"Feature","properties":{"name":"Fagge","id":"fagge"},"geometry":{"type":"Polygon","coordinates":[[[8.55089,12.05289],[8.53544,11.99118],[8.5218,12.01145],[8.46636,12.06523],[8.55089,12.05289]]]}},{"type":"Feature","properties":{"name":"Jibia","id":"jibia"},"geometry":{"type":"Polygon","coordinates":[[[7.0611,12.73965],[7.06655,12.88952],[7.0511,12.99531],[7.09018,12.99531],[7.14745,13.04291],[7.21926,13.12578],[7.38014,13.09934],[7.61466,13.23598],[7.64647,13.20601],[7.60011,13.11873],[7.60011,13.06143],[7.56012,13.0244],[7.55557,12.97679],[7.48013,12.95475],[7.41559,12.89392],[7.39832,12.89745],[7.36287,13.0006],[7.28198,13.0006],[7.24471,13.02087],[7.18472,13.0006],[7.14018,12.94241],[7.10564,12.93271],[7.12382,12.86483],[7.11109,12.7802],[7.0611,12.73965]]]}},{"type":"Feature","properties":{"name":"Eleme","id":"eleme"},"geometry":{"type":"Polygon","coordinates":[[[7.122,4.70218],[7.11927,4.76742],[7.07382,4.81679],[7.10655,4.85117],[7.17108,4.85117],[7.18472,4.80797],[7.18926,4.74097],[7.122,4.70218]]]}},{"type":"Feature","properties":{"name":"Bebeji","id":"bebeji"},"geometry":{"type":"Polygon","coordinates":[[[8.43273,11.42255],[8.38546,11.37671],[8.30093,11.34673],[8.26638,11.4058],[8.27275,11.43754],[8.20185,11.47985],[8.2173,11.51776],[8.21457,11.57947],[8.19185,11.62443],[8.22275,11.66587],[8.23275,11.71259],[8.27275,11.72405],[8.33183,11.72758],[8.33547,11.67028],[8.40455,11.57506],[8.43363,11.57683],[8.41636,11.53539],[8.43273,11.42255]]]}},{"type":"Feature","properties":{"name":"Rano","id":"rano"},"geometry":{"type":"Polygon","coordinates":[[[8.61452,11.34938],[8.5618,11.34232],[8.43273,11.42255],[8.41636,11.53539],[8.43363,11.57683],[8.46272,11.55655],[8.56089,11.60857],[8.5927,11.58917],[8.63542,11.63501],[8.67178,11.63413],[8.64451,11.61033],[8.6427,11.54421],[8.6227,11.48691],[8.56271,11.41902],[8.61452,11.34938]]]}},{"type":"Feature","properties":{"name":"Tarauni","id":"tarauni"},"geometry":{"type":"Polygon","coordinates":[[[8.53453,11.98941],[8.59543,11.96208],[8.53635,11.93299],[8.53089,11.96737],[8.53453,11.98941]]]}},{"type":"Feature","properties":{"name":"Etinan","id":"etinan"},"geometry":{"type":"Polygon","coordinates":[[[7.87553,4.67662],[7.80281,4.7207],[7.78645,4.79651],[7.83099,4.82472],[7.80099,4.88379],[7.82372,4.95784],[7.8628,4.89525],[7.87553,4.79828],[7.87462,4.7207],[7.89189,4.71364],[7.87553,4.67662]]]}},{"type":"Feature","properties":{"name":"Yewa South","id":"yewa-south"},"geometry":{"type":"Polygon","coordinates":[[[3.08165,6.76158],[3.04984,6.75188],[3.00984,6.67166],[2.98257,6.684],[2.93076,6.64697],[2.93622,6.61788],[2.88713,6.56763],[2.82623,6.64433],[2.87259,6.684],[2.87531,6.76422],[2.80714,6.77392],[2.82714,6.81624],[2.83714,6.8612],[2.90349,6.87795],[2.91804,6.9476],[2.97439,6.93878],[3.00802,6.95906],[3.05165,6.94495],[3.08892,6.88324],[3.05802,6.83034],[3.08165,6.76158]]]}},{"type":"Feature","properties":{"name":"Argungu","id":"argungu"},"geometry":{"type":"Polygon","coordinates":[[[4.45146,12.85513],[4.54963,12.80224],[4.55145,12.76874],[4.58417,12.73524],[4.66598,12.70526],[4.73051,12.70174],[4.75778,12.63738],[4.70779,12.62857],[4.66416,12.58889],[4.6178,12.6603],[4.5669,12.66824],[4.45691,12.61975],[4.44782,12.55892],[4.35329,12.55716],[4.35875,12.58889],[4.28694,12.58008],[4.25967,12.54658],[4.22149,12.61182],[4.17332,12.65589],[4.20149,12.69557],[4.34057,12.76698],[4.39692,12.84632],[4.45146,12.85513]]]}},{"type":"Feature","properties":{"name":"Kiru","id":"kiru"},"geometry":{"type":"Polygon","coordinates":[[[8.30093,11.34673],[8.26457,11.31323],[8.20639,11.31852],[8.11368,11.40844],[8.14367,11.4199],[8.15004,11.51952],[8.08641,11.51776],[8.03551,11.49308],[8.03096,11.53451],[7.99097,11.54068],[7.9537,11.65529],[7.98824,11.68615],[8.02824,11.6932],[8.10186,11.76813],[8.14095,11.79017],[8.19094,11.80075],[8.22275,11.77166],[8.25639,11.78929],[8.27275,11.72405],[8.23275,11.71259],[8.22275,11.66587],[8.19185,11.62443],[8.21457,11.57947],[8.2173,11.51776],[8.20185,11.47985],[8.27275,11.43754],[8.26638,11.4058],[8.30093,11.34673]]]}},{"type":"Feature","properties":{"name":"Batagarawa","id":"batagarawa"},"geometry":{"type":"Polygon","coordinates":[[[7.41559,12.89392],[7.48013,12.95475],[7.55557,12.97679],[7.59466,12.95211],[7.6701,12.97503],[7.68919,13.0244],[7.72646,13.03674],[7.761,13.00412],[7.74827,12.95211],[7.68737,12.95123],[7.64738,12.85954],[7.66465,12.82869],[7.59284,12.76345],[7.58103,12.72113],[7.53376,12.69645],[7.50922,12.804],[7.47559,12.8137],[7.48104,12.85866],[7.41287,12.86307],[7.41559,12.89392]]]}},{"type":"Feature","properties":{"name":"Bomadi","id":"bomadi"},"geometry":{"type":"Polygon","coordinates":[[[5.92762,5.16061],[5.91489,5.10772],[5.88126,5.10948],[5.87944,5.17648],[5.80036,5.18706],[5.75855,5.20998],[5.81218,5.24701],[5.74764,5.27345],[5.72855,5.32811],[5.80491,5.35897],[5.84672,5.28491],[5.85672,5.21791],[5.88671,5.2091],[5.92762,5.16061]]]}},{"type":"Feature","properties":{"name":"Kwaya Kusar","id":"kwaya-kusar"},"geometry":{"type":"Polygon","coordinates":[[[11.83862,10.66526],[11.93042,10.56917],[11.96769,10.58416],[11.9995,10.53479],[11.9895,10.48277],[12.04586,10.46779],[12.03768,10.40784],[12.0095,10.34701],[11.99314,10.35582],[11.83953,10.30381],[11.8168,10.34525],[11.82589,10.37434],[11.80862,10.43252],[11.725,10.46426],[11.71227,10.54096],[11.79408,10.52685],[11.7859,10.59033],[11.83862,10.66526]]]}},{"type":"Feature","properties":{"name":"Igbo-Etiti","id":"igbo-etiti"},"geometry":{"type":"Polygon","coordinates":[[[7.30197,6.73689],[7.34924,6.72279],[7.41468,6.76863],[7.46195,6.73954],[7.53012,6.71574],[7.5983,6.65579],[7.55376,6.5932],[7.49558,6.63992],[7.4265,6.61259],[7.41105,6.64697],[7.34106,6.62581],[7.29743,6.67871],[7.30197,6.73689]]]}},{"type":"Feature","properties":{"name":"Doguwa","id":"doguwa"},"geometry":{"type":"Polygon","coordinates":[[[8.78359,10.59738],[8.71087,10.5436],[8.64997,10.62383],[8.59361,10.64499],[8.54362,10.63176],[8.50635,10.65028],[8.4809,10.71551],[8.5718,10.74813],[8.56271,10.81602],[8.58543,10.86186],[8.5718,10.92181],[8.61452,11.0179],[8.60725,11.07168],[8.50635,11.13251],[8.51908,11.16248],[8.58361,11.22155],[8.62906,11.22331],[8.64361,11.14044],[8.64542,11.11487],[8.68814,11.06551],[8.68724,11.03906],[8.74541,10.97999],[8.76632,10.94208],[8.74541,10.85745],[8.76632,10.85128],[8.7854,10.7975],[8.82176,10.76929],[8.85539,10.70758],[8.82176,10.67232],[8.78359,10.59738]]]}},{"type":"Feature","properties":{"name":"Bade","id":"bade"},"geometry":{"type":"MultiPolygon","coordinates":[[[[11.19598,12.51925],[11.04691,12.49192],[11.02328,12.56509],[10.99328,12.59154],[10.99873,12.62504],[11.04055,12.67441],[11.08145,12.6894],[11.046,12.78813],[11.10872,12.80312],[11.14689,12.77226],[11.14326,12.73965],[11.18689,12.66383],[11.19234,12.60829],[11.26324,12.59859],[11.24415,12.50867],[11.19598,12.51925]]],[[[11.03509,12.81017],[11.01237,12.8472],[10.94965,12.84103],[10.89148,12.81282],[10.87057,12.83574],[10.74422,12.79078],[10.70786,12.75463],[10.69605,12.69292],[10.66332,12.7035],[10.64787,12.64972],[10.58879,12.64179],[10.58425,12.71144],[10.55879,12.80577],[10.58152,12.84984],[10.76967,12.88863],[10.88511,12.89481],[10.92783,12.86395],[10.98783,12.87717],[11.03327,12.93271],[11.08599,12.92037],[11.066,12.88863],[11.08781,12.84808],[11.03509,12.81017]]]]}},{"type":"Feature","properties":{"name":"Itu","id":"itu"},"geometry":{"type":"Polygon","coordinates":[[[7.93461,5.07686],[7.87735,5.04512],[7.98006,5.20733],[8.01642,5.24701],[8.0655,5.19852],[8.08368,5.12535],[8.02006,5.10154],[7.98279,5.11741],[7.93461,5.07686]]]}},{"type":"Feature","properties":{"name":"Bama","id":"bama"},"geometry":{"type":"Polygon","coordinates":[[[13.78653,11.74962],[13.92105,11.74345],[14.06649,11.78048],[14.26464,11.78665],[14.23465,11.62091],[14.41735,11.4966],[14.46643,11.47897],[14.49916,11.43489],[14.41099,11.40404],[14.33009,11.3388],[14.18829,11.24447],[14.14739,11.23565],[14.00377,11.28326],[13.92105,11.32646],[13.76471,11.33439],[13.59837,11.38817],[13.59383,11.43489],[13.57292,11.52129],[13.59474,11.53275],[13.64564,11.50277],[13.68563,11.53892],[13.63837,11.6306],[13.58565,11.65088],[13.70927,11.74786],[13.78653,11.74962]]]}},{"type":"Feature","properties":{"name":"Gada","id":"gada"},"geometry":{"type":"Polygon","coordinates":[[[5.98216,13.71292],[5.92398,13.62124],[5.9158,13.56481],[5.80036,13.57716],[5.76219,13.50663],[5.7022,13.48371],[5.68129,13.54806],[5.68947,13.60096],[5.6422,13.61859],[5.54585,13.56922],[5.57403,13.53572],[5.55858,13.49429],[5.53404,13.50663],[5.52495,13.56481],[5.51404,13.65209],[5.45223,13.68736],[5.41951,13.85927],[5.5304,13.88571],[5.6313,13.83634],[5.82491,13.76405],[5.85945,13.75876],[5.98216,13.71292]]]}},{"type":"Feature","properties":{"name":"Gusau","id":"gusau"},"geometry":{"type":"MultiPolygon","coordinates":[[[[6.49754,11.59181],[6.54844,11.62972],[6.56753,11.66763],[6.5648,11.75226],[6.57935,11.77607],[6.57844,11.8845],[6.59298,11.95239],[6.57298,12.0044],[6.58207,12.05641],[6.56753,12.11107],[6.58298,12.17719],[6.60571,12.19835],[6.6757,12.21598],[6.6866,12.19306],[6.74296,12.20276],[6.75659,12.13752],[6.82658,12.07757],[6.80568,12.00264],[6.74569,11.99999],[6.74023,11.94974],[6.66479,11.89508],[6.70387,11.82632],[6.68206,11.71436],[6.72296,11.67116],[6.71387,11.59446],[6.64297,11.56801],[6.56298,11.56449],[6.49754,11.59181]]],[[[7.06564,12.43197],[7.09291,12.28298],[7.15018,12.23185],[7.15654,12.18513],[7.11745,12.09432],[7.05564,12.08639],[7.0002,12.09697],[6.96657,12.06699],[6.88567,12.1049],[6.90657,12.15956],[6.86931,12.24155],[6.89839,12.27593],[6.94929,12.32794],[6.95384,12.37555],[7.0102,12.43285],[7.06564,12.43197]]]]}},{"type":"Feature","properties":{"name":"Lagos Mainland","id":"lagos-mainland"},"geometry":{"type":"Polygon","coordinates":[[[3.37979,6.46625],[3.36434,6.47594],[3.36525,6.51738],[3.36706,6.52443],[3.39979,6.52355],[3.37979,6.46625]]]}},{"type":"Feature","properties":{"name":"Kaita","id":"kaita"},"geometry":{"type":"Polygon","coordinates":[[[7.82008,13.35235],[7.8119,13.30915],[7.84826,13.28006],[7.86099,13.24039],[7.93279,13.24656],[7.94188,13.1822],[7.86371,13.09052],[7.84281,13.08258],[7.81736,13.08435],[7.77009,13.02969],[7.72646,13.03674],[7.68919,13.0244],[7.67283,13.04908],[7.60011,13.06143],[7.60011,13.11873],[7.64647,13.20601],[7.61466,13.23598],[7.75918,13.31004],[7.82008,13.35235]]]}},{"type":"Feature","properties":{"name":"Minjibir","id":"minjibir"},"geometry":{"type":"Polygon","coordinates":[[[8.50726,12.13135],[8.49635,12.23538],[8.51453,12.25742],[8.54544,12.28122],[8.59816,12.26006],[8.6427,12.26182],[8.6736,12.3059],[8.73268,12.26888],[8.7136,12.21069],[8.71905,12.15603],[8.64724,12.13487],[8.63724,12.09873],[8.57998,12.09608],[8.54271,12.13664],[8.50726,12.13135]]]}},{"type":"Feature","properties":{"name":"Ini","id":"ini"},"geometry":{"type":"Polygon","coordinates":[[[7.80736,5.28932],[7.72101,5.29726],[7.66647,5.34663],[7.62193,5.38806],[7.65829,5.44625],[7.70101,5.43567],[7.70374,5.4868],[7.73373,5.51765],[7.76009,5.50531],[7.78918,5.44448],[7.86553,5.41804],[7.88007,5.3669],[7.8419,5.33605],[7.80736,5.28932]]]}},{"type":"Feature","properties":{"name":"Talata Mafara","id":"talata-mafara"},"geometry":{"type":"Polygon","coordinates":[[[5.88581,12.31384],[5.87581,12.35527],[5.90308,12.44784],[5.94398,12.47076],[5.94762,12.50867],[5.99943,12.55363],[6.03215,12.61093],[6.10487,12.67265],[6.10941,12.63826],[6.1485,12.59507],[6.14123,12.50426],[6.16849,12.43462],[6.2203,12.45048],[6.28302,12.40817],[6.24121,12.35527],[6.16304,12.19394],[6.11396,12.13223],[6.05396,12.12077],[5.99943,12.15427],[5.90944,12.14105],[5.88581,12.31384]]]}},{"type":"Feature","properties":{"name":"Gwandu","id":"gwandu"},"geometry":{"type":"Polygon","coordinates":[[[4.47509,12.4064],[4.44782,12.49368],[4.44782,12.55892],[4.45691,12.61975],[4.5669,12.66824],[4.6178,12.6603],[4.66416,12.58889],[4.70779,12.62857],[4.75778,12.63738],[4.79505,12.57567],[4.80323,12.48487],[4.7696,12.46988],[4.7496,12.42139],[4.75414,12.36409],[4.70961,12.36497],[4.69143,12.40023],[4.62962,12.43285],[4.58599,12.38877],[4.59235,12.34646],[4.54872,12.3015],[4.49418,12.34822],[4.47509,12.4064]]]}},{"type":"Feature","properties":{"name":"Birnin Magaji-Kiyaw","id":"birnin-magaji-kiyaw"},"geometry":{"type":"Polygon","coordinates":[[[6.89839,12.27593],[6.83749,12.27769],[6.83295,12.335],[6.74296,12.39583],[6.70115,12.39671],[6.66933,12.46812],[6.69206,12.48134],[6.65661,12.55187],[6.67024,12.57655],[6.74296,12.58713],[6.81659,12.64267],[6.87021,12.64267],[6.98929,12.67353],[7.04474,12.65854],[7.0511,12.53952],[7.06564,12.43197],[7.0102,12.43285],[6.95384,12.37555],[6.94929,12.32794],[6.89839,12.27593]]]}},{"type":"Feature","properties":{"name":"Shanono","id":"shanono"},"geometry":{"type":"Polygon","coordinates":[[[7.86553,12.02115],[7.88007,12.04407],[7.85553,12.14722],[7.8628,12.23273],[7.87644,12.23538],[7.94461,12.17807],[7.99915,12.16309],[7.9837,12.09785],[8.01551,12.05994],[8.11186,12.06964],[8.12277,12.01233],[8.10277,11.98412],[8.03005,11.97883],[7.9837,11.98324],[7.90553,11.96561],[7.86553,12.02115]]]}},{"type":"Feature","properties":{"name":"Rogo","id":"rogo"},"geometry":{"type":"Polygon","coordinates":[[[7.80554,11.37142],[7.751,11.37142],[7.69555,11.43137],[7.67556,11.48338],[7.67919,11.52393],[7.71101,11.54862],[7.70464,11.5927],[7.76645,11.62884],[7.84099,11.63325],[7.90098,11.65],[7.9537,11.65529],[7.99097,11.54068],[8.03096,11.53451],[8.03551,11.49308],[7.95643,11.46751],[7.90007,11.43137],[7.87917,11.3864],[7.80554,11.37142]]]}},{"type":"Feature","properties":{"name":"Batsari","id":"batsari"},"geometry":{"type":"Polygon","coordinates":[[[7.04292,12.71937],[7.0611,12.73965],[7.11109,12.7802],[7.12382,12.86483],[7.10564,12.93271],[7.14018,12.94241],[7.18472,13.0006],[7.24471,13.02087],[7.28198,13.0006],[7.36287,13.0006],[7.39832,12.89745],[7.41559,12.89392],[7.41287,12.86307],[7.41832,12.81194],[7.40105,12.78108],[7.39832,12.71055],[7.36924,12.68058],[7.29561,12.67705],[7.2747,12.69909],[7.122,12.66912],[7.12291,12.7035],[7.04292,12.71937]]]}},{"type":"Feature","properties":{"name":"Eket","id":"eket"},"geometry":{"type":"Polygon","coordinates":[[[8.00278,4.60168],[7.94461,4.56025],[7.90189,4.56466],[7.87553,4.67662],[7.89189,4.71364],[7.93461,4.72334],[7.96552,4.68984],[8.0346,4.68191],[8.01006,4.65546],[8.00278,4.60168]]]}},{"type":"Feature","properties":{"name":"Okobo","id":"okobo"},"geometry":{"type":"Polygon","coordinates":[[[8.19549,4.95432],[8.18367,4.89437],[8.21457,4.86175],[8.18094,4.79211],[8.12731,4.77271],[8.09914,4.69601],[8.06187,4.69778],[8.05187,4.74979],[8.08732,4.79299],[8.08005,4.8309],[8.10004,4.88379],[8.08277,4.91817],[8.12277,4.96578],[8.16094,4.96931],[8.19549,4.95432]]]}},{"type":"Feature","properties":{"name":"Kano Municipal","id":"kano-municipal"},"geometry":{"type":"Polygon","coordinates":[[[8.53544,11.99118],[8.53453,11.98941],[8.53089,11.96737],[8.5109,11.95944],[8.50908,11.99999],[8.5218,12.01145],[8.53544,11.99118]]]}},{"type":"Feature","properties":{"name":"Bursari","id":"bursari"},"geometry":{"type":"Polygon","coordinates":[[[11.31233,12.39054],[11.22597,12.34822],[11.21598,12.41169],[11.19143,12.47076],[11.19598,12.51925],[11.24415,12.50867],[11.26324,12.59859],[11.19234,12.60829],[11.18689,12.66383],[11.14326,12.73965],[11.14689,12.77226],[11.10872,12.80312],[11.046,12.78813],[11.03509,12.81017],[11.08781,12.84808],[11.066,12.88863],[11.08599,12.92037],[11.20598,12.96533],[11.2587,12.95123],[11.43413,12.98385],[11.44503,13.02087],[11.45867,13.0244],[11.58411,12.97856],[11.58683,12.94682],[11.66319,12.91861],[11.68227,12.87188],[11.66137,12.85513],[11.69773,12.80224],[11.76499,12.77932],[11.77135,12.72642],[11.80226,12.69821],[11.81589,12.63297],[11.78317,12.55275],[11.73318,12.50867],[11.68409,12.49368],[11.63683,12.50955],[11.55775,12.4928],[11.52139,12.49809],[11.4414,12.44696],[11.33051,12.41346],[11.31233,12.39054]]]}},{"type":"Feature","properties":{"name":"Maiyama","id":"maiyama"},"geometry":{"type":"Polygon","coordinates":[[[4.55054,11.89156],[4.54872,11.79546],[4.50963,11.75579],[4.43601,11.71083],[4.3951,11.75667],[4.36874,11.74697],[4.30057,11.73287],[4.27694,11.79899],[4.31239,11.84836],[4.29148,11.90037],[4.20331,12.00264],[4.20149,12.04848],[4.1515,12.07405],[4.10514,12.07405],[4.13241,12.13752],[4.11787,12.17455],[4.15968,12.25036],[4.18422,12.28475],[4.24422,12.30679],[4.29057,12.24155],[4.22967,12.19394],[4.16877,12.1816],[4.2024,12.13399],[4.34147,12.16573],[4.3842,12.14193],[4.36602,12.05289],[4.38874,12.03614],[4.38329,11.98677],[4.4451,11.97002],[4.45055,11.88274],[4.46782,11.86511],[4.55054,11.89156]]]}},{"type":"Feature","properties":{"name":"Lagos Island","id":"lagos-island"},"geometry":{"type":"Polygon","coordinates":[[[3.40342,6.43892],[3.38161,6.4636],[3.40433,6.45831],[3.40342,6.43892]]]}},{"type":"Feature","properties":{"name":"Madobi","id":"madobi"},"geometry":{"type":"Polygon","coordinates":[[[8.50999,11.84571],[8.44272,11.84659],[8.41182,11.82015],[8.3791,11.75755],[8.33183,11.72758],[8.27275,11.72405],[8.25639,11.78929],[8.28184,11.82103],[8.40637,11.90566],[8.50181,11.86423],[8.50999,11.84571]]]}},{"type":"Feature","properties":{"name":"Miga","id":"miga"},"geometry":{"type":"Polygon","coordinates":[[[9.76981,12.12606],[9.72527,12.14634],[9.65347,12.13135],[9.60983,12.1384],[9.53166,12.20805],[9.5662,12.26535],[9.55893,12.29885],[9.60802,12.32794],[9.67255,12.33323],[9.68437,12.28739],[9.74254,12.30414],[9.7789,12.28563],[9.82071,12.30502],[9.8598,12.22303],[9.81981,12.20188],[9.76981,12.12606]]]}},{"type":"Feature","properties":{"name":"Rimi","id":"rimi"},"geometry":{"type":"Polygon","coordinates":[[[7.58103,12.72113],[7.59284,12.76345],[7.66465,12.82869],[7.64738,12.85954],[7.68737,12.95123],[7.74827,12.95211],[7.761,13.00412],[7.72646,13.03674],[7.77009,13.02969],[7.81736,13.08435],[7.84281,13.08258],[7.79827,13.02793],[7.79372,12.938],[7.76555,12.87894],[7.79736,12.82604],[7.78009,12.80048],[7.78827,12.70879],[7.75464,12.70262],[7.72555,12.7467],[7.6801,12.71672],[7.63011,12.74494],[7.58103,12.72113]]]}},{"type":"Feature","properties":{"name":"Gabasawa","id":"gabasawa"},"geometry":{"type":"Polygon","coordinates":[[[8.94538,12.07228],[8.89812,12.02556],[8.86357,11.9612],[8.83812,11.97443],[8.84085,12.0185],[8.82085,12.0714],[8.76268,12.11901],[8.77813,12.15868],[8.71905,12.15603],[8.7136,12.21069],[8.73268,12.26888],[8.72359,12.29444],[8.78813,12.27769],[8.83994,12.30855],[8.90993,12.30061],[8.95265,12.18513],[8.93811,12.11372],[8.94538,12.07228]]]}},{"type":"Feature","properties":{"name":"Aleiro","id":"aleiro"},"geometry":{"type":"Polygon","coordinates":[[[4.36056,12.33676],[4.40419,12.35263],[4.39238,12.41081],[4.47509,12.4064],[4.49418,12.34822],[4.54872,12.3015],[4.53054,12.23978],[4.44782,12.22392],[4.37238,12.28386],[4.36056,12.33676]]]}},{"type":"Feature","properties":{"name":"Ungogo","id":"ungogo"},"geometry":{"type":"Polygon","coordinates":[[[8.58907,12.03437],[8.55089,12.05289],[8.46636,12.06523],[8.46908,12.02379],[8.44454,11.97178],[8.40273,11.9471],[8.41727,11.97883],[8.38728,12.02203],[8.44,12.0908],[8.50726,12.13135],[8.54271,12.13664],[8.57998,12.09608],[8.63724,12.09873],[8.61815,12.04319],[8.58907,12.03437]]]}},{"type":"Feature","properties":{"name":"Tambuwal","id":"tambuwal"},"geometry":{"type":"Polygon","coordinates":[[[5.12409,12.28563],[4.99775,12.30061],[4.95321,12.31472],[4.95048,12.23097],[4.87504,12.23009],[4.75778,12.23626],[4.70324,12.22568],[4.69779,12.1578],[4.66507,12.17014],[4.6278,12.11372],[4.6278,12.05465],[4.5878,12.03878],[4.55235,12.09785],[4.55599,12.21245],[4.53054,12.23978],[4.54872,12.3015],[4.59235,12.34646],[4.58599,12.38877],[4.62962,12.43285],[4.69143,12.40023],[4.70961,12.36497],[4.75414,12.36409],[4.7496,12.42139],[4.7696,12.46988],[4.80323,12.48487],[4.79505,12.57567],[4.75778,12.63738],[4.73051,12.70174],[4.75051,12.75111],[4.8105,12.74582],[4.88049,12.72025],[4.86777,12.62857],[4.82959,12.6171],[4.82959,12.56421],[4.87322,12.55275],[4.90594,12.42844],[4.94775,12.39935],[4.94503,12.50426],[4.96593,12.52895],[5.01593,12.52895],[5.07137,12.47605],[5.07228,12.41787],[5.12228,12.41434],[5.13864,12.37643],[5.11864,12.34646],[5.12409,12.28563]]]}},{"type":"Feature","properties":{"name":"Jega","id":"jega"},"geometry":{"type":"Polygon","coordinates":[[[4.5878,12.03878],[4.5669,11.91977],[4.55054,11.89156],[4.46782,11.86511],[4.45055,11.88274],[4.4451,11.97002],[4.38329,11.98677],[4.38874,12.03614],[4.36602,12.05289],[4.3842,12.14193],[4.34147,12.16573],[4.2024,12.13399],[4.16877,12.1816],[4.22967,12.19394],[4.29057,12.24155],[4.24422,12.30679],[4.23513,12.33235],[4.29421,12.3253],[4.36056,12.33676],[4.37238,12.28386],[4.44782,12.22392],[4.53054,12.23978],[4.55599,12.21245],[4.55235,12.09785],[4.5878,12.03878]]]}},{"type":"Feature","properties":{"name":"Katsina","id":"katsina"},"geometry":{"type":"Polygon","coordinates":[[[7.55557,12.97679],[7.56012,13.0244],[7.60011,13.06143],[7.67283,13.04908],[7.68919,13.0244],[7.6701,12.97503],[7.59466,12.95211],[7.55557,12.97679]]]}},{"type":"Feature","properties":{"name":"Dawakin Kudu","id":"dawakin-kudu"},"geometry":{"type":"Polygon","coordinates":[[[8.61815,11.75226],[8.60088,11.78576],[8.50999,11.84571],[8.50181,11.86423],[8.52271,11.88979],[8.60543,11.88803],[8.63179,11.9374],[8.7136,11.91977],[8.73632,11.88362],[8.70723,11.86158],[8.74723,11.82455],[8.7745,11.83513],[8.82085,11.79811],[8.76813,11.75932],[8.70632,11.7699],[8.69996,11.67645],[8.66178,11.66411],[8.65906,11.717],[8.61815,11.75226]]]}},{"type":"Feature","properties":{"name":"Arewa Dandi","id":"arewa-dandi"},"geometry":{"type":"Polygon","coordinates":[[[4.55508,13.11168],[4.476,13.0006],[4.51418,12.96445],[4.56054,12.96269],[4.54417,12.91949],[4.46964,12.89481],[4.45146,12.85513],[4.39692,12.84632],[4.34057,12.76698],[4.20149,12.69557],[4.17332,12.65589],[4.05424,12.55628],[3.99334,12.53159],[3.98516,12.46812],[3.93699,12.46106],[3.87972,12.42668],[3.82609,12.37643],[3.83245,12.28563],[3.82155,12.24155],[3.78428,12.22127],[3.797,12.13928],[3.76428,12.09961],[3.70974,12.14545],[3.62885,12.12518],[3.66611,12.20717],[3.66157,12.41522],[3.65248,12.48663],[3.67248,12.55187],[3.79519,12.64267],[3.95244,12.74846],[4.10514,12.99619],[4.14332,13.1822],[4.12605,13.25009],[4.21422,13.26331],[4.30057,13.25978],[4.3742,13.20072],[4.46782,13.18044],[4.49782,13.16016],[4.55508,13.11168]]]}},{"type":"Feature","properties":{"name":"Etim Ekpo","id":"etim-ekpo"},"geometry":{"type":"Polygon","coordinates":[[[7.60375,5.04953],[7.62193,5.01956],[7.68465,5.04336],[7.71828,4.99135],[7.68737,4.95167],[7.63284,4.95167],[7.54012,4.92346],[7.52376,4.88115],[7.49104,4.86528],[7.4774,4.90759],[7.49013,4.96049],[7.56285,4.97459],[7.60375,5.04953]]]}},{"type":"Feature","properties":{"name":"Albasu","id":"albasu"},"geometry":{"type":"Polygon","coordinates":[[[9.32715,11.57683],[9.22443,11.56184],[9.16899,11.5733],[9.1599,11.65264],[9.07718,11.61297],[9.06173,11.56625],[9.03082,11.55567],[8.99719,11.5636],[8.93084,11.61385],[8.96083,11.65705],[8.94538,11.70907],[8.91811,11.71788],[9.00265,11.7408],[9.03991,11.69055],[9.08354,11.71083],[9.15717,11.71965],[9.18262,11.7073],[9.22534,11.73551],[9.24625,11.70201],[9.2417,11.64559],[9.32715,11.57683]]]}},{"type":"Feature","properties":{"name":"Marte","id":"marte"},"geometry":{"type":"Polygon","coordinates":[[[13.9565,12.16661],[13.95287,12.11195],[13.91015,12.12077],[13.87015,12.17366],[13.78653,12.20276],[13.70109,12.21422],[13.65382,12.20981],[13.65382,12.13752],[13.59746,12.1622],[13.56747,12.20276],[13.47021,12.25742],[13.44112,12.29356],[13.47839,12.32354],[13.54111,12.33852],[13.67473,12.34557],[13.67018,12.36938],[13.71563,12.41963],[13.7738,12.54834],[13.89015,12.64884],[14.15284,12.7705],[14.17284,12.67793],[14.04467,12.61093],[14.03195,12.47076],[13.98105,12.4258],[13.94741,12.35263],[13.99195,12.33852],[13.99468,12.23538],[13.94014,12.19306],[13.9565,12.16661]]]}},{"type":"Feature","properties":{"name":"Kumbotso","id":"kumbotso"},"geometry":{"type":"Polygon","coordinates":[[[8.59543,11.96208],[8.59907,11.97002],[8.63179,11.96208],[8.63179,11.9374],[8.60543,11.88803],[8.52271,11.88979],[8.50181,11.86423],[8.40637,11.90566],[8.40455,11.93123],[8.40273,11.9471],[8.44454,11.97178],[8.4809,11.93475],[8.5109,11.95944],[8.53089,11.96737],[8.53635,11.93299],[8.59543,11.96208]]]}},{"type":"Feature","properties":{"name":"Kazaure","id":"kazaure"},"geometry":{"type":"Polygon","coordinates":[[[8.34456,12.65325],[8.40273,12.70615],[8.46454,12.71937],[8.49181,12.74934],[8.54635,12.7132],[8.52453,12.66295],[8.58543,12.66736],[8.66906,12.71937],[8.70087,12.68675],[8.65815,12.65942],[8.64088,12.5933],[8.5318,12.60035],[8.45818,12.58713],[8.39909,12.58713],[8.36001,12.60829],[8.34456,12.65325]]]}},{"type":"Feature","properties":{"name":"Malumfashi","id":"malumfashi"},"geometry":{"type":"Polygon","coordinates":[[[7.57103,11.96208],[7.5983,11.96032],[7.62011,12.04231],[7.65011,12.05818],[7.70828,12.04231],[7.73646,12.00881],[7.86553,12.02115],[7.82917,11.96825],[7.82917,11.92241],[7.86553,11.87304],[7.85281,11.82455],[7.77554,11.84659],[7.71101,11.85188],[7.65283,11.70995],[7.59011,11.69143],[7.55012,11.7408],[7.53194,11.65705],[7.45013,11.69849],[7.4056,11.80692],[7.47377,11.79546],[7.52012,11.81486],[7.64283,11.84483],[7.63647,11.91007],[7.57739,11.94004],[7.57103,11.96208]]]}},{"type":"Feature","properties":{"name":"Udi","id":"udi"},"geometry":{"type":"Polygon","coordinates":[[[7.46922,6.41688],[7.46104,6.37897],[7.42377,6.35605],[7.43196,6.31109],[7.36469,6.21411],[7.29016,6.27847],[7.36106,6.35517],[7.38651,6.36927],[7.37651,6.41952],[7.34833,6.41864],[7.32288,6.49181],[7.2747,6.48123],[7.26289,6.54823],[7.23562,6.57292],[7.22108,6.67695],[7.29743,6.67871],[7.34106,6.62581],[7.41105,6.64697],[7.4265,6.61259],[7.41559,6.50856],[7.44195,6.47594],[7.43286,6.44156],[7.46922,6.41688]]]}},{"type":"Feature","properties":{"name":"Dutse","id":"dutse"},"geometry":{"type":"Polygon","coordinates":[[[9.20171,11.90478],[9.22262,11.98941],[9.31897,12.05729],[9.33715,12.02644],[9.38078,12.01586],[9.40714,11.94533],[9.45349,11.91271],[9.39714,11.87657],[9.40986,11.84924],[9.3626,11.78576],[9.38896,11.76461],[9.48076,11.61385],[9.42077,11.55831],[9.35987,11.56096],[9.32715,11.57683],[9.2417,11.64559],[9.24625,11.70201],[9.22534,11.73551],[9.18262,11.7073],[9.15717,11.71965],[9.14172,11.75932],[9.14354,11.82632],[9.18717,11.83425],[9.22989,11.89508],[9.20171,11.90478]]]}},{"type":"Feature","properties":{"name":"Gwaram","id":"gwaram"},"geometry":{"type":"Polygon","coordinates":[[[9.6262,11.23653],[9.66165,11.28502],[9.64619,11.35643],[9.68437,11.40315],[9.78799,11.4631],[9.80163,11.44371],[9.85616,11.46575],[9.87798,11.44812],[9.88525,11.35643],[9.91797,11.34761],[9.95797,11.2859],[9.99887,11.26474],[10.08431,11.27003],[10.14521,11.24094],[10.2352,11.22419],[10.27974,11.20303],[10.33337,11.20568],[10.36609,11.2048],[10.3361,11.14309],[10.2852,11.1043],[10.24793,11.07961],[10.18885,11.08137],[10.1534,11.01349],[10.22066,10.94649],[10.13431,10.94737],[10.08795,10.98969],[10.04614,10.96589],[9.98524,10.95795],[9.92888,10.99145],[9.88162,10.98969],[9.85798,11.02319],[9.85526,11.07697],[9.88889,11.09372],[9.88252,11.16424],[9.82526,11.27885],[9.76254,11.24535],[9.728,11.25152],[9.68437,11.22155],[9.6262,11.23653]]]}},{"type":"Feature","properties":{"name":"Zangon Kataf","id":"zangon-kataf"},"geometry":{"type":"Polygon","coordinates":[[[8.31183,9.61264],[8.28184,9.57209],[8.24548,9.55887],[8.2273,9.50509],[8.16458,9.55093],[8.17185,9.56592],[8.11641,9.62499],[8.13368,9.66907],[8.07096,9.73254],[8.06732,9.77133],[8.02278,9.8013],[8.08732,9.86125],[8.09005,9.88682],[8.04187,9.94941],[8.01097,9.94941],[8.02824,10.04022],[7.98461,10.07724],[7.99824,10.1178],[7.95188,10.13102],[8.00551,10.17069],[7.99188,10.19538],[8.02278,10.23152],[8.03914,10.28265],[8.07096,10.28618],[8.09277,10.2227],[8.12731,10.24915],[8.11731,10.28882],[8.20276,10.14689],[8.24002,10.11956],[8.26638,10.0314],[8.35819,10.02875],[8.43454,9.9979],[8.43454,9.99437],[8.42,9.91767],[8.44363,9.878],[8.50999,9.86478],[8.51362,9.82952],[8.48454,9.76428],[8.5009,9.74047],[8.48635,9.69199],[8.36546,9.70786],[8.36819,9.67964],[8.31183,9.61264]]]}},{"type":"Feature","properties":{"name":"Kiyawa","id":"kiyawa"},"geometry":{"type":"Polygon","coordinates":[[[9.63983,11.73287],[9.53712,11.6835],[9.52439,11.64824],[9.48076,11.61385],[9.38896,11.76461],[9.3626,11.78576],[9.40986,11.84924],[9.39714,11.87657],[9.45349,11.91271],[9.47349,11.93564],[9.58166,11.97971],[9.59529,11.93387],[9.6771,11.93211],[9.738,11.95591],[9.80981,11.96473],[9.88798,11.96032],[9.89889,11.93828],[9.83344,11.89067],[9.708,11.85012],[9.67346,11.85894],[9.66983,11.784],[9.63983,11.73287]]]}},{"type":"Feature","properties":{"name":"Zaki","id":"zaki"},"geometry":{"type":"Polygon","coordinates":[[[10.16703,12.05906],[10.15249,12.08991],[10.17067,12.16485],[10.14794,12.23802],[10.19521,12.32794],[10.25429,12.39142],[10.2252,12.43373],[10.25793,12.4593],[10.33882,12.44167],[10.36337,12.45225],[10.39427,12.46547],[10.45881,12.44079],[10.51244,12.46812],[10.60515,12.48927],[10.59788,12.52189],[10.65151,12.52895],[10.75059,12.47605],[10.76422,12.36938],[10.72332,12.37026],[10.6506,12.32354],[10.59333,12.32265],[10.52516,12.36144],[10.48608,12.2583],[10.44154,12.2583],[10.41063,12.3059],[10.35428,12.26976],[10.32065,12.22832],[10.31065,12.18513],[10.39518,12.16132],[10.44154,12.07933],[10.39518,12.04936],[10.43881,11.92682],[10.45972,11.90654],[10.41427,11.91448],[10.33701,11.85629],[10.2961,11.88362],[10.30156,11.91183],[10.22248,11.93299],[10.2043,12.01145],[10.21884,12.04143],[10.16703,12.05906]]]}},{"type":"Feature","properties":{"name":"Opobo/Nkoro","id":"opobonkoro"},"geometry":{"type":"Polygon","coordinates":[[[7.5783,4.49589],[7.56375,4.47033],[7.47377,4.49589],[7.45377,4.53556],[7.47649,4.58405],[7.52921,4.59639],[7.52103,4.55496],[7.53285,4.52587],[7.5783,4.49589]]]}},{"type":"Feature","properties":{"name":"Shira","id":"shira"},"geometry":{"type":"Polygon","coordinates":[[[10.14521,11.24094],[10.08431,11.27003],[9.99887,11.26474],[9.95797,11.2859],[9.91797,11.34761],[9.88525,11.35643],[9.87798,11.44812],[9.85616,11.46575],[9.80163,11.44371],[9.78799,11.4631],[9.78799,11.50454],[9.83071,11.54068],[9.81981,11.57947],[9.90434,11.55302],[9.89525,11.58564],[9.93797,11.61209],[9.96433,11.66146],[10.0725,11.64912],[10.07522,11.6835],[10.10158,11.63149],[10.15158,11.57242],[10.17976,11.56889],[10.17612,11.50806],[10.23884,11.47104],[10.14794,11.41902],[10.1134,11.34144],[10.16067,11.31059],[10.14521,11.24094]]]}},{"type":"Feature","properties":{"name":"Dass","id":"dass"},"geometry":{"type":"Polygon","coordinates":[[[9.51803,10.11339],[9.56348,10.09047],[9.61983,10.03404],[9.58347,10.00583],[9.68437,9.91856],[9.65165,9.88153],[9.56439,9.88594],[9.48349,9.91062],[9.35987,9.87183],[9.34896,9.90181],[9.37441,9.94236],[9.35805,9.98115],[9.36987,10.07636],[9.38987,10.11691],[9.42986,10.14953],[9.51803,10.11339]]]}},{"type":"Feature","properties":{"name":"Enugu North","id":"enugu-north"},"geometry":{"type":"Polygon","coordinates":[[[7.54012,6.45479],[7.53739,6.42305],[7.46922,6.41688],[7.43286,6.44156],[7.44195,6.47594],[7.50922,6.47683],[7.54012,6.45479]]]}},{"type":"Feature","properties":{"name":"Buji","id":"buji"},"geometry":{"type":"Polygon","coordinates":[[[9.64619,11.35643],[9.64892,11.46134],[9.62711,11.61033],[9.67255,11.65617],[9.66437,11.7267],[9.71255,11.72053],[9.77981,11.7364],[9.82799,11.69232],[9.81981,11.57947],[9.83071,11.54068],[9.78799,11.50454],[9.78799,11.4631],[9.68437,11.40315],[9.64619,11.35643]]]}},{"type":"Feature","properties":{"name":"Ukanafun","id":"ukanafun"},"geometry":{"type":"Polygon","coordinates":[[[7.71828,4.99135],[7.75736,4.9984],[7.74555,4.97548],[7.65556,4.90936],[7.67192,4.87321],[7.63011,4.81415],[7.5983,4.84147],[7.51194,4.79299],[7.49558,4.82825],[7.49104,4.86528],[7.52376,4.88115],[7.54012,4.92346],[7.63284,4.95167],[7.68737,4.95167],[7.71828,4.99135]]]}},{"type":"Feature","properties":{"name":"Agaie","id":"agaie"},"geometry":{"type":"Polygon","coordinates":[[[6.40846,8.60322],[6.35847,8.68433],[6.31575,8.71871],[6.34211,8.8342],[6.30847,8.86329],[6.26394,8.85007],[6.2803,8.93735],[6.26394,8.95762],[6.26484,9.02903],[6.32393,9.0784],[6.29393,9.10397],[6.27121,9.1789],[6.31575,9.17626],[6.32756,9.23532],[6.37846,9.24149],[6.40028,9.29968],[6.48754,9.29615],[6.53572,9.22122],[6.52481,9.17714],[6.54662,9.10837],[6.54571,9.06694],[6.5948,8.97966],[6.57935,8.93294],[6.59843,8.85359],[6.57571,8.78659],[6.53299,8.73546],[6.54662,8.6905],[6.53572,8.62791],[6.50118,8.58735],[6.46754,8.57942],[6.40846,8.60322]]]}},{"type":"Feature","properties":{"name":"Bagwai","id":"bagwai"},"geometry":{"type":"Polygon","coordinates":[[[8.14186,11.99294],[8.12277,12.01233],[8.11186,12.06964],[8.01551,12.05994],[7.9837,12.09785],[7.99915,12.16309],[8.04187,12.1816],[8.10732,12.18336],[8.11913,12.20452],[8.15731,12.19042],[8.21548,12.14193],[8.25093,12.11989],[8.2682,12.07493],[8.2473,12.02115],[8.14186,11.99294]]]}},{"type":"Feature","properties":{"name":"Kajuru","id":"kajuru"},"geometry":{"type":"Polygon","coordinates":[[[7.95188,10.13102],[7.89462,10.06754],[7.82008,10.06843],[7.80554,10.01818],[7.74827,9.97762],[7.73646,10.012],[7.69101,10.00495],[7.63738,10.03845],[7.55557,10.17245],[7.51013,10.19449],[7.5383,10.27472],[7.60375,10.3091],[7.59648,10.39461],[7.66374,10.39902],[7.7301,10.47748],[7.77827,10.49952],[7.82917,10.49776],[7.87008,10.52685],[7.89825,10.48894],[8.01097,10.47484],[8.00006,10.44927],[8.03914,10.34348],[8.11731,10.28882],[8.12731,10.24915],[8.09277,10.2227],[8.07096,10.28618],[8.03914,10.28265],[8.02278,10.23152],[7.99188,10.19538],[8.00551,10.17069],[7.95188,10.13102]]]}},{"type":"Feature","properties":{"name":"Katcha","id":"katcha"},"geometry":{"type":"Polygon","coordinates":[[[6.20849,8.73193],[6.14941,8.72047],[6.12759,8.75309],[6.13577,8.8439],[6.11305,8.92853],[6.09305,9.02198],[6.12577,9.0784],[6.14304,9.13923],[6.22121,9.23091],[6.14304,9.24943],[6.16668,9.39048],[6.1585,9.4469],[6.20122,9.46189],[6.23576,9.46718],[6.28939,9.42486],[6.39483,9.36756],[6.47663,9.44073],[6.50663,9.37638],[6.48754,9.29615],[6.40028,9.29968],[6.37846,9.24149],[6.32756,9.23532],[6.31575,9.17626],[6.27121,9.1789],[6.29393,9.10397],[6.32393,9.0784],[6.26484,9.02903],[6.26394,8.95762],[6.2803,8.93735],[6.26394,8.85007],[6.30847,8.86329],[6.34211,8.8342],[6.31575,8.71871],[6.26757,8.73899],[6.20849,8.73193]]]}},{"type":"Feature","properties":{"name":"Kafur","id":"kafur"},"geometry":{"type":"Polygon","coordinates":[[[7.69555,11.43137],[7.63465,11.41726],[7.5883,11.39169],[7.53285,11.43577],[7.49831,11.44635],[7.5074,11.49043],[7.56375,11.50895],[7.58466,11.5733],[7.64374,11.56978],[7.59011,11.63501],[7.55103,11.62532],[7.53194,11.65705],[7.55012,11.7408],[7.59011,11.69143],[7.65283,11.70995],[7.71101,11.85188],[7.77554,11.84659],[7.85281,11.82455],[7.85735,11.79458],[7.90098,11.65],[7.84099,11.63325],[7.76645,11.62884],[7.70464,11.5927],[7.71101,11.54862],[7.67919,11.52393],[7.67556,11.48338],[7.69555,11.43137]]]}},{"type":"Feature","properties":{"name":"Wasagu-Danko","id":"wasagu-danko"},"geometry":{"type":"MultiPolygon","coordinates":[[[[5.86763,11.10694],[5.79491,11.13515],[5.77673,11.16777],[5.68402,11.18452],[5.60312,11.24799],[5.48495,11.25417],[5.5004,11.28414],[5.49132,11.34144],[5.4186,11.3723],[5.41405,11.40227],[5.40587,11.45164],[5.48132,11.46839],[5.50859,11.48779],[5.51586,11.55743],[5.49677,11.61297],[5.51404,11.66499],[5.58039,11.67557],[5.66947,11.66146],[5.70492,11.68791],[5.78037,11.6835],[5.81945,11.64824],[5.82945,11.59181],[5.81763,11.56008],[5.82672,11.44459],[5.84399,11.43313],[5.93398,11.43665],[5.96761,11.46663],[6.00943,11.46222],[6.05396,11.40051],[6.07942,11.38817],[6.20485,11.38376],[6.19031,11.33439],[6.13577,11.2956],[6.10941,11.23565],[6.10578,11.18364],[6.06942,11.16424],[6.02579,11.1713],[6.01579,11.1378],[5.97761,11.16689],[5.91489,11.14485],[5.86763,11.10694]]],[[[4.94139,11.73111],[5.00047,11.74786],[5.05138,11.72053],[5.10319,11.73816],[5.17772,11.74433],[5.18227,11.79194],[5.23771,11.75579],[5.27044,11.77959],[5.31588,11.79105],[5.33679,11.73992],[5.37588,11.70995],[5.44041,11.70907],[5.46041,11.67292],[5.36951,11.55126],[5.30043,11.56008],[5.26862,11.53275],[5.17045,11.55567],[5.13955,11.50454],[5.10591,11.55038],[4.93594,11.65705],[4.93412,11.72229],[4.94139,11.73111]]]]}},{"type":"Feature","properties":{"name":"Bida","id":"bida"},"geometry":{"type":"Polygon","coordinates":[[[6.12577,9.0784],[6.09305,9.02198],[6.11305,8.92853],[5.96125,8.91707],[5.87944,8.92677],[5.83854,8.96732],[5.80945,9.04666],[5.83763,9.1313],[5.91035,9.15862],[5.9967,9.13482],[6.05487,9.08986],[6.12577,9.0784]]]}},{"type":"Feature","properties":{"name":"Kirfi","id":"kirfi"},"geometry":{"type":"Polygon","coordinates":[[[10.85512,10.24122],[10.75695,10.23593],[10.70332,10.27119],[10.63787,10.21389],[10.58061,10.25444],[10.53243,10.25092],[10.4179,10.27736],[10.27974,10.28001],[10.2652,10.30822],[10.21066,10.31703],[10.24247,10.44222],[10.29338,10.48454],[10.30519,10.53655],[10.42699,10.61501],[10.46699,10.60708],[10.49426,10.68818],[10.5288,10.64939],[10.56243,10.64234],[10.55789,10.60091],[10.61242,10.55683],[10.66151,10.49159],[10.7215,10.48983],[10.83512,10.3955],[10.81876,10.31263],[10.8633,10.26855],[10.85512,10.24122]]]}},{"type":"Feature","properties":{"name":"Dandi","id":"dandi"},"geometry":{"type":"Polygon","coordinates":[[[3.76428,12.09961],[3.87336,12.09168],[3.9388,12.07052],[3.99516,11.99911],[3.9688,11.98148],[3.96971,11.8369],[4.01516,11.78576],[4.01607,11.73111],[3.98971,11.717],[3.98334,11.66587],[3.94426,11.64118],[3.85154,11.62796],[3.81155,11.58741],[3.64339,11.66499],[3.62794,11.70907],[3.6643,11.75579],[3.66066,11.81045],[3.63157,11.82544],[3.61885,11.90831],[3.67157,11.97531],[3.67066,12.00969],[3.62885,12.12518],[3.70974,12.14545],[3.76428,12.09961]]]}},{"type":"Feature","properties":{"name":"Bagudu","id":"bagudu"},"geometry":{"type":"Polygon","coordinates":[[[3.81155,11.58741],[3.87518,11.5495],[3.98971,11.50013],[4.01607,11.56184],[4.10605,11.61474],[4.10423,11.64824],[4.14423,11.66146],[4.18513,11.64207],[4.22876,11.6597],[4.24694,11.61209],[4.31148,11.58035],[4.35965,11.58124],[4.39419,11.55743],[4.40692,11.50013],[4.36783,11.41021],[4.3233,11.40227],[4.24512,11.35467],[4.20059,11.35643],[4.17695,11.33086],[4.18513,11.29031],[4.23149,11.27003],[4.25603,11.21009],[4.31966,11.17041],[4.33784,11.18188],[4.30512,11.14485],[4.30421,11.10518],[4.32966,11.00203],[4.31421,10.95002],[4.27694,10.95442],[4.22513,11.01966],[4.1006,11.02672],[3.99334,11.01614],[3.93244,10.94296],[3.80246,10.94649],[3.76974,10.92004],[3.71702,11.01966],[3.73065,11.08666],[3.71338,11.13515],[3.67066,11.14309],[3.60067,11.20392],[3.56522,11.2524],[3.53068,11.26474],[3.48523,11.31323],[3.47705,11.45517],[3.51068,11.52481],[3.51068,11.67028],[3.62794,11.70907],[3.64339,11.66499],[3.81155,11.58741]]]}},{"type":"Feature","properties":{"name":"Kankara","id":"kankara"},"geometry":{"type":"Polygon","coordinates":[[[7.49467,12.08551],[7.53649,12.0141],[7.51649,11.96208],[7.57103,11.96208],[7.57739,11.94004],[7.63647,11.91007],[7.64283,11.84483],[7.52012,11.81486],[7.47377,11.79546],[7.4056,11.80692],[7.30197,11.86246],[7.24653,11.93299],[7.20835,11.98765],[7.14836,12.03261],[7.13018,12.06876],[7.17835,12.08903],[7.2538,12.10226],[7.27925,12.15339],[7.35833,12.11812],[7.43468,12.14281],[7.46286,12.09697],[7.49467,12.08551]]]}},{"type":"Feature","properties":{"name":"Itas/Gadau","id":"itasgadau"},"geometry":{"type":"Polygon","coordinates":[[[9.66437,11.7267],[9.63983,11.73287],[9.66983,11.784],[9.67346,11.85894],[9.708,11.85012],[9.83344,11.89067],[9.89889,11.93828],[10.01705,11.98236],[10.03705,11.97443],[10.10068,12.01674],[10.15521,12.02291],[10.16703,12.05906],[10.21884,12.04143],[10.2043,12.01145],[10.22248,11.93299],[10.30156,11.91183],[10.2961,11.88362],[10.33701,11.85629],[10.41427,11.91448],[10.45972,11.90654],[10.44972,11.86863],[10.40791,11.86599],[10.38427,11.78576],[10.33519,11.7602],[10.24611,11.73904],[10.21611,11.77871],[10.13976,11.75667],[10.11976,11.81045],[10.05432,11.77519],[10.02069,11.77959],[9.97433,11.74697],[9.94797,11.76813],[9.90707,11.73728],[9.83435,11.72582],[9.82799,11.69232],[9.77981,11.7364],[9.71255,11.72053],[9.66437,11.7267]]]}},{"type":"Feature","properties":{"name":"Apapa","id":"apapa"},"geometry":{"type":"Polygon","coordinates":[[[3.36434,6.47594],[3.37979,6.46625],[3.38161,6.4636],[3.40342,6.43892],[3.37706,6.39836],[3.35979,6.39748],[3.33707,6.43804],[3.33889,6.47418],[3.36434,6.47594]]]}},{"type":"Feature","properties":{"name":"Ondo East","id":"ondo-east"},"geometry":{"type":"Polygon","coordinates":[[[4.9114,6.95817],[4.92594,7.06396],[4.87958,7.10364],[4.87685,7.18739],[5.0032,7.19973],[5.00411,7.1054],[4.99229,7.07807],[5.00684,6.97933],[4.98775,6.89911],[4.9114,6.95817]]]}},{"type":"Feature","properties":{"name":"Warji","id":"warji"},"geometry":{"type":"Polygon","coordinates":[[[9.61529,11.24006],[9.6262,11.23653],[9.68437,11.22155],[9.728,11.25152],[9.76254,11.24535],[9.82526,11.27885],[9.88252,11.16424],[9.88889,11.09372],[9.85526,11.07697],[9.85798,11.02319],[9.78617,11.0082],[9.7689,11.04787],[9.67892,11.03641],[9.62801,11.05228],[9.6571,11.11223],[9.61438,11.17659],[9.61529,11.24006]]]}},{"type":"Feature","properties":{"name":"Katagum","id":"katagum"},"geometry":{"type":"Polygon","coordinates":[[[10.55698,11.66322],[10.59152,11.65882],[10.6206,11.56008],[10.57606,11.48867],[10.50062,11.51159],[10.39336,11.44547],[10.35609,11.50983],[10.38245,11.53892],[10.37064,11.5733],[10.33064,11.58035],[10.33973,11.62796],[10.29338,11.62355],[10.17976,11.56889],[10.15158,11.57242],[10.10158,11.63149],[10.07522,11.6835],[10.06523,11.72053],[10.0016,11.70113],[9.97433,11.74697],[10.02069,11.77959],[10.05432,11.77519],[10.11976,11.81045],[10.13976,11.75667],[10.21611,11.77871],[10.24611,11.73904],[10.33519,11.7602],[10.38427,11.78576],[10.40791,11.86599],[10.42972,11.82632],[10.48608,11.79634],[10.48153,11.70113],[10.55698,11.66322]]]}},{"type":"Feature","properties":{"name":"Mani","id":"mani"},"geometry":{"type":"Polygon","coordinates":[[[7.86371,13.09052],[7.87553,13.03939],[7.93552,12.96798],[7.97733,12.93271],[8.03823,12.91596],[8.06369,12.93977],[8.08368,12.9239],[8.09459,12.81017],[8.10822,12.80488],[8.09823,12.76786],[8.0246,12.7273],[7.96279,12.73083],[8.00006,12.75992],[8.01824,12.84367],[7.93825,12.84632],[7.88644,12.79519],[7.82463,12.78902],[7.79736,12.82604],[7.76555,12.87894],[7.79372,12.938],[7.79827,13.02793],[7.84281,13.08258],[7.86371,13.09052]]]}},{"type":"Feature","properties":{"name":"Sanga","id":"sanga"},"geometry":{"type":"Polygon","coordinates":[[[8.08732,9.23091],[8.13004,9.21505],[8.1864,9.23885],[8.2473,9.23973],[8.34728,9.32613],[8.41273,9.36932],[8.44727,9.43456],[8.51635,9.49363],[8.57816,9.49892],[8.64815,9.39577],[8.69269,9.38255],[8.69451,9.3226],[8.67178,9.25119],[8.65815,9.20799],[8.62088,9.11455],[8.53362,9.00435],[8.50453,9.0017],[8.47363,9.07311],[8.38728,9.17537],[8.34546,9.19389],[8.2582,9.18331],[8.23275,9.10485],[8.19185,9.05283],[8.15549,9.04137],[8.06187,9.05195],[8.07096,9.15422],[8.08732,9.23091]]]}},{"type":"Feature","properties":{"name":"Bogoro","id":"bogoro"},"geometry":{"type":"Polygon","coordinates":[[[9.57711,9.52272],[9.54075,9.5095],[9.44531,9.55446],[9.40441,9.59149],[9.4744,9.66378],[9.48349,9.75194],[9.58802,9.73959],[9.71527,9.71403],[9.75345,9.68934],[9.80254,9.68934],[9.80799,9.58002],[9.76072,9.53859],[9.64801,9.52272],[9.60983,9.54741],[9.57711,9.52272]]]}},{"type":"Feature","properties":{"name":"Fika","id":"fika"},"geometry":{"type":"Polygon","coordinates":[[[11.24506,11.65705],[11.28506,11.61914],[11.29051,11.54333],[11.35323,11.51159],[11.3605,11.47456],[11.32142,11.41726],[11.3805,11.3864],[11.47049,11.44106],[11.5632,11.45781],[11.62683,11.42167],[11.57047,11.30089],[11.55866,11.22067],[11.5223,11.1713],[11.55047,11.1281],[11.51593,11.07168],[11.52139,11.0417],[11.47321,11.0179],[11.39141,11.09019],[11.34141,11.16336],[11.2487,11.18364],[11.22416,11.16513],[11.18234,11.19863],[11.09145,11.22595],[11.07781,11.28678],[10.98146,11.17923],[10.92602,11.25152],[10.93329,11.315],[10.91056,11.33086],[10.9342,11.46751],[10.92965,11.516],[10.95238,11.54333],[11.01782,11.56537],[11.056,11.5971],[11.1269,11.59446],[11.14962,11.57154],[11.23143,11.60592],[11.24506,11.65705]]]}},{"type":"Feature","properties":{"name":"Kuje","id":"kuje"},"geometry":{"type":"Polygon","coordinates":[[[7.11564,8.92677],[7.19108,8.90649],[7.22926,8.91971],[7.32742,8.88357],[7.3347,8.92148],[7.41196,8.90825],[7.40923,8.87652],[7.48195,8.8677],[7.48013,8.78395],[7.4974,8.73017],[7.38832,8.72929],[7.34288,8.6808],[7.3356,8.63937],[7.4774,8.63143],[7.43559,8.58647],[7.3656,8.48773],[7.27016,8.46481],[7.08019,8.44277],[6.98111,8.44365],[6.97747,8.51947],[7.04019,8.61733],[7.12563,8.67463],[7.09927,8.72665],[7.12836,8.77778],[7.17472,8.79276],[7.19108,8.82274],[7.10564,8.91354],[7.11564,8.92677]]]}},{"type":"Feature","properties":{"name":"Sule Tankarkar","id":"sule-tankarkar"},"geometry":{"type":"Polygon","coordinates":[[[9.34987,12.68234],[9.32078,12.66118],[9.32351,12.58272],[9.36351,12.54129],[9.40077,12.5598],[9.39895,12.40905],[9.34533,12.42844],[9.25988,12.43021],[9.2417,12.47164],[9.19353,12.49545],[9.1908,12.52013],[9.06355,12.5598],[8.99992,12.58713],[9.039,12.62857],[9.04264,12.66207],[9.08627,12.77403],[9.04719,12.81634],[9.04082,12.84632],[9.08173,12.83398],[9.16717,12.83486],[9.33442,12.8234],[9.35078,12.78284],[9.33078,12.75904],[9.34987,12.68234]]]}},{"type":"Feature","properties":{"name":"Ibadan North East","id":"ibadan-north-east"},"geometry":{"type":"Polygon","coordinates":[[[3.94062,7.41925],[3.94426,7.40338],[3.9388,7.37869],[3.92608,7.33726],[3.90972,7.34255],[3.89881,7.37957],[3.94062,7.41925]]]}},{"type":"Feature","properties":{"name":"Bindawa","id":"bindawa"},"geometry":{"type":"Polygon","coordinates":[[[7.78827,12.70879],[7.78009,12.80048],[7.79736,12.82604],[7.82463,12.78902],[7.88644,12.79519],[7.93825,12.84632],[8.01824,12.84367],[8.00006,12.75992],[7.96279,12.73083],[7.95643,12.64796],[7.99915,12.61622],[7.9837,12.57743],[7.93189,12.57303],[7.89644,12.57743],[7.83008,12.6268],[7.80009,12.62504],[7.77554,12.66647],[7.78827,12.70879]]]}},{"type":"Feature","properties":{"name":"Ilorin South","id":"ilorin-south"},"geometry":{"type":"Polygon","coordinates":[[[4.5669,8.47187],[4.57144,8.53181],[4.53327,8.52476],[4.47327,8.51242],[4.47873,8.56179],[4.57326,8.57766],[4.60235,8.53622],[4.69234,8.48862],[4.76869,8.47892],[4.77142,8.41192],[4.72415,8.38106],[4.66961,8.39605],[4.59326,8.4366],[4.5669,8.47187]]]}},{"type":"Feature","properties":{"name":"Gamawa","id":"gamawa"},"geometry":{"type":"Polygon","coordinates":[[[10.82148,11.98853],[10.80058,11.94357],[10.81694,11.88627],[10.87784,11.82896],[10.79422,11.75667],[10.75695,11.74962],[10.73513,11.784],[10.68696,11.80957],[10.67605,11.76813],[10.63151,11.70554],[10.57788,11.69496],[10.55698,11.66322],[10.48153,11.70113],[10.48608,11.79634],[10.42972,11.82632],[10.40791,11.86599],[10.44972,11.86863],[10.45972,11.90654],[10.43881,11.92682],[10.39518,12.04936],[10.44154,12.07933],[10.39518,12.16132],[10.31065,12.18513],[10.32065,12.22832],[10.35428,12.26976],[10.41063,12.3059],[10.44154,12.2583],[10.48608,12.2583],[10.52516,12.36144],[10.59333,12.32265],[10.6506,12.32354],[10.72332,12.37026],[10.76422,12.36938],[10.78967,12.27505],[10.80421,12.11724],[10.8233,12.10931],[10.82148,11.98853]]]}},{"type":"Feature","properties":{"name":"Kafin Hausa","id":"kafin-hausa"},"geometry":{"type":"Polygon","coordinates":[[[9.76981,12.12606],[9.81981,12.20188],[9.8598,12.22303],[9.89161,12.25389],[9.95615,12.27946],[9.96888,12.31825],[10.01705,12.37379],[10.10158,12.38613],[10.12613,12.35792],[10.19521,12.32794],[10.14794,12.23802],[10.17067,12.16485],[10.15249,12.08991],[10.16703,12.05906],[10.15521,12.02291],[10.10068,12.01674],[10.03705,11.97443],[10.01705,11.98236],[9.89889,11.93828],[9.88798,11.96032],[9.80981,11.96473],[9.78254,12.12518],[9.76981,12.12606]]]}},{"type":"Feature","properties":{"name":"Ado Odo/Ota","id":"ado-odoota"},"geometry":{"type":"Polygon","coordinates":[[[2.88713,6.56763],[2.93622,6.61788],[2.93076,6.64697],[2.98257,6.684],[3.00984,6.67166],[3.04984,6.75188],[3.08165,6.76158],[3.18618,6.74659],[3.24163,6.76246],[3.28253,6.72984],[3.27799,6.6937],[3.25708,6.69282],[3.23799,6.61964],[3.19345,6.57821],[3.19981,6.53148],[3.10346,6.49975],[2.95439,6.50151],[2.89168,6.51121],[2.88713,6.56763]]]}},{"type":"Feature","properties":{"name":"Garko","id":"garko"},"geometry":{"type":"Polygon","coordinates":[[[9.03082,11.55567],[9.03355,11.52834],[8.91629,11.57418],[8.88084,11.55655],[8.86903,11.4966],[8.82722,11.45517],[8.84994,11.4296],[8.78631,11.39522],[8.77177,11.47016],[8.75723,11.52834],[8.75359,11.62884],[8.76813,11.67909],[8.75632,11.72582],[8.81813,11.70907],[8.84721,11.72846],[8.90448,11.69232],[8.89812,11.62443],[8.93084,11.61385],[8.99719,11.5636],[9.03082,11.55567]]]}},{"type":"Feature","properties":{"name":"Kubau","id":"kubau"},"geometry":{"type":"Polygon","coordinates":[[[8.4809,10.71551],[8.41455,10.73667],[8.3691,10.7067],[8.33456,10.62647],[8.41636,10.44398],[8.3491,10.49247],[8.32001,10.49335],[8.30638,10.5771],[8.25911,10.58945],[8.23457,10.66614],[8.17731,10.68025],[8.08914,10.68113],[8.08732,10.7402],[8.06369,10.78075],[8.1264,10.80896],[8.18276,10.89624],[8.25002,10.93679],[8.21457,11.02672],[8.1664,11.08049],[8.15822,11.11576],[8.21276,11.14044],[8.22548,11.10518],[8.28911,11.10518],[8.31092,11.12722],[8.3191,11.18452],[8.40182,11.15366],[8.40818,11.11047],[8.47908,11.11311],[8.50635,11.13251],[8.60725,11.07168],[8.61452,11.0179],[8.5718,10.92181],[8.58543,10.86186],[8.56271,10.81602],[8.5718,10.74813],[8.4809,10.71551]]]}},{"type":"Feature","properties":{"name":"Wukari","id":"wukari"},"geometry":{"type":"Polygon","coordinates":[[[10.27247,8.06722],[10.20521,8.00462],[10.16976,7.9482],[10.11158,7.88208],[10.02796,7.82037],[9.94888,7.73133],[9.86525,7.68813],[9.79799,7.61496],[9.74709,7.65463],[9.64347,7.80009],[9.56166,7.83888],[9.38623,7.84505],[9.18989,7.81067],[9.1299,7.78775],[9.12445,7.82654],[9.17899,7.90765],[9.33533,7.98523],[9.38441,8.01961],[9.56348,8.1016],[9.63347,8.10601],[9.76618,8.0822],[9.83526,8.1157],[9.89889,8.25676],[9.97342,8.29643],[10.0325,8.23736],[10.14612,8.23824],[10.20793,8.25852],[10.27429,8.25059],[10.30974,8.22766],[10.33155,8.14568],[10.26974,8.10424],[10.27247,8.06722]]]}},{"type":"Feature","properties":{"name":"Gwarzo","id":"gwarzo"},"geometry":{"type":"Polygon","coordinates":[[[8.03005,11.97883],[8.04732,11.94533],[8.12368,11.90037],[8.07641,11.8801],[8.02642,11.83337],[7.90553,11.81309],[7.85735,11.79458],[7.85281,11.82455],[7.86553,11.87304],[7.82917,11.92241],[7.82917,11.96825],[7.86553,12.02115],[7.90553,11.96561],[7.9837,11.98324],[8.03005,11.97883]]]}},{"type":"Feature","properties":{"name":"Oyigbo","id":"oyigbo"},"geometry":{"type":"Polygon","coordinates":[[[7.32742,4.76301],[7.25016,4.82296],[7.18472,4.80797],[7.17108,4.85117],[7.10655,4.85117],[7.09291,4.9023],[7.14654,4.89613],[7.22471,4.85822],[7.30561,4.87586],[7.4165,4.86704],[7.49558,4.82825],[7.51194,4.79299],[7.50922,4.78505],[7.43105,4.82737],[7.36651,4.82296],[7.35742,4.78241],[7.32742,4.76301]]]}},{"type":"Feature","properties":{"name":"Ughelli South","id":"ughelli-south"},"geometry":{"type":"Polygon","coordinates":[[[5.97488,5.13769],[5.92762,5.16061],[5.88671,5.2091],[5.85672,5.21791],[5.84672,5.28491],[5.80491,5.35897],[5.72855,5.32811],[5.7022,5.4101],[5.78855,5.44272],[5.84127,5.40834],[5.88581,5.43126],[5.86763,5.49297],[5.81945,5.56173],[5.85036,5.55644],[5.91762,5.54675],[5.91853,5.50179],[5.96489,5.50443],[5.99488,5.46211],[5.98125,5.43126],[6.02851,5.32723],[6.00488,5.26728],[6.02851,5.22144],[6.07123,5.20822],[5.98852,5.18441],[5.98125,5.13064],[5.97488,5.13769]]]}},{"type":"Feature","properties":{"name":"Fakai","id":"fakai"},"geometry":{"type":"Polygon","coordinates":[[[4.48236,11.53187],[4.52236,11.5301],[4.54236,11.56008],[4.54599,11.63413],[4.58599,11.65529],[4.66688,11.66763],[4.73142,11.70025],[4.80232,11.75755],[4.84413,11.75226],[4.89958,11.70907],[4.93412,11.72229],[4.93594,11.65705],[5.10591,11.55038],[5.13955,11.50454],[5.14227,11.39434],[5.11228,11.34321],[5.01047,11.33263],[4.98866,11.31323],[4.95866,11.36965],[4.89776,11.38729],[4.86777,11.35819],[4.79141,11.32646],[4.76596,11.35907],[4.77596,11.39963],[4.70324,11.47633],[4.6378,11.47897],[4.63325,11.51776],[4.59053,11.53275],[4.50963,11.49572],[4.48236,11.53187]]]}},{"type":"Feature","properties":{"name":"Kaugama","id":"kaugama"},"geometry":{"type":"Polygon","coordinates":[[[9.68073,12.82075],[9.76527,12.79607],[9.86253,12.66471],[9.85344,12.62504],[9.85616,12.58889],[9.79799,12.48839],[9.74254,12.44255],[9.78981,12.40288],[9.89252,12.43902],[9.93434,12.41169],[9.88798,12.37555],[9.89707,12.34998],[9.84617,12.33676],[9.82071,12.30502],[9.7789,12.28563],[9.74254,12.30414],[9.68437,12.28739],[9.67255,12.33323],[9.60802,12.32794],[9.57893,12.39142],[9.64801,12.42933],[9.64619,12.50955],[9.66437,12.56245],[9.76527,12.60917],[9.7989,12.65942],[9.72891,12.78373],[9.68073,12.82075]]]}},{"type":"Feature","properties":{"name":"Esan Central","id":"esan-central"},"geometry":{"type":"Polygon","coordinates":[[[6.2503,6.83651],[6.37937,6.81359],[6.37756,6.76687],[6.29666,6.75717],[6.23758,6.73513],[6.26394,6.64874],[6.20758,6.5932],[6.17031,6.71397],[6.2203,6.76422],[6.2094,6.78891],[6.2503,6.83651]]]}},{"type":"Feature","properties":{"name":"Goronyo","id":"goronyo"},"geometry":{"type":"Polygon","coordinates":[[[5.9158,13.56481],[5.96216,13.48812],[6.01124,13.46872],[6.05669,13.39379],[5.99215,13.31532],[5.98307,13.2545],[6.02306,13.08523],[5.85399,13.12137],[5.78491,13.10639],[5.72128,13.10727],[5.70492,13.18573],[5.72219,13.23774],[5.86126,13.22099],[5.85127,13.29152],[5.80491,13.31004],[5.71219,13.28888],[5.58948,13.28711],[5.49677,13.33648],[5.48495,13.37704],[5.50404,13.39467],[5.55858,13.49429],[5.57403,13.53572],[5.54585,13.56922],[5.6422,13.61859],[5.68947,13.60096],[5.68129,13.54806],[5.7022,13.48371],[5.76219,13.50663],[5.80036,13.57716],[5.9158,13.56481]]]}},{"type":"Feature","properties":{"name":"Ibarapa East","id":"ibarapa-east"},"geometry":{"type":"Polygon","coordinates":[[[3.34161,7.50123],[3.35979,7.54796],[3.35616,7.64053],[3.45251,7.6943],[3.53886,7.704],[3.54249,7.74103],[3.57794,7.79569],[3.60885,7.77276],[3.63157,7.71017],[3.58885,7.68196],[3.61339,7.60526],[3.57522,7.50476],[3.54795,7.48096],[3.54613,7.4404],[3.49796,7.39456],[3.45978,7.4501],[3.44614,7.49418],[3.39888,7.44393],[3.34161,7.50123]]]}},{"type":"Feature","properties":{"name":"Ikpoba-Okha","id":"ikpoba-okha"},"geometry":{"type":"Polygon","coordinates":[[[5.47404,6.02721],[5.44314,6.04132],[5.46405,6.09862],[5.51586,6.09245],[5.57585,6.21323],[5.61766,6.22205],[5.6322,6.25819],[5.62948,6.31902],[5.64493,6.37015],[5.70583,6.37015],[5.69038,6.32343],[5.75673,6.28376],[5.80673,6.28288],[5.824,6.23615],[5.76855,6.21676],[5.72674,6.0951],[5.764,5.99812],[5.66856,6.0519],[5.60494,6.02281],[5.5713,5.99107],[5.53676,5.99019],[5.51313,6.03515],[5.47404,6.02721]]]}},{"type":"Feature","properties":{"name":"Awgu","id":"awgu"},"geometry":{"type":"Polygon","coordinates":[[[7.5383,6.21764],[7.53467,6.17444],[7.50013,6.13741],[7.55467,6.07835],[7.51285,6.02104],[7.41559,6.00606],[7.40287,6.01487],[7.39832,6.06865],[7.4165,6.10039],[7.39832,6.16298],[7.36469,6.21411],[7.43196,6.31109],[7.44195,6.28905],[7.50376,6.2723],[7.50467,6.23703],[7.5383,6.21764]]]}},{"type":"Feature","properties":{"name":"Olorunsogo","id":"olorunsogo"},"geometry":{"type":"Polygon","coordinates":[[[4.21058,8.96996],[4.25331,8.96732],[4.31602,8.99729],[4.33511,8.98054],[4.32057,8.94263],[4.25785,8.9012],[4.19513,8.81657],[4.19059,8.75309],[4.20877,8.6808],[4.26876,8.55562],[4.18786,8.50008],[4.04788,8.50625],[3.93153,8.46922],[3.87427,8.55385],[3.87427,8.55562],[3.90517,8.64554],[3.8779,8.69226],[3.89699,8.75045],[3.97698,8.87563],[4.05697,8.88621],[4.17332,8.92677],[4.21058,8.96996]]]}},{"type":"Feature","properties":{"name":"Kabba/Bunu","id":"kabbabunu"},"geometry":{"type":"Polygon","coordinates":[[[6.08305,8.40134],[6.11305,8.44189],[6.19304,8.46481],[6.24121,8.45952],[6.30029,8.42779],[6.37846,8.35021],[6.49572,8.16331],[6.45754,8.09366],[6.44573,8.03548],[6.38755,8.00198],[6.28666,8.09543],[6.22939,8.09543],[6.2203,8.06898],[6.24848,7.99669],[6.32938,7.90324],[6.31575,7.83359],[6.26848,7.78246],[6.26848,7.70664],[6.17213,7.71458],[6.12214,7.68196],[6.08578,7.73838],[6.05396,7.7472],[6.05396,7.7904],[6.02215,7.84065],[6.06942,7.8909],[6.05396,7.93057],[6.07942,8.01256],[6.07578,8.04165],[6.0267,8.15449],[6.07123,8.16243],[6.05487,8.21091],[6.08941,8.32464],[6.08669,8.35373],[6.08305,8.40134]]]}},{"type":"Feature","properties":{"name":"Ningi","id":"ningi"},"geometry":{"type":"Polygon","coordinates":[[[9.19535,11.32646],[9.28715,11.34938],[9.35169,11.34321],[9.41168,11.30001],[9.49712,11.27797],[9.51167,11.31323],[9.60983,11.31588],[9.59529,11.24799],[9.61529,11.24006],[9.61438,11.17659],[9.6571,11.11223],[9.62801,11.05228],[9.63892,10.96324],[9.60802,10.93679],[9.56348,10.85569],[9.50349,10.8213],[9.44713,10.81249],[9.41804,10.7878],[9.34896,10.74372],[9.30715,10.74108],[9.22534,10.697],[9.03537,10.73755],[9.04355,10.77546],[9.02083,10.81249],[8.9572,10.80632],[8.9063,10.83541],[8.81358,10.85304],[8.76632,10.85128],[8.74541,10.85745],[8.76632,10.94208],[8.78995,10.94737],[8.77995,11.01173],[8.81813,11.09724],[8.89357,11.11664],[8.92538,11.18011],[8.95265,11.1951],[9.02628,11.27709],[9.1299,11.3291],[9.19535,11.32646]]]}},{"type":"Feature","properties":{"name":"Kurmi","id":"kurmi"},"geometry":{"type":"Polygon","coordinates":[[[10.26793,7.27819],[10.32337,7.24734],[10.40245,7.25703],[10.42063,7.31786],[10.48062,7.35313],[10.56243,7.44834],[10.60697,7.48008],[10.75513,7.61672],[10.78876,7.63964],[10.88602,7.55501],[10.92056,7.47479],[10.92874,7.40602],[10.97783,7.30993],[10.9951,7.27819],[10.99873,7.20502],[10.98873,7.12039],[10.92965,7.03046],[10.84239,6.95817],[10.76967,6.9617],[10.70059,7.01371],[10.61969,7.05339],[10.5597,7.02165],[10.51335,6.87795],[10.26974,6.87442],[10.20521,6.90087],[10.18794,6.97845],[10.16521,7.02077],[10.23248,7.14066],[10.2352,7.20678],[10.26793,7.27819]]]}},{"type":"Feature","properties":{"name":"Bakori","id":"bakori"},"geometry":{"type":"Polygon","coordinates":[[[7.5074,11.49043],[7.4565,11.54421],[7.40105,11.52658],[7.35469,11.51335],[7.3047,11.56625],[7.33833,11.66851],[7.28379,11.75226],[7.30197,11.77607],[7.30197,11.86246],[7.4056,11.80692],[7.45013,11.69849],[7.53194,11.65705],[7.55103,11.62532],[7.59011,11.63501],[7.64374,11.56978],[7.58466,11.5733],[7.56375,11.50895],[7.5074,11.49043]]]}},{"type":"Feature","properties":{"name":"Nsit Atai","id":"nsit-atai"},"geometry":{"type":"Polygon","coordinates":[[[8.05187,4.74979],[8.02187,4.75155],[7.97552,4.80092],[7.97642,4.83795],[8.01915,4.90671],[8.10004,4.88379],[8.08005,4.8309],[8.08732,4.79299],[8.05187,4.74979]]]}},{"type":"Feature","properties":{"name":"Kankia","id":"kankia"},"geometry":{"type":"Polygon","coordinates":[[[7.8628,12.23273],[7.83099,12.26711],[7.79918,12.26359],[7.77282,12.30326],[7.71737,12.30326],[7.65192,12.34469],[7.6092,12.34293],[7.64102,12.42492],[7.6801,12.41258],[7.73373,12.45489],[7.71555,12.49897],[7.741,12.5457],[7.71101,12.5792],[7.74827,12.6127],[7.80009,12.62504],[7.83008,12.6268],[7.89644,12.57743],[7.93189,12.57303],[7.93825,12.53864],[7.84917,12.47517],[7.87826,12.44431],[7.87826,12.3729],[7.79372,12.35792],[7.85462,12.31913],[7.9028,12.33235],[7.86462,12.28034],[7.87644,12.23538],[7.8628,12.23273]]]}},{"type":"Feature","properties":{"name":"Gagarawa","id":"gagarawa"},"geometry":{"type":"Polygon","coordinates":[[[9.40077,12.5598],[9.43168,12.55539],[9.47622,12.59242],[9.66437,12.56245],[9.64619,12.50955],[9.64801,12.42933],[9.57893,12.39142],[9.5353,12.36761],[9.42077,12.38436],[9.39895,12.40905],[9.40077,12.5598]]]}},{"type":"Feature","properties":{"name":"Giade","id":"giade"},"geometry":{"type":"Polygon","coordinates":[[[10.33337,11.20568],[10.27974,11.20303],[10.2352,11.22419],[10.14521,11.24094],[10.16067,11.31059],[10.1134,11.34144],[10.14794,11.41902],[10.23884,11.47104],[10.17612,11.50806],[10.17976,11.56889],[10.29338,11.62355],[10.33973,11.62796],[10.33064,11.58035],[10.37064,11.5733],[10.38245,11.53892],[10.35609,11.50983],[10.31883,11.47368],[10.31883,11.40139],[10.29883,11.35202],[10.33337,11.20568]]]}},{"type":"Feature","properties":{"name":"Iguegben","id":"iguegben"},"geometry":{"type":"Polygon","coordinates":[[[6.33847,6.66813],[6.35029,6.6267],[6.32484,6.57997],[6.29575,6.57292],[6.26121,6.52708],[6.29757,6.47947],[6.28121,6.43186],[6.30666,6.41335],[6.28121,6.36046],[6.21576,6.42129],[6.13304,6.40542],[6.10578,6.46272],[6.16304,6.4971],[6.22303,6.49798],[6.20758,6.5932],[6.26394,6.64874],[6.33847,6.66813]]]}},{"type":"Feature","properties":{"name":"Akure North","id":"akure-north"},"geometry":{"type":"Polygon","coordinates":[[[5.21408,7.25263],[5.21226,7.31434],[5.18954,7.37693],[5.19227,7.43688],[5.32225,7.436],[5.34679,7.38134],[5.35861,7.29582],[5.3886,7.28348],[5.4186,7.24998],[5.41951,7.16976],[5.43314,7.11598],[5.48586,7.10981],[5.4495,7.06485],[5.36497,7.09218],[5.31588,7.1627],[5.24408,7.20766],[5.21408,7.25263]]]}},{"type":"Feature","properties":{"name":"Khana","id":"khana"},"geometry":{"type":"Polygon","coordinates":[[[7.47649,4.58405],[7.41559,4.56906],[7.36287,4.57171],[7.3047,4.59375],[7.3247,4.64841],[7.36106,4.68808],[7.33197,4.71012],[7.32742,4.76301],[7.35742,4.78241],[7.36651,4.82296],[7.43105,4.82737],[7.50922,4.78505],[7.53194,4.7683],[7.53467,4.70042],[7.5174,4.68014],[7.52921,4.59639],[7.47649,4.58405]]]}},{"type":"Feature","properties":{"name":"Oruk Anam","id":"oruk-anam"},"geometry":{"type":"Polygon","coordinates":[[[7.75736,4.9984],[7.79009,4.96666],[7.77554,4.9023],[7.79009,4.88115],[7.70555,4.75684],[7.70374,4.71364],[7.66919,4.68631],[7.58648,4.65458],[7.52558,4.66339],[7.53467,4.70042],[7.53194,4.7683],[7.50922,4.78505],[7.51194,4.79299],[7.5983,4.84147],[7.63011,4.81415],[7.67192,4.87321],[7.65556,4.90936],[7.74555,4.97548],[7.75736,4.9984]]]}},{"type":"Feature","properties":{"name":"Misau","id":"misau"},"geometry":{"type":"Polygon","coordinates":[[[10.6206,11.56008],[10.70786,11.49308],[10.71786,11.42784],[10.61697,11.41285],[10.59697,11.38905],[10.59515,11.33527],[10.56879,11.315],[10.55516,11.25417],[10.50789,11.26034],[10.44972,11.22067],[10.36609,11.2048],[10.33337,11.20568],[10.29883,11.35202],[10.31883,11.40139],[10.31883,11.47368],[10.35609,11.50983],[10.39336,11.44547],[10.50062,11.51159],[10.57606,11.48867],[10.6206,11.56008]]]}},{"type":"Feature","properties":{"name":"Kolokuma/Opokuma","id":"kolokumaopokuma"},"geometry":{"type":"Polygon","coordinates":[[[6.14759,4.94021],[6.14123,4.9984],[6.16486,5.04953],[6.2194,5.12975],[6.26484,5.17824],[6.38846,5.19323],[6.39574,5.13769],[6.35847,5.09361],[6.28302,5.06099],[6.26121,5.02308],[6.20758,4.97371],[6.14759,4.94021]]]}},{"type":"Feature","properties":{"name":"Karaye","id":"karaye"},"geometry":{"type":"Polygon","coordinates":[[[8.07641,11.8801],[8.12004,11.85894],[8.14095,11.79017],[8.10186,11.76813],[8.02824,11.6932],[7.98824,11.68615],[7.9537,11.65529],[7.90098,11.65],[7.85735,11.79458],[7.90553,11.81309],[8.02642,11.83337],[8.07641,11.8801]]]}},{"type":"Feature","properties":{"name":"Sagbama","id":"sagbama"},"geometry":{"type":"Polygon","coordinates":[[[5.99215,4.89261],[5.98034,4.93845],[5.99215,5.04865],[5.95943,5.10066],[5.97488,5.13769],[5.98125,5.13064],[6.0276,5.09537],[6.06215,5.10331],[6.06942,5.14122],[6.12941,5.12887],[6.20213,5.17912],[6.2203,5.23907],[6.25939,5.22761],[6.28393,5.27081],[6.31029,5.30343],[6.34756,5.32018],[6.40846,5.30519],[6.50299,5.33869],[6.48572,5.37925],[6.56208,5.37925],[6.56298,5.32018],[6.53117,5.28491],[6.48663,5.24084],[6.38846,5.19323],[6.26484,5.17824],[6.2194,5.12975],[6.16486,5.04953],[6.14123,4.9984],[6.11668,4.99223],[6.07487,5.06011],[6.05487,5.03895],[6.09032,4.97724],[6.06124,4.81767],[5.98943,4.81415],[5.99215,4.89261]]]}},{"type":"Feature","properties":{"name":"Garki","id":"garki"},"geometry":{"type":"Polygon","coordinates":[[[9.14535,12.3253],[8.95811,12.31384],[8.90993,12.30061],[8.83994,12.30855],[8.78813,12.27769],[8.72359,12.29444],[8.77995,12.34117],[8.7954,12.3826],[8.85176,12.41963],[8.86267,12.45842],[8.91993,12.52189],[8.9472,12.5792],[8.99992,12.58713],[9.06355,12.5598],[9.1908,12.52013],[9.19353,12.49545],[9.2417,12.47164],[9.25988,12.43021],[9.34533,12.42844],[9.39895,12.40905],[9.42077,12.38436],[9.5353,12.36761],[9.41713,12.31472],[9.36714,12.33588],[9.33533,12.28563],[9.28352,12.31736],[9.24988,12.3059],[9.21625,12.335],[9.14535,12.3253]]]}},{"type":"Feature","properties":{"name":"Mai'Adua","id":"maiadua"},"geometry":{"type":"Polygon","coordinates":[[[8.41364,13.03762],[8.36637,13.01735],[8.34183,13.06055],[8.31002,13.05614],[8.23366,13.00765],[8.17185,13.01294],[8.16094,13.03851],[8.15731,13.07112],[8.11459,13.11344],[8.12095,13.16369],[8.08732,13.2254],[8.06187,13.31709],[8.12186,13.30386],[8.22639,13.22364],[8.28729,13.19807],[8.40818,13.08876],[8.43454,13.0817],[8.41364,13.03762]]]}},{"type":"Feature","properties":{"name":"Ezza North","id":"ezza-north"},"geometry":{"type":"Polygon","coordinates":[[[8.0855,6.32431],[8.06369,6.23527],[8.03369,6.20353],[7.98279,6.16915],[7.9228,6.15328],[7.87826,6.18061],[7.85099,6.23174],[7.89371,6.26701],[7.8828,6.31726],[7.92007,6.34811],[8.01097,6.34988],[8.0346,6.37368],[8.0855,6.32431]]]}},{"type":"Feature","properties":{"name":"Ibi","id":"ibi"},"geometry":{"type":"Polygon","coordinates":[[[10.2452,8.80423],[10.31337,8.74163],[10.34973,8.7434],[10.38336,8.68345],[10.30974,8.67816],[10.26793,8.65876],[10.23157,8.59617],[10.10522,8.48156],[10.05795,8.39252],[9.97342,8.29643],[9.89889,8.25676],[9.83526,8.1157],[9.76618,8.0822],[9.63347,8.10601],[9.56348,8.1016],[9.38441,8.01961],[9.33533,7.98523],[9.41532,8.06193],[9.38714,8.1492],[9.41168,8.17653],[9.32987,8.23648],[9.36351,8.34051],[9.38987,8.34932],[9.48349,8.30613],[9.60983,8.29114],[9.61711,8.37225],[9.66437,8.38282],[9.75709,8.36696],[9.8907,8.44806],[10.05159,8.59176],[10.11613,8.67287],[10.2452,8.80423]]]}},{"type":"Feature","properties":{"name":"Omala","id":"omala"},"geometry":{"type":"Polygon","coordinates":[[[7.45013,7.51358],[7.46104,7.55325],[7.44014,7.62995],[7.44195,7.68813],[7.34924,7.84682],[7.35015,7.89971],[7.44559,8.04694],[7.58375,8.03812],[7.67647,8.01432],[7.66465,7.93498],[7.6701,7.88473],[7.75009,7.75161],[7.75282,7.70841],[7.65192,7.69607],[7.59466,7.64141],[7.55557,7.64317],[7.56557,7.58763],[7.51649,7.52239],[7.45013,7.51358]]]}},{"type":"Feature","properties":{"name":"Ile Oluji/Okeigbo","id":"ile-olujiokeigbo"},"geometry":{"type":"Polygon","coordinates":[[[5.0032,7.19973],[4.87685,7.18739],[4.87958,7.10364],[4.72142,7.09923],[4.61689,7.08424],[4.63507,7.11333],[4.70324,7.16182],[4.74687,7.22265],[4.73506,7.28436],[4.74506,7.31346],[4.75505,7.36106],[4.84504,7.37517],[4.94321,7.36988],[5.00593,7.39192],[5.04229,7.34872],[5.03683,7.25615],[5.0032,7.19973]]]}},{"type":"Feature","properties":{"name":"Baure","id":"baure"},"geometry":{"type":"Polygon","coordinates":[[[8.5518,12.83221],[8.62633,12.88246],[8.67178,12.85073],[8.72178,12.86483],[8.70814,12.93007],[8.95538,12.85602],[8.98901,12.83662],[9.04082,12.84632],[9.04719,12.81634],[8.98265,12.80665],[8.95174,12.73788],[8.86448,12.66912],[8.72269,12.67],[8.70087,12.68675],[8.66906,12.71937],[8.60361,12.737],[8.58907,12.80841],[8.5518,12.83221]]]}},{"type":"Feature","properties":{"name":"Dutsin Ma","id":"dutsin-ma"},"geometry":{"type":"Polygon","coordinates":[[[7.6092,12.34293],[7.51558,12.36673],[7.5174,12.32265],[7.54194,12.26888],[7.49922,12.25565],[7.40014,12.26359],[7.37651,12.30767],[7.3347,12.32001],[7.40287,12.33676],[7.42105,12.39406],[7.40469,12.52542],[7.4465,12.52454],[7.46831,12.56068],[7.51922,12.55363],[7.61557,12.56597],[7.64283,12.54129],[7.63284,12.4355],[7.64102,12.42492],[7.6092,12.34293]]]}},{"type":"Feature","properties":{"name":"Uhunmwonde","id":"uhunmwonde"},"geometry":{"type":"Polygon","coordinates":[[[5.87035,6.79684],[6.01215,6.77392],[6.07942,6.6937],[6.08487,6.60466],[6.07305,6.57292],[6.08123,6.51297],[6.10578,6.46272],[6.13304,6.40542],[6.07396,6.35164],[6.02397,6.34282],[5.9667,6.30844],[5.94034,6.25378],[5.8849,6.22205],[5.824,6.23615],[5.80673,6.28288],[5.75673,6.28376],[5.69038,6.32343],[5.70583,6.37015],[5.64493,6.37015],[5.64129,6.41423],[5.64402,6.4539],[5.67856,6.49269],[5.75673,6.55264],[5.79127,6.59584],[5.87035,6.79684]]]}},{"type":"Feature","properties":{"name":"Taura","id":"taura"},"geometry":{"type":"Polygon","coordinates":[[[9.33624,12.16573],[9.27079,12.15427],[9.27261,12.1913],[9.17989,12.23185],[9.11354,12.28298],[9.14535,12.3253],[9.21625,12.335],[9.24988,12.3059],[9.28352,12.31736],[9.33533,12.28563],[9.36714,12.33588],[9.41713,12.31472],[9.5353,12.36761],[9.57893,12.39142],[9.60802,12.32794],[9.55893,12.29885],[9.5662,12.26535],[9.53166,12.20805],[9.46167,12.18248],[9.40623,12.19482],[9.33624,12.16573]]]}},{"type":"Feature","properties":{"name":"Ughelli North","id":"ughelli-north"},"geometry":{"type":"Polygon","coordinates":[[[6.07123,5.20822],[6.02851,5.22144],[6.00488,5.26728],[6.02851,5.32723],[5.98125,5.43126],[5.99488,5.46211],[5.96489,5.50443],[5.91853,5.50179],[5.91762,5.54675],[5.85036,5.55644],[5.84581,5.5873],[5.86672,5.61904],[5.90126,5.60229],[5.92307,5.56262],[5.99034,5.55733],[6.05851,5.62168],[6.04124,5.68516],[6.09214,5.71689],[6.11305,5.75128],[6.14941,5.75568],[6.16668,5.72659],[6.18031,5.66488],[6.21122,5.62168],[6.16304,5.59435],[6.12395,5.59259],[6.11668,5.54851],[6.07214,5.51325],[6.06215,5.43919],[6.0876,5.40393],[6.09487,5.31842],[6.16122,5.23555],[6.07123,5.20822]]]}},{"type":"Feature","properties":{"name":"Orhionmwon","id":"orhionmwon"},"geometry":{"type":"Polygon","coordinates":[[[6.28121,6.36046],[6.2903,6.36222],[6.24666,6.31285],[6.21303,6.27935],[6.16758,6.33136],[6.12668,6.35605],[6.0876,6.31814],[6.08487,6.26348],[6.11214,6.24056],[6.13395,6.13565],[6.19576,6.05454],[6.25666,6.01664],[6.24394,5.96727],[6.20122,5.89674],[6.12123,5.83944],[6.10214,5.80329],[6.03942,5.7645],[5.98216,5.74775],[5.92489,5.74863],[5.9058,5.77067],[5.89399,5.79888],[5.92126,5.87734],[5.83309,5.94082],[5.81218,5.98402],[5.764,5.99812],[5.72674,6.0951],[5.76855,6.21676],[5.824,6.23615],[5.8849,6.22205],[5.94034,6.25378],[5.9667,6.30844],[6.02397,6.34282],[6.07396,6.35164],[6.13304,6.40542],[6.21576,6.42129],[6.28121,6.36046]]]}},{"type":"Feature","properties":{"name":"Soba","id":"soba"},"geometry":{"type":"Polygon","coordinates":[[[7.81281,11.15366],[7.84099,11.19951],[7.88098,11.19422],[7.92552,11.22067],[7.99279,11.23301],[8.04823,11.19598],[8.09186,11.17394],[8.15822,11.11576],[8.1664,11.08049],[8.21457,11.02672],[8.25002,10.93679],[8.18276,10.89624],[8.1264,10.80896],[8.06369,10.78075],[8.08732,10.7402],[8.08914,10.68113],[8.01915,10.70758],[7.94734,10.71463],[7.88916,10.67761],[7.85099,10.74813],[7.88644,10.764],[7.81554,10.831],[7.83372,10.87332],[7.79191,10.92269],[7.81736,10.9606],[7.82008,11.03553],[7.79918,11.1043],[7.77282,11.13691],[7.81281,11.15366]]]}},{"type":"Feature","properties":{"name":"Karasuwa","id":"karasuwa"},"geometry":{"type":"Polygon","coordinates":[[[10.43608,12.81723],[10.52425,12.86395],[10.59606,12.86131],[10.58243,12.89657],[10.53698,12.91067],[10.51425,12.94418],[10.46972,12.94153],[10.44699,12.9715],[10.46972,13.02969],[10.53607,13.06143],[10.56425,13.03586],[10.62242,13.02793],[10.71695,13.04644],[10.76149,13.12226],[10.79785,13.1584],[10.92329,13.18309],[10.93329,13.10639],[10.88966,13.07994],[10.87784,13.03233],[10.91056,12.96533],[10.97964,12.95652],[11.02782,12.98297],[11.10872,12.96004],[11.19416,12.98737],[11.20598,12.96533],[11.08599,12.92037],[11.03327,12.93271],[10.98783,12.87717],[10.92783,12.86395],[10.88511,12.89481],[10.76967,12.88863],[10.58152,12.84984],[10.55879,12.80577],[10.51244,12.81987],[10.47517,12.7899],[10.43608,12.81723]]]}},{"type":"Feature","properties":{"name":"Ondo West","id":"ondo-west"},"geometry":{"type":"Polygon","coordinates":[[[4.87958,7.10364],[4.92594,7.06396],[4.9114,6.95817],[4.83686,6.94407],[4.68688,6.87002],[4.62871,6.87002],[4.54781,6.84533],[4.56417,6.99608],[4.60962,7.03135],[4.61689,7.08424],[4.72142,7.09923],[4.87958,7.10364]]]}},{"type":"Feature","properties":{"name":"Ika South","id":"ika-south"},"geometry":{"type":"Polygon","coordinates":[[[6.25666,6.01664],[6.19576,6.05454],[6.13395,6.13565],[6.11214,6.24056],[6.08487,6.26348],[6.0876,6.31814],[6.12668,6.35605],[6.16758,6.33136],[6.21303,6.27935],[6.24666,6.31285],[6.2803,6.28464],[6.18849,6.25114],[6.16395,6.18326],[6.22394,6.15681],[6.21667,6.11097],[6.24576,6.0854],[6.34756,6.12066],[6.31938,6.0184],[6.25666,6.01664]]]}},{"type":"Feature","properties":{"name":"Oye","id":"oye"},"geometry":{"type":"Polygon","coordinates":[[[5.40133,7.72075],[5.32134,7.7278],[5.26317,7.76836],[5.25862,7.79216],[5.24135,7.84417],[5.24953,7.88208],[5.2668,7.88296],[5.26498,7.98346],[5.25044,8.00198],[5.24862,8.01961],[5.33225,8.00991],[5.36042,8.03812],[5.36588,8.0919],[5.41951,8.02754],[5.41042,7.98699],[5.42132,7.91558],[5.44587,7.87327],[5.40769,7.85652],[5.41951,7.78246],[5.40133,7.72075]]]}},{"type":"Feature","properties":{"name":"Bichi","id":"bichi"},"geometry":{"type":"Polygon","coordinates":[[[8.48454,12.26094],[8.45818,12.23185],[8.41091,12.25124],[8.35183,12.18777],[8.29638,12.18513],[8.29093,12.14722],[8.21548,12.14193],[8.15731,12.19042],[8.11913,12.20452],[8.11822,12.25301],[8.14004,12.27593],[8.09641,12.31472],[8.11913,12.4064],[8.15186,12.42756],[8.18458,12.40023],[8.18821,12.34646],[8.23457,12.38084],[8.2582,12.34734],[8.34274,12.35615],[8.38546,12.34557],[8.43363,12.35704],[8.48454,12.26094]]]}},{"type":"Feature","properties":{"name":"Kwali","id":"kwali"},"geometry":{"type":"Polygon","coordinates":[[[7.10564,8.91354],[7.19108,8.82274],[7.17472,8.79276],[7.12836,8.77778],[7.09927,8.72665],[7.12563,8.67463],[7.04019,8.61733],[6.97747,8.51947],[6.92021,8.54239],[6.86931,8.58383],[6.83295,8.58206],[6.80022,8.67287],[6.7975,8.78395],[6.82295,8.81921],[6.87203,8.84478],[6.89021,8.89679],[6.93839,8.90384],[7.01383,8.93911],[7.06382,8.90825],[7.10564,8.91354]]]}},{"type":"Feature","properties":{"name":"Oyo West","id":"oyo-west"},"geometry":{"type":"MultiPolygon","coordinates":[[[[3.95607,7.86269],[3.96244,7.88561],[4.01788,7.91823],[4.03152,7.8812],[3.97607,7.85034],[3.95607,7.86269]]],[[[3.74701,7.86004],[3.71247,7.9817],[3.74156,8.02137],[3.7361,8.06633],[3.80973,8.13951],[3.79973,8.03283],[3.867,7.98523],[3.9179,7.96848],[3.94153,7.93321],[3.92426,7.8812],[3.93789,7.85828],[3.93517,7.80186],[3.89699,7.77629],[3.85791,7.86004],[3.83427,7.84241],[3.74701,7.86004]]]]}},{"type":"Feature","properties":{"name":"Kusada","id":"kusada"},"geometry":{"type":"Polygon","coordinates":[[[7.93189,12.57303],[7.9837,12.57743],[8.04278,12.57126],[8.05914,12.49456],[8.04823,12.41258],[7.98733,12.3729],[7.9028,12.33235],[7.85462,12.31913],[7.79372,12.35792],[7.87826,12.3729],[7.87826,12.44431],[7.84917,12.47517],[7.93825,12.53864],[7.93189,12.57303]]]}},{"type":"Feature","properties":{"name":"Roni","id":"roni"},"geometry":{"type":"Polygon","coordinates":[[[8.16004,12.68411],[8.25275,12.6938],[8.28275,12.65061],[8.34456,12.65325],[8.36001,12.60829],[8.39909,12.58713],[8.45818,12.58713],[8.36546,12.43197],[8.35455,12.47958],[8.31092,12.50779],[8.2882,12.59947],[8.24639,12.59418],[8.19003,12.62416],[8.16004,12.68411]]]}},{"type":"Feature","properties":{"name":"Toro","id":"toro"},"geometry":{"type":"Polygon","coordinates":[[[8.81813,10.38051],[8.74905,10.44046],[8.77631,10.47925],[8.79268,10.56564],[8.78359,10.59738],[8.82176,10.67232],[8.85539,10.70758],[8.82176,10.76929],[8.7854,10.7975],[8.76632,10.85128],[8.81358,10.85304],[8.9063,10.83541],[8.9572,10.80632],[9.02083,10.81249],[9.04355,10.77546],[9.03537,10.73755],[9.22534,10.697],[9.30715,10.74108],[9.34896,10.74372],[9.41804,10.7878],[9.44713,10.75871],[9.56348,10.69171],[9.66165,10.61149],[9.6162,10.56476],[9.64074,10.46514],[9.69437,10.43252],[9.68073,10.39902],[9.69346,10.32497],[9.65983,10.29147],[9.62165,10.17774],[9.52348,10.1513],[9.51803,10.11339],[9.42986,10.14953],[9.38987,10.11691],[9.36987,10.07636],[9.35805,9.98115],[9.37441,9.94236],[9.34896,9.90181],[9.29624,9.89828],[9.2717,9.84627],[9.23171,9.86125],[9.21444,10.01729],[9.12808,10.05873],[9.08536,10.02523],[8.9772,9.98732],[8.93902,10.02699],[8.96811,10.10281],[8.9781,10.18039],[8.92993,10.21477],[8.95447,10.3091],[8.93538,10.34877],[8.86994,10.35759],[8.81813,10.38051]]]}},{"type":"Feature","properties":{"name":"Akure South","id":"akure-south"},"geometry":{"type":"Polygon","coordinates":[[[5.21408,7.25263],[5.24408,7.20766],[5.31588,7.1627],[5.36497,7.09218],[5.25408,7.10716],[5.15863,7.16976],[5.08319,7.25086],[5.135,7.28436],[5.21408,7.25263]]]}},{"type":"Feature","properties":{"name":"Igabi","id":"igabi"},"geometry":{"type":"Polygon","coordinates":[[[7.41196,10.56035],[7.37833,10.48983],[7.33742,10.49159],[7.24289,10.52685],[7.31106,10.62735],[7.21289,10.69259],[7.18835,10.72609],[7.20562,10.75078],[7.20835,10.83453],[7.25834,10.91563],[7.31015,10.94208],[7.35288,11.01085],[7.37651,11.01349],[7.49195,10.96324],[7.52285,10.97029],[7.57194,11.00291],[7.66829,11.00027],[7.76009,10.97029],[7.79191,10.92269],[7.83372,10.87332],[7.81554,10.831],[7.88644,10.764],[7.85099,10.74813],[7.88916,10.67761],[7.85281,10.59562],[7.87008,10.52685],[7.82917,10.49776],[7.77827,10.49952],[7.7301,10.47748],[7.69828,10.5101],[7.70555,10.54977],[7.64738,10.56124],[7.60193,10.58768],[7.4874,10.56212],[7.42377,10.60443],[7.41196,10.56035]]]}},{"type":"Feature","properties":{"name":"Okene","id":"okene"},"geometry":{"type":"Polygon","coordinates":[[[6.1894,7.57529],[6.29757,7.53385],[6.29211,7.50035],[6.22576,7.46862],[6.1585,7.52856],[6.13395,7.55237],[6.1894,7.57529]]]}},{"type":"Feature","properties":{"name":"Onitsha South","id":"onitsha-south"},"geometry":{"type":"Polygon","coordinates":[[[6.79023,6.13212],[6.7575,6.13477],[6.76477,6.15593],[6.79023,6.13212]]]}},{"type":"Feature","properties":{"name":"Agatu","id":"agatu"},"geometry":{"type":"Polygon","coordinates":[[[7.75009,7.75161],[7.6701,7.88473],[7.66465,7.93498],[7.67647,8.01432],[7.86735,7.98611],[7.97279,7.93938],[8.04096,7.89619],[8.11368,7.86357],[8.21548,7.83448],[8.13549,7.7904],[8.08914,7.74896],[8.03823,7.73662],[8.02642,7.70312],[7.97461,7.74191],[7.97733,7.78511],[7.91371,7.77982],[7.86099,7.79304],[7.80554,7.78951],[7.75009,7.75161]]]}},{"type":"Feature","properties":{"name":"Dala","id":"dala"},"geometry":{"type":"Polygon","coordinates":[[[8.46636,12.06523],[8.5218,12.01145],[8.50908,11.99999],[8.46908,12.02379],[8.46636,12.06523]]]}},{"type":"Feature","properties":{"name":"Anka","id":"anka"},"geometry":{"type":"Polygon","coordinates":[[[5.74946,12.28915],[5.81854,12.24155],[5.84127,12.29268],[5.88581,12.31384],[5.90944,12.14105],[5.99943,12.15427],[6.05396,12.12077],[6.11396,12.13223],[6.17304,12.09256],[6.21576,11.94974],[6.26484,11.8801],[6.29484,11.88538],[6.32938,11.84924],[6.27575,11.82896],[6.28393,11.78224],[6.24939,11.717],[6.25757,11.65529],[6.1794,11.64207],[6.16213,11.61474],[6.0576,11.67204],[5.99397,11.67116],[5.97307,11.63413],[5.91307,11.63589],[5.92126,11.69584],[5.94307,11.73111],[5.94216,11.78136],[5.90944,11.81133],[5.85127,11.89596],[5.81854,12.01939],[5.76491,12.03437],[5.73764,12.08815],[5.69401,12.08903],[5.72128,12.16044],[5.72219,12.24243],[5.74946,12.28915]]]}},{"type":"Feature","properties":{"name":"Tofa","id":"tofa"},"geometry":{"type":"Polygon","coordinates":[[[8.25093,12.11989],[8.33819,12.07933],[8.38728,12.02203],[8.41727,11.97883],[8.40273,11.9471],[8.40455,11.93123],[8.32092,11.95856],[8.2473,12.02115],[8.2682,12.07493],[8.25093,12.11989]]]}},{"type":"Feature","properties":{"name":"Ingawa","id":"ingawa"},"geometry":{"type":"Polygon","coordinates":[[[8.14186,12.81105],[8.18549,12.73259],[8.16004,12.68411],[8.19003,12.62416],[8.24639,12.59418],[8.18094,12.56156],[8.1564,12.43991],[8.10822,12.4161],[8.04823,12.41258],[8.05914,12.49456],[8.04278,12.57126],[7.9837,12.57743],[7.99915,12.61622],[7.95643,12.64796],[7.96279,12.73083],[8.0246,12.7273],[8.09823,12.76786],[8.10822,12.80488],[8.14186,12.81105]]]}},{"type":"Feature","properties":{"name":"Uvwie","id":"uvwie"},"geometry":{"type":"Polygon","coordinates":[[[5.784,5.51589],[5.77764,5.54146],[5.70583,5.58201],[5.78309,5.62168],[5.84581,5.5873],[5.85036,5.55644],[5.81945,5.56173],[5.784,5.51589]]]}},{"type":"Feature","properties":{"name":"Idanre","id":"idanre"},"geometry":{"type":"Polygon","coordinates":[[[4.98775,6.89911],[5.00684,6.97933],[4.99229,7.07807],[5.00411,7.1054],[5.0032,7.19973],[5.03683,7.25615],[5.08319,7.25086],[5.15863,7.16976],[5.25408,7.10716],[5.36497,7.09218],[5.4495,7.06485],[5.47586,7.05074],[5.49222,6.98815],[5.53404,6.91674],[5.53676,6.885],[5.4595,6.88588],[5.27225,6.88853],[5.25498,6.88236],[5.19681,6.77392],[5.15045,6.74571],[5.12228,6.69899],[5.07865,6.71486],[5.00229,6.79155],[4.98775,6.89911]]]}},{"type":"Feature","properties":{"name":"Okpe","id":"okpe"},"geometry":{"type":"Polygon","coordinates":[[[5.70583,5.58201],[5.65584,5.61463],[5.6922,5.66224],[5.65038,5.70103],[5.72583,5.731],[5.77673,5.81475],[5.82581,5.77067],[5.89399,5.79888],[5.9058,5.77067],[5.86854,5.74775],[5.85308,5.70279],[5.90671,5.65695],[5.90126,5.60229],[5.86672,5.61904],[5.84581,5.5873],[5.78309,5.62168],[5.70583,5.58201]]]}},{"type":"Feature","properties":{"name":"Anambra West","id":"anambra-west"},"geometry":{"type":"Polygon","coordinates":[[[6.66206,6.55793],[6.76387,6.56322],[6.80841,6.58967],[6.8584,6.55793],[6.83567,6.47859],[6.85476,6.40454],[6.82658,6.35957],[6.82568,6.29345],[6.78386,6.25555],[6.78568,6.20618],[6.76296,6.1859],[6.72296,6.26524],[6.71296,6.3534],[6.66933,6.50151],[6.66206,6.55793]]]}},{"type":"Feature","properties":{"name":"Mushin","id":"mushin"},"geometry":{"type":"Polygon","coordinates":[[[3.36706,6.52443],[3.36525,6.51738],[3.32253,6.50151],[3.35161,6.55529],[3.36706,6.55881],[3.36706,6.52443]]]}},{"type":"Feature","properties":{"name":"Shagamu","id":"shagamu"},"geometry":{"type":"Polygon","coordinates":[[[3.58703,6.90528],[3.61248,6.90969],[3.69156,6.83475],[3.69156,6.79244],[3.68157,6.75893],[3.69247,6.68312],[3.44342,6.68576],[3.44069,6.75188],[3.48341,6.83211],[3.53613,6.87178],[3.55431,6.91057],[3.58703,6.90528]]]}},{"type":"Feature","properties":{"name":"Biase","id":"biase"},"geometry":{"type":"Polygon","coordinates":[[[7.91643,5.74775],[7.97006,5.76803],[8.03187,5.79888],[8.07096,5.72307],[8.1155,5.70279],[8.14458,5.66664],[8.19094,5.54322],[8.26002,5.44536],[8.24457,5.39159],[8.17094,5.3528],[8.16185,5.30784],[8.10004,5.27257],[8.06005,5.27257],[8.04187,5.34574],[8.00642,5.39952],[7.99279,5.55556],[7.91371,5.52383],[7.9128,5.52471],[7.90643,5.57055],[7.91552,5.65518],[7.89007,5.68516],[7.91643,5.74775]]]}},{"type":"Feature","properties":{"name":"Gaya","id":"gaya"},"geometry":{"type":"Polygon","coordinates":[[[8.90539,11.92065],[8.9572,11.9471],[9.099,11.89685],[9.07536,11.83954],[9.14354,11.84131],[9.16717,11.88627],[9.20171,11.90478],[9.22989,11.89508],[9.18717,11.83425],[9.14354,11.82632],[9.14172,11.75932],[9.15717,11.71965],[9.08354,11.71083],[9.03991,11.69055],[9.00265,11.7408],[8.91811,11.71788],[8.89993,11.73375],[8.8863,11.80692],[8.94811,11.88803],[8.90539,11.92065]]]}},{"type":"Feature","properties":{"name":"Charanchi","id":"charanchi"},"geometry":{"type":"Polygon","coordinates":[[[7.53376,12.69645],[7.58103,12.72113],[7.63011,12.74494],[7.6801,12.71672],[7.72555,12.7467],[7.75464,12.70262],[7.78827,12.70879],[7.77554,12.66647],[7.80009,12.62504],[7.74827,12.6127],[7.71101,12.5792],[7.741,12.5457],[7.71555,12.49897],[7.73373,12.45489],[7.6801,12.41258],[7.64102,12.42492],[7.63284,12.4355],[7.64283,12.54129],[7.61557,12.56597],[7.62466,12.61799],[7.59102,12.63297],[7.53376,12.69645]]]}},{"type":"Feature","properties":{"name":"Etsako Central","id":"etsako-central"},"geometry":{"type":"Polygon","coordinates":[[[6.67933,6.97228],[6.67297,6.93525],[6.61116,6.82241],[6.62389,6.79332],[6.53026,6.79332],[6.52208,6.88236],[6.483,6.92556],[6.4121,6.93878],[6.38119,6.92996],[6.35483,6.9714],[6.3621,7.0481],[6.42119,7.10804],[6.41482,7.16711],[6.50572,7.15124],[6.53572,7.10099],[6.52754,7.0287],[6.55662,7.00402],[6.67933,6.97228]]]}},{"type":"Feature","properties":{"name":"Darazo","id":"darazo"},"geometry":{"type":"Polygon","coordinates":[[[10.71786,11.42784],[10.76967,11.43313],[10.79331,11.46487],[10.85603,11.47897],[10.87966,11.44547],[10.9342,11.46751],[10.91056,11.33086],[10.93329,11.315],[10.92602,11.25152],[10.98146,11.17923],[11.00873,11.14926],[10.93783,11.09636],[10.79876,11.08402],[10.7724,11.06022],[10.73877,11.10077],[10.66969,11.03994],[10.64151,10.9606],[10.67696,10.93062],[10.65242,10.88125],[10.56879,10.81073],[10.52698,10.73667],[10.50153,10.77458],[10.44063,10.77282],[10.45245,10.80896],[10.48971,10.8072],[10.44699,10.91916],[10.36428,10.86627],[10.28156,10.89977],[10.27883,10.95178],[10.32428,10.95971],[10.32792,11.08226],[10.2852,11.1043],[10.3361,11.14309],[10.36609,11.2048],[10.44972,11.22067],[10.50789,11.26034],[10.55516,11.25417],[10.56879,11.315],[10.59515,11.33527],[10.59697,11.38905],[10.61697,11.41285],[10.71786,11.42784]]]}},{"type":"Feature","properties":{"name":"Ijumu","id":"ijumu"},"geometry":{"type":"Polygon","coordinates":[[[5.8349,7.9244],[5.90762,7.99933],[5.95761,8.09631],[6.0267,8.15449],[6.07578,8.04165],[6.07942,8.01256],[6.05396,7.93057],[6.06942,7.8909],[6.02215,7.84065],[6.05396,7.7904],[6.05396,7.7472],[6.08578,7.73838],[6.12214,7.68196],[6.0985,7.58851],[6.04851,7.5797],[6.00397,7.52944],[5.9967,7.55942],[5.94034,7.64493],[5.91944,7.74984],[5.81672,7.7278],[5.77309,7.7472],[5.76764,7.78775],[5.73764,7.82125],[5.76037,7.83448],[5.8349,7.9244]]]}},{"type":"Feature","properties":{"name":"Irepodun","id":"irepodun"},"geometry":{"type":"Polygon","coordinates":[[[4.79959,8.06545],[4.81505,8.13069],[4.78596,8.18006],[4.74778,8.21003],[4.78959,8.23384],[4.81686,8.3026],[4.8205,8.35902],[4.90685,8.3696],[4.93776,8.29378],[4.92594,8.22678],[5.01229,8.15008],[5.07319,8.1448],[5.12228,8.20739],[5.18499,8.18182],[5.18863,8.15185],[5.09046,8.09454],[5.05501,8.04958],[4.99866,8.03019],[4.97048,8.03283],[4.92685,8.07956],[4.85413,8.09543],[4.80868,8.06193],[4.79959,8.06545]]]}},{"type":"Feature","properties":{"name":"Egbeda","id":"egbeda"},"geometry":{"type":"Polygon","coordinates":[[[4.13514,7.40338],[4.12605,7.31169],[4.08969,7.29406],[4.07242,7.36018],[4.00425,7.34696],[3.9388,7.37869],[3.94426,7.40338],[4.09424,7.43423],[4.13696,7.45892],[4.13514,7.40338]]]}},{"type":"Feature","properties":{"name":"Akoko South East","id":"akoko-south-east"},"geometry":{"type":"Polygon","coordinates":[[[5.95034,7.34431],[5.84672,7.39456],[5.82309,7.49594],[5.95125,7.50123],[5.9867,7.35489],[5.95034,7.34431]]]}},{"type":"Feature","properties":{"name":"Faskari","id":"faskari"},"geometry":{"type":"Polygon","coordinates":[[[7.10745,11.55126],[7.07382,11.56272],[7.03383,11.53099],[7.00383,11.53539],[6.90112,11.4922],[6.90385,11.55302],[6.85476,11.59534],[6.85476,11.64207],[6.88112,11.70554],[6.88658,11.76108],[6.91021,11.78576],[7.01747,11.81574],[7.04292,11.79017],[7.142,11.84924],[7.14109,11.91095],[7.22653,11.9136],[7.24653,11.93299],[7.30197,11.86246],[7.30197,11.77607],[7.28379,11.75226],[7.33833,11.66851],[7.3047,11.56625],[7.23562,11.58917],[7.17654,11.57595],[7.13563,11.57859],[7.10745,11.55126]]]}},{"type":"Feature","properties":{"name":"Makarfi","id":"makarfi"},"geometry":{"type":"Polygon","coordinates":[[[7.84099,11.19951],[7.81281,11.20303],[7.81372,11.29031],[7.87644,11.28149],[7.80554,11.37142],[7.87917,11.3864],[7.90007,11.43137],[7.95643,11.46751],[7.97552,11.40139],[8.01551,11.35907],[8.06096,11.3626],[8.06459,11.29648],[8.10368,11.28678],[8.04823,11.19598],[7.99279,11.23301],[7.92552,11.22067],[7.88098,11.19422],[7.84099,11.19951]]]}},{"type":"Feature","properties":{"name":"Udu","id":"udu"},"geometry":{"type":"Polygon","coordinates":[[[5.78855,5.44272],[5.75037,5.49121],[5.784,5.51589],[5.81945,5.56173],[5.86763,5.49297],[5.88581,5.43126],[5.84127,5.40834],[5.78855,5.44272]]]}},{"type":"Feature","properties":{"name":"Bunkure","id":"bunkure"},"geometry":{"type":"Polygon","coordinates":[[[8.47181,11.717],[8.50181,11.75844],[8.56725,11.78136],[8.61815,11.75226],[8.65906,11.717],[8.66178,11.66411],[8.69996,11.67645],[8.70632,11.7699],[8.76813,11.75932],[8.75632,11.72582],[8.76813,11.67909],[8.75359,11.62884],[8.67178,11.63413],[8.63542,11.63501],[8.5927,11.58917],[8.56089,11.60857],[8.46272,11.55655],[8.44545,11.59799],[8.45545,11.63854],[8.43273,11.68526],[8.47181,11.717]]]}},{"type":"Feature","properties":{"name":"Funtua","id":"funtua"},"geometry":{"type":"Polygon","coordinates":[[[7.28925,11.28414],[7.30834,11.29296],[7.29925,11.40492],[7.30924,11.45869],[7.24834,11.49837],[7.19017,11.50101],[7.17654,11.57595],[7.23562,11.58917],[7.3047,11.56625],[7.35469,11.51335],[7.40105,11.52658],[7.38742,11.47368],[7.39014,11.37054],[7.35742,11.26386],[7.28925,11.28414]]]}},{"type":"Feature","properties":{"name":"Dambatta","id":"dambatta"},"geometry":{"type":"Polygon","coordinates":[[[8.73268,12.26888],[8.6736,12.3059],[8.6427,12.26182],[8.59816,12.26006],[8.56634,12.35175],[8.52635,12.38701],[8.4909,12.39054],[8.48454,12.44519],[8.44545,12.44519],[8.45,12.51396],[8.4909,12.48398],[8.54816,12.48575],[8.54907,12.55187],[8.5318,12.60035],[8.64088,12.5933],[8.64542,12.5598],[8.71905,12.56685],[8.68724,12.4831],[8.70996,12.4161],[8.76359,12.41963],[8.7954,12.3826],[8.77995,12.34117],[8.72359,12.29444],[8.73268,12.26888]]]}},{"type":"Feature","properties":{"name":"Jakusko","id":"jakusko"},"geometry":{"type":"Polygon","coordinates":[[[11.22597,12.34822],[11.17689,12.28475],[11.14235,12.26535],[11.14871,12.22744],[11.066,12.17807],[10.9951,12.09961],[10.96692,12.08462],[10.9342,12.09785],[10.86693,12.00616],[10.82148,11.98853],[10.8233,12.10931],[10.80421,12.11724],[10.78967,12.27505],[10.76422,12.36938],[10.75059,12.47605],[10.65151,12.52895],[10.59788,12.52189],[10.58879,12.64179],[10.64787,12.64972],[10.66332,12.7035],[10.69605,12.69292],[10.70786,12.75463],[10.74422,12.79078],[10.87057,12.83574],[10.89148,12.81282],[10.94965,12.84103],[11.01237,12.8472],[11.03509,12.81017],[11.046,12.78813],[11.08145,12.6894],[11.04055,12.67441],[10.99873,12.62504],[10.99328,12.59154],[11.02328,12.56509],[11.04691,12.49192],[11.19598,12.51925],[11.19143,12.47076],[11.21598,12.41169],[11.22597,12.34822]]]}},{"type":"Feature","properties":{"name":"Gwale","id":"gwale"},"geometry":{"type":"Polygon","coordinates":[[[8.50908,11.99999],[8.5109,11.95944],[8.4809,11.93475],[8.44454,11.97178],[8.46908,12.02379],[8.50908,11.99999]]]}},{"type":"Feature","properties":{"name":"Babura","id":"babura"},"geometry":{"type":"Polygon","coordinates":[[[8.64088,12.5933],[8.65815,12.65942],[8.70087,12.68675],[8.72269,12.67],[8.86448,12.66912],[8.95174,12.73788],[8.98265,12.80665],[9.04719,12.81634],[9.08627,12.77403],[9.04264,12.66207],[9.039,12.62857],[8.99992,12.58713],[8.9472,12.5792],[8.91993,12.52189],[8.86267,12.45842],[8.85176,12.41963],[8.7954,12.3826],[8.76359,12.41963],[8.70996,12.4161],[8.68724,12.4831],[8.71905,12.56685],[8.64542,12.5598],[8.64088,12.5933]]]}},{"type":"Feature","properties":{"name":"Sapele","id":"sapele"},"geometry":{"type":"Polygon","coordinates":[[[5.5704,5.77861],[5.54313,5.84032],[5.54767,5.88616],[5.4695,5.93112],[5.47404,6.02721],[5.51313,6.03515],[5.53676,5.99019],[5.5713,5.99107],[5.58948,5.91878],[5.64039,5.94611],[5.69856,5.89057],[5.77219,5.85266],[5.77673,5.81475],[5.72583,5.731],[5.65038,5.70103],[5.6013,5.73276],[5.5704,5.77861]]]}},{"type":"Feature","properties":{"name":"Ika North East","id":"ika-north-east"},"geometry":{"type":"Polygon","coordinates":[[[6.2903,6.36222],[6.3621,6.38426],[6.39119,6.3102],[6.37574,6.23968],[6.38574,6.18414],[6.34392,6.15504],[6.34756,6.12066],[6.24576,6.0854],[6.21667,6.11097],[6.22394,6.15681],[6.16395,6.18326],[6.18849,6.25114],[6.2803,6.28464],[6.24666,6.31285],[6.2903,6.36222]]]}},{"type":"Feature","properties":{"name":"Surulere","id":"surulere"},"geometry":{"type":"Polygon","coordinates":[[[3.36525,6.51738],[3.36434,6.47594],[3.33889,6.47418],[3.31525,6.46008],[3.32162,6.49534],[3.32253,6.50151],[3.36525,6.51738]]]}},{"type":"Feature","properties":{"name":"Garun Malam","id":"garun-malam"},"geometry":{"type":"Polygon","coordinates":[[[8.3791,11.75755],[8.45909,11.73816],[8.47181,11.717],[8.43273,11.68526],[8.45545,11.63854],[8.44545,11.59799],[8.46272,11.55655],[8.43363,11.57683],[8.40455,11.57506],[8.33547,11.67028],[8.33183,11.72758],[8.3791,11.75755]]]}},{"type":"Feature","properties":{"name":"Offa","id":"offa"},"geometry":{"type":"Polygon","coordinates":[[[4.65052,8.16243],[4.69415,8.21709],[4.72324,8.19328],[4.72778,8.12364],[4.68415,8.12452],[4.65052,8.16243]]]}},{"type":"Feature","properties":{"name":"Shomolu","id":"shomolu"},"geometry":{"type":"Polygon","coordinates":[[[3.39979,6.52355],[3.36706,6.52443],[3.36706,6.55881],[3.39979,6.53942],[3.39979,6.52355]]]}},{"type":"Feature","properties":{"name":"Makoda","id":"makoda"},"geometry":{"type":"Polygon","coordinates":[[[8.51453,12.25742],[8.48454,12.26094],[8.43363,12.35704],[8.36546,12.43197],[8.45818,12.58713],[8.5318,12.60035],[8.54907,12.55187],[8.54816,12.48575],[8.4909,12.48398],[8.45,12.51396],[8.44545,12.44519],[8.48454,12.44519],[8.4909,12.39054],[8.52635,12.38701],[8.56634,12.35175],[8.59816,12.26006],[8.54544,12.28122],[8.51453,12.25742]]]}},{"type":"Feature","properties":{"name":"Rimin Gado","id":"rimin-gado"},"geometry":{"type":"Polygon","coordinates":[[[8.28184,11.82103],[8.26184,11.87216],[8.14186,11.99294],[8.2473,12.02115],[8.32092,11.95856],[8.40455,11.93123],[8.40637,11.90566],[8.28184,11.82103]]]}},{"type":"Feature","properties":{"name":"Yusufari","id":"yusufari"},"geometry":{"type":"Polygon","coordinates":[[[10.26065,13.08876],[10.17885,13.16457],[10.21884,13.24392],[10.22429,13.28006],[10.46426,13.31885],[10.64424,13.37439],[10.74968,13.3885],[10.83512,13.38673],[10.93238,13.3691],[11.02146,13.37615],[11.10599,13.36029],[11.33323,13.37968],[11.32051,13.34706],[11.34687,13.26331],[11.32323,13.2448],[11.3605,13.16634],[11.42595,13.1443],[11.44594,13.07201],[11.44503,13.02087],[11.43413,12.98385],[11.2587,12.95123],[11.20598,12.96533],[11.19416,12.98737],[11.10872,12.96004],[11.02782,12.98297],[10.97964,12.95652],[10.91056,12.96533],[10.87784,13.03233],[10.88966,13.07994],[10.93329,13.10639],[10.92329,13.18309],[10.79785,13.1584],[10.76149,13.12226],[10.71695,13.04644],[10.62242,13.02793],[10.56425,13.03586],[10.53607,13.06143],[10.46972,13.02969],[10.42881,13.04203],[10.39336,13.09052],[10.43881,13.12402],[10.43154,13.15488],[10.3461,13.10991],[10.26065,13.08876]]]}},{"type":"Feature","properties":{"name":"Bassa","id":"bassa"},"geometry":{"type":"Polygon","coordinates":[[[7.44559,8.04694],[7.35015,7.89971],[7.34924,7.84682],[7.29107,7.77629],[7.20653,7.78511],[7.10836,7.69342],[7.02019,7.704],[6.94929,7.64229],[6.84113,7.60174],[6.82113,7.57088],[6.79932,7.4836],[6.81295,7.45275],[6.78477,7.44393],[6.75478,7.48008],[6.70751,7.48448],[6.69933,7.58939],[6.74478,7.6705],[6.7575,7.75072],[6.76932,7.80009],[6.84931,7.84946],[6.96384,7.87944],[7.07291,7.94291],[7.2538,8.0152],[7.30561,8.02754],[7.44559,8.04694]]]}},{"type":"Feature","properties":{"name":"Jahun","id":"jahun"},"geometry":{"type":"Polygon","coordinates":[[[9.31897,12.05729],[9.31987,12.10049],[9.34896,12.11812],[9.33624,12.16573],[9.40623,12.19482],[9.46167,12.18248],[9.53166,12.20805],[9.60983,12.1384],[9.65347,12.13135],[9.72527,12.14634],[9.76981,12.12606],[9.78254,12.12518],[9.80981,11.96473],[9.738,11.95591],[9.6771,11.93211],[9.59529,11.93387],[9.58166,11.97971],[9.47349,11.93564],[9.45349,11.91271],[9.40714,11.94533],[9.38078,12.01586],[9.33715,12.02644],[9.31897,12.05729]]]}},{"type":"Feature","properties":{"name":"Kurfi","id":"kurfi"},"geometry":{"type":"Polygon","coordinates":[[[7.41287,12.86307],[7.48104,12.85866],[7.47559,12.8137],[7.50922,12.804],[7.53376,12.69645],[7.59102,12.63297],[7.62466,12.61799],[7.61557,12.56597],[7.51922,12.55363],[7.46831,12.56068],[7.4465,12.52454],[7.40469,12.52542],[7.36924,12.68058],[7.39832,12.71055],[7.40105,12.78108],[7.41832,12.81194],[7.41287,12.86307]]]}},{"type":"Feature","properties":{"name":"Esan West","id":"esan-west"},"geometry":{"type":"Polygon","coordinates":[[[6.16758,6.82417],[6.2503,6.83651],[6.2094,6.78891],[6.2203,6.76422],[6.17031,6.71397],[6.20758,6.5932],[6.22303,6.49798],[6.16304,6.4971],[6.10578,6.46272],[6.08123,6.51297],[6.07305,6.57292],[6.08487,6.60466],[6.07942,6.6937],[6.01215,6.77392],[6.04487,6.77657],[6.10123,6.81095],[6.16758,6.82417]]]}},{"type":"Feature","properties":{"name":"Kaduna North","id":"kaduna-north"},"geometry":{"type":"Polygon","coordinates":[[[7.44104,10.48806],[7.41196,10.56035],[7.42377,10.60443],[7.4874,10.56212],[7.44104,10.48806]]]}},{"type":"Feature","properties":{"name":"Daura","id":"daura"},"geometry":{"type":"Polygon","coordinates":[[[8.36637,13.01735],[8.34637,12.98914],[8.34274,12.92037],[8.26366,12.90098],[8.25093,12.87982],[8.22094,12.96269],[8.17185,13.01294],[8.23366,13.00765],[8.31002,13.05614],[8.34183,13.06055],[8.36637,13.01735]]]}},{"type":"Feature","properties":{"name":"Gassol","id":"gassol"},"geometry":{"type":"Polygon","coordinates":[[[10.89148,8.82538],[10.99782,8.76279],[11.03236,8.724],[11.03236,8.67728],[11.11054,8.63143],[11.07145,8.54063],[11.01237,8.47715],[10.91874,8.43043],[10.86239,8.36167],[10.79603,8.31759],[10.7724,8.28497],[10.65333,8.20915],[10.60879,8.22678],[10.56788,8.14744],[10.47971,8.17389],[10.40154,8.14656],[10.33155,8.14568],[10.30974,8.22766],[10.27429,8.25059],[10.20793,8.25852],[10.14612,8.23824],[10.0325,8.23736],[9.97342,8.29643],[10.05795,8.39252],[10.10522,8.48156],[10.23157,8.59617],[10.26793,8.65876],[10.30974,8.67816],[10.38336,8.68345],[10.54334,8.71959],[10.57697,8.75309],[10.66151,8.74428],[10.67332,8.72665],[10.76422,8.72576],[10.84148,8.76896],[10.89148,8.82538]]]}},{"type":"Feature","properties":{"name":"Auyo","id":"auyo"},"geometry":{"type":"Polygon","coordinates":[[[9.8598,12.22303],[9.82071,12.30502],[9.84617,12.33676],[9.89707,12.34998],[9.96433,12.41434],[10.02796,12.44079],[10.0525,12.43197],[10.10704,12.41698],[10.2252,12.43373],[10.25429,12.39142],[10.19521,12.32794],[10.12613,12.35792],[10.10158,12.38613],[10.01705,12.37379],[9.96888,12.31825],[9.95615,12.27946],[9.89161,12.25389],[9.8598,12.22303]]]}},{"type":"Feature","properties":{"name":"Wudil","id":"wudil"},"geometry":{"type":"Polygon","coordinates":[[[8.86357,11.91183],[8.90539,11.92065],[8.94811,11.88803],[8.8863,11.80692],[8.89993,11.73375],[8.91811,11.71788],[8.94538,11.70907],[8.96083,11.65705],[8.93084,11.61385],[8.89812,11.62443],[8.90448,11.69232],[8.84721,11.72846],[8.81813,11.70907],[8.75632,11.72582],[8.76813,11.75932],[8.82085,11.79811],[8.87266,11.86687],[8.86357,11.91183]]]}},{"type":"Feature","properties":{"name":"Ikara","id":"ikara"},"geometry":{"type":"Polygon","coordinates":[[[8.26457,11.31323],[8.32547,11.22684],[8.43363,11.22684],[8.46181,11.17218],[8.51908,11.16248],[8.50635,11.13251],[8.47908,11.11311],[8.40818,11.11047],[8.40182,11.15366],[8.3191,11.18452],[8.31092,11.12722],[8.28911,11.10518],[8.22548,11.10518],[8.21276,11.14044],[8.15822,11.11576],[8.09186,11.17394],[8.04823,11.19598],[8.10368,11.28678],[8.06459,11.29648],[8.06096,11.3626],[8.01551,11.35907],[7.97552,11.40139],[7.95643,11.46751],[8.03551,11.49308],[8.08641,11.51776],[8.15004,11.51952],[8.14367,11.4199],[8.11368,11.40844],[8.20639,11.31852],[8.26457,11.31323]]]}},{"type":"Feature","properties":{"name":"Ifedore","id":"ifedore"},"geometry":{"type":"Polygon","coordinates":[[[5.19227,7.43688],[5.18954,7.37693],[5.21226,7.31434],[5.21408,7.25263],[5.135,7.28436],[5.08319,7.25086],[5.03683,7.25615],[5.04229,7.34872],[5.00593,7.39192],[5.00502,7.41396],[5.04865,7.45715],[5.08592,7.45627],[5.19227,7.43688]]]}},{"type":"Feature","properties":{"name":"Lavun","id":"lavun"},"geometry":{"type":"MultiPolygon","coordinates":[[[[6.12759,8.75309],[6.03306,8.75926],[5.92853,8.74251],[5.79582,8.74163],[5.76037,8.77337],[5.80127,8.8104],[5.81218,8.85095],[5.81672,8.91266],[5.83854,8.96732],[5.87944,8.92677],[5.96125,8.91707],[6.11305,8.92853],[6.13577,8.8439],[6.12759,8.75309]]],[[[5.50677,9.14099],[5.46677,9.17802],[5.50768,9.23532],[5.44132,9.26353],[5.41133,9.35522],[5.35952,9.41605],[5.32952,9.51743],[5.22135,9.50862],[5.13864,9.52801],[5.15227,9.56856],[5.21681,9.56856],[5.25589,9.58972],[5.29225,9.67083],[5.35588,9.69022],[5.43132,9.80219],[5.48041,9.79513],[5.51586,9.70433],[5.5813,9.70257],[5.6013,9.67964],[5.70765,9.61088],[5.74219,9.52625],[5.79855,9.48217],[5.82036,9.5095],[5.8649,9.4901],[5.91217,9.50156],[5.8958,9.41869],[5.86217,9.36932],[5.83309,9.23356],[5.83036,9.17185],[5.78309,9.19036],[5.67765,9.20094],[5.61493,9.18331],[5.57676,9.15598],[5.50677,9.14099]]]]}},{"type":"Feature","properties":{"name":"Dange Shuni","id":"dange-shuni"},"geometry":{"type":"Polygon","coordinates":[[[5.58857,12.804],[5.64948,12.76874],[5.67493,12.73524],[5.63766,12.69204],[5.57676,12.6797],[5.57585,12.75111],[5.53222,12.78461],[5.48859,12.69204],[5.49677,12.67088],[5.44768,12.61005],[5.37406,12.62063],[5.37406,12.68499],[5.38315,12.72642],[5.32225,12.76521],[5.27498,12.81282],[5.2359,12.93183],[5.19863,12.94858],[5.24771,13.00589],[5.29225,13.03057],[5.3177,12.99972],[5.37042,12.97591],[5.3986,12.99795],[5.44859,12.96445],[5.5404,12.9812],[5.55676,12.92037],[5.54222,12.8666],[5.58857,12.804]]]}},{"type":"Feature","properties":{"name":"Yewa North","id":"yewa-north"},"geometry":{"type":"Polygon","coordinates":[[[2.73624,7.31786],[2.77442,7.35665],[2.84168,7.33461],[2.8735,7.26585],[2.93803,7.26056],[2.95439,7.30199],[2.9144,7.34255],[2.9244,7.36723],[2.9953,7.34167],[3.02166,7.30199],[3.08438,7.2729],[3.09892,7.23411],[3.09528,7.16799],[3.13801,7.13185],[3.1271,7.06132],[3.11074,7.02958],[3.06165,7.02606],[3.04075,6.99432],[3.05165,6.94495],[3.00802,6.95906],[2.97439,6.93878],[2.91804,6.9476],[2.90349,6.87795],[2.83714,6.8612],[2.82714,6.81624],[2.79169,6.8612],[2.75079,6.86825],[2.70352,6.98903],[2.73715,7.02429],[2.74988,7.09394],[2.73624,7.31786]]]}},{"type":"Feature","properties":{"name":"Tsafe","id":"tsafe"},"geometry":{"type":"Polygon","coordinates":[[[7.11745,12.09432],[7.13018,12.06876],[7.14836,12.03261],[7.20835,11.98765],[7.24653,11.93299],[7.22653,11.9136],[7.14109,11.91095],[7.142,11.84924],[7.04292,11.79017],[7.01747,11.81574],[6.91021,11.78576],[6.88658,11.76108],[6.88112,11.70554],[6.85476,11.64207],[6.85476,11.59534],[6.82477,11.54597],[6.79204,11.54156],[6.71387,11.59446],[6.72296,11.67116],[6.68206,11.71436],[6.70387,11.82632],[6.66479,11.89508],[6.74023,11.94974],[6.74569,11.99999],[6.80568,12.00264],[6.82658,12.07757],[6.88567,12.1049],[6.96657,12.06699],[7.0002,12.09697],[7.05564,12.08639],[7.11745,12.09432]]]}},{"type":"Feature","properties":{"name":"Ekiti","id":"ekiti"},"geometry":{"type":"Polygon","coordinates":[[[5.36588,8.0919],[5.36042,8.03812],[5.33225,8.00991],[5.24862,8.01961],[5.1959,8.01785],[5.16227,8.04958],[5.22499,8.1448],[5.3677,8.18006],[5.43223,8.18711],[5.45768,8.20651],[5.53676,8.20562],[5.53676,8.15626],[5.49768,8.11041],[5.38769,8.10248],[5.36588,8.0919]]]}},{"type":"Feature","properties":{"name":"Zuru","id":"zuru"},"geometry":{"type":"Polygon","coordinates":[[[5.41405,11.40227],[5.37042,11.40492],[5.33316,11.35643],[5.24953,11.30971],[5.23317,11.21802],[5.07137,11.23742],[5.04592,11.27268],[5.00502,11.25769],[4.98866,11.31323],[5.01047,11.33263],[5.11228,11.34321],[5.14227,11.39434],[5.13955,11.50454],[5.17045,11.55567],[5.26862,11.53275],[5.30043,11.56008],[5.36951,11.55126],[5.46041,11.67292],[5.51404,11.66499],[5.49677,11.61297],[5.51586,11.55743],[5.50859,11.48779],[5.48132,11.46839],[5.40587,11.45164],[5.41405,11.40227]]]}},{"type":"Feature","properties":{"name":"Yagba West","id":"yagba-west"},"geometry":{"type":"Polygon","coordinates":[[[5.32407,8.33346],[5.34224,8.37489],[5.44678,8.4798],[5.50313,8.53446],[5.52404,8.5371],[5.64311,8.46305],[5.68856,8.45247],[5.70129,8.2929],[5.64493,8.18799],[5.63311,8.12099],[5.64402,8.07427],[5.57676,8.07162],[5.50404,8.02314],[5.49768,8.11041],[5.53676,8.15626],[5.53676,8.20562],[5.45768,8.20651],[5.4186,8.2356],[5.4186,8.28409],[5.35679,8.27439],[5.32407,8.33346]]]}},{"type":"Feature","properties":{"name":"Kogi","id":"kogi"},"geometry":{"type":"Polygon","coordinates":[[[6.96384,7.87944],[6.84931,7.84946],[6.76932,7.80009],[6.79204,7.91558],[6.77932,8.04518],[6.76205,8.08925],[6.72024,8.12628],[6.69115,8.1827],[6.71842,8.24353],[6.76114,8.27263],[6.77205,8.33522],[6.8075,8.34227],[6.83749,8.39693],[6.82749,8.45776],[6.94111,8.45864],[6.98111,8.44365],[6.93475,8.30084],[6.96475,8.26557],[7.00292,8.16683],[6.98293,8.1157],[6.97111,8.03019],[6.97838,7.98611],[6.95293,7.91823],[6.96384,7.87944]]]}},{"type":"Feature","properties":{"name":"Olamaboro","id":"olamaboro"},"geometry":{"type":"Polygon","coordinates":[[[7.76827,7.30199],[7.80099,7.2923],[7.77918,7.20855],[7.7101,7.18298],[7.64283,7.1583],[7.60193,7.09041],[7.61102,7.02694],[7.53012,7.03223],[7.50195,7.06925],[7.43196,7.10187],[7.38651,7.086],[7.36651,7.04016],[7.36742,7.08865],[7.28379,7.11598],[7.30743,7.18298],[7.33015,7.20766],[7.3556,7.29759],[7.39651,7.3064],[7.46559,7.29053],[7.55285,7.29142],[7.62556,7.31963],[7.65102,7.34696],[7.72737,7.30728],[7.76827,7.30199]]]}},{"type":"Feature","properties":{"name":"Odigbo","id":"odigbo"},"geometry":{"type":"Polygon","coordinates":[[[4.86777,6.58614],[4.81141,6.58438],[4.74778,6.66813],[4.71324,6.73337],[4.63325,6.73689],[4.58235,6.64256],[4.53781,6.60113],[4.49145,6.50856],[4.45419,6.6073],[4.37874,6.64256],[4.38874,6.71309],[4.42146,6.76246],[4.54781,6.84533],[4.62871,6.87002],[4.68688,6.87002],[4.83686,6.94407],[4.9114,6.95817],[4.98775,6.89911],[5.00229,6.79155],[5.07865,6.71486],[5.00865,6.64697],[4.92685,6.66284],[4.8814,6.64609],[4.86777,6.58614]]]}},{"type":"Feature","properties":{"name":"Agege","id":"agege"},"geometry":{"type":"Polygon","coordinates":[[[3.31616,6.60554],[3.30616,6.64785],[3.33707,6.6267],[3.31616,6.60554]]]}},{"type":"Feature","properties":{"name":"Kibiya","id":"kibiya"},"geometry":{"type":"Polygon","coordinates":[[[8.77177,11.47016],[8.71723,11.40756],[8.68542,11.40668],[8.61452,11.34938],[8.56271,11.41902],[8.6227,11.48691],[8.6427,11.54421],[8.64451,11.61033],[8.67178,11.63413],[8.75359,11.62884],[8.75723,11.52834],[8.77177,11.47016]]]}},{"type":"Feature","properties":{"name":"Isin","id":"isin"},"geometry":{"type":"Polygon","coordinates":[[[4.90685,8.3696],[4.98502,8.34668],[5.13409,8.36431],[5.17772,8.2929],[5.1759,8.25235],[5.23953,8.25499],[5.18499,8.18182],[5.12228,8.20739],[5.07319,8.1448],[5.01229,8.15008],[4.92594,8.22678],[4.93776,8.29378],[4.90685,8.3696]]]}},{"type":"Feature","properties":{"name":"Sabon Gari","id":"sabon-gari"},"geometry":{"type":"Polygon","coordinates":[[[7.62466,11.21626],[7.69646,11.21273],[7.74646,11.24447],[7.75646,11.19863],[7.81281,11.15366],[7.77282,11.13691],[7.71919,11.0946],[7.64556,11.13074],[7.60193,11.18011],[7.62466,11.21626]]]}},{"type":"Feature","properties":{"name":"Malam Madori","id":"malam-madori"},"geometry":{"type":"Polygon","coordinates":[[[9.85344,12.62504],[9.98251,12.63297],[10.05068,12.65237],[10.08522,12.68675],[10.18794,12.69557],[10.15158,12.64003],[10.17976,12.60564],[10.15885,12.56862],[10.0625,12.55716],[10.0625,12.48487],[10.02796,12.44079],[9.96433,12.41434],[9.89707,12.34998],[9.88798,12.37555],[9.93434,12.41169],[9.89252,12.43902],[9.78981,12.40288],[9.74254,12.44255],[9.79799,12.48839],[9.85616,12.58889],[9.85344,12.62504]]]}},{"type":"Feature","properties":{"name":"Lokoja","id":"lokoja"},"geometry":{"type":"Polygon","coordinates":[[[6.11305,8.44189],[6.12486,8.55562],[6.17031,8.66317],[6.20849,8.73193],[6.26757,8.73899],[6.31575,8.71871],[6.35847,8.68433],[6.40846,8.60322],[6.453,8.44806],[6.5039,8.4128],[6.59934,8.32464],[6.69115,8.1827],[6.72024,8.12628],[6.76205,8.08925],[6.77932,8.04518],[6.79204,7.91558],[6.76932,7.80009],[6.7575,7.75072],[6.71024,7.78687],[6.66024,7.84417],[6.61661,7.85916],[6.55753,7.90148],[6.52572,7.89971],[6.38665,7.81155],[6.34483,7.80803],[6.31575,7.83359],[6.32938,7.90324],[6.24848,7.99669],[6.2203,8.06898],[6.22939,8.09543],[6.28666,8.09543],[6.38755,8.00198],[6.44573,8.03548],[6.45754,8.09366],[6.49572,8.16331],[6.37846,8.35021],[6.30029,8.42779],[6.24121,8.45952],[6.19304,8.46481],[6.11305,8.44189]]]}},{"type":"Feature","properties":{"name":"Ede South","id":"ede-south"},"geometry":{"type":"Polygon","coordinates":[[[4.50872,7.59909],[4.48691,7.62113],[4.37147,7.59645],[4.32966,7.63524],[4.33693,7.66874],[4.39238,7.70576],[4.3951,7.73045],[4.53963,7.65728],[4.5269,7.61408],[4.50872,7.59909]]]}},{"type":"Feature","properties":{"name":"Giwa","id":"giwa"},"geometry":{"type":"Polygon","coordinates":[[[7.61829,11.27797],[7.62466,11.21626],[7.60193,11.18011],[7.64556,11.13074],[7.63829,11.09195],[7.60557,11.07079],[7.51376,11.0611],[7.49558,11.03024],[7.52285,10.97029],[7.49195,10.96324],[7.37651,11.01349],[7.35288,11.01085],[7.31015,10.94208],[7.25834,10.91563],[7.20835,10.83453],[7.20562,10.75078],[7.18835,10.72609],[7.12927,10.71463],[6.99565,10.79574],[6.95293,10.89448],[6.99747,10.93415],[7.06746,10.92974],[7.09655,10.88566],[7.13563,10.95178],[7.142,11.032],[7.16199,11.13074],[7.20108,11.15366],[7.21108,11.20215],[7.19472,11.25769],[7.22744,11.27885],[7.28925,11.28414],[7.35742,11.26386],[7.39014,11.37054],[7.47286,11.37583],[7.49649,11.35114],[7.57739,11.31588],[7.61829,11.27797]]]}},{"type":"Feature","properties":{"name":"Ikole","id":"ikole"},"geometry":{"type":"Polygon","coordinates":[[[5.64402,8.07427],[5.66765,8.00198],[5.64584,7.96319],[5.59857,7.95173],[5.62312,7.84329],[5.65856,7.8283],[5.62402,7.77365],[5.56131,7.70136],[5.51677,7.65022],[5.44405,7.67226],[5.43223,7.69342],[5.40133,7.72075],[5.41951,7.78246],[5.40769,7.85652],[5.44587,7.87327],[5.42132,7.91558],[5.41042,7.98699],[5.41951,8.02754],[5.36588,8.0919],[5.38769,8.10248],[5.49768,8.11041],[5.50404,8.02314],[5.57676,8.07162],[5.64402,8.07427]]]}},{"type":"Feature","properties":{"name":"Kunchi","id":"kunchi"},"geometry":{"type":"Polygon","coordinates":[[[8.43363,12.35704],[8.38546,12.34557],[8.34274,12.35615],[8.2582,12.34734],[8.23457,12.38084],[8.18821,12.34646],[8.18458,12.40023],[8.15186,12.42756],[8.11913,12.4064],[8.10822,12.4161],[8.1564,12.43991],[8.18094,12.56156],[8.24639,12.59418],[8.2882,12.59947],[8.31092,12.50779],[8.35455,12.47958],[8.36546,12.43197],[8.43363,12.35704]]]}},{"type":"Feature","properties":{"name":"Guri","id":"guri"},"geometry":{"type":"Polygon","coordinates":[[[10.32519,12.81105],[10.33064,12.8472],[10.38518,12.84103],[10.43608,12.81723],[10.47517,12.7899],[10.51244,12.81987],[10.55879,12.80577],[10.58425,12.71144],[10.58879,12.64179],[10.59788,12.52189],[10.60515,12.48927],[10.51244,12.46812],[10.45881,12.44079],[10.39427,12.46547],[10.36337,12.45225],[10.31065,12.52806],[10.3261,12.60741],[10.36428,12.65413],[10.37246,12.72819],[10.35155,12.77403],[10.32519,12.81105]]]}},{"type":"Feature","properties":{"name":"Maru","id":"maru"},"geometry":{"type":"Polygon","coordinates":[[[6.28302,12.40817],[6.33938,12.40112],[6.39846,12.37202],[6.44482,12.36673],[6.43755,12.18248],[6.38483,12.15251],[6.35483,12.03966],[6.45754,12.01762],[6.45664,11.98941],[6.5039,11.89332],[6.43118,11.81398],[6.40392,11.80516],[6.4021,11.73992],[6.45754,11.60151],[6.49754,11.59181],[6.56298,11.56449],[6.64297,11.56801],[6.71387,11.59446],[6.79204,11.54156],[6.82477,11.54597],[6.85476,11.59534],[6.90385,11.55302],[6.90112,11.4922],[6.8893,11.38376],[6.83295,11.35202],[6.82931,11.30706],[6.77023,11.32028],[6.76659,11.2718],[6.70297,11.23918],[6.68933,11.20392],[6.68751,11.09195],[6.65661,11.05228],[6.60571,11.04611],[6.57753,11.02143],[6.53299,11.04787],[6.43664,11.00732],[6.39119,11.03377],[6.33665,11.02143],[6.26666,10.96589],[6.16304,11.04258],[6.11305,11.0611],[6.04669,11.05404],[6.01579,11.1378],[6.02579,11.1713],[6.06942,11.16424],[6.10578,11.18364],[6.10941,11.23565],[6.13577,11.2956],[6.19031,11.33439],[6.20485,11.38376],[6.07942,11.38817],[6.05396,11.40051],[6.00943,11.46222],[5.96761,11.46663],[5.93398,11.43665],[5.84399,11.43313],[5.82672,11.44459],[5.81763,11.56008],[5.82945,11.59181],[5.81945,11.64824],[5.88035,11.61474],[5.91307,11.63589],[5.97307,11.63413],[5.99397,11.67116],[6.0576,11.67204],[6.16213,11.61474],[6.1794,11.64207],[6.25757,11.65529],[6.24939,11.717],[6.28393,11.78224],[6.27575,11.82896],[6.32938,11.84924],[6.29484,11.88538],[6.26484,11.8801],[6.21576,11.94974],[6.17304,12.09256],[6.11396,12.13223],[6.16304,12.19394],[6.24121,12.35527],[6.28302,12.40817]]]}},{"type":"Feature","properties":{"name":"Dukku","id":"dukku"},"geometry":{"type":"Polygon","coordinates":[[[10.49426,10.68818],[10.52698,10.73667],[10.56879,10.81073],[10.65242,10.88125],[10.67696,10.93062],[10.64151,10.9606],[10.66969,11.03994],[10.73877,11.10077],[10.7724,11.06022],[10.79876,11.08402],[10.93783,11.09636],[11.00873,11.14926],[11.016,11.10782],[11.05509,11.08931],[11.12144,11.00556],[11.10235,10.93327],[11.21779,10.85657],[11.20507,10.81249],[11.24506,10.80103],[11.17235,10.66086],[11.1369,10.67232],[10.99601,10.65645],[10.97056,10.61501],[10.93147,10.6203],[10.93056,10.54889],[10.91147,10.50481],[10.92329,10.42371],[10.8733,10.38404],[10.83512,10.3955],[10.7215,10.48983],[10.66151,10.49159],[10.61242,10.55683],[10.55789,10.60091],[10.56243,10.64234],[10.5288,10.64939],[10.49426,10.68818]]]}},{"type":"Feature","properties":{"name":"Wamakko","id":"wamakko"},"geometry":{"type":"Polygon","coordinates":[[[4.96412,12.93095],[4.9832,13.02087],[5.0132,13.01382],[5.01593,13.07906],[4.98502,13.08435],[4.96593,13.11609],[5.07137,13.17339],[5.10682,13.19014],[5.135,13.24921],[5.17863,13.23774],[5.19317,13.20336],[5.25771,13.15576],[5.24317,13.07994],[5.22317,13.04291],[5.24771,13.00589],[5.19863,12.94858],[5.12864,12.99795],[5.10591,12.93095],[5.05774,12.9336],[4.96412,12.93095]]]}},{"type":"Feature","properties":{"name":"Oke Ero","id":"oke-ero"},"geometry":{"type":"Polygon","coordinates":[[[5.05774,8.03989],[5.05501,8.04958],[5.09046,8.09454],[5.18863,8.15185],[5.18499,8.18182],[5.23953,8.25499],[5.28134,8.27351],[5.32407,8.33346],[5.35679,8.27439],[5.4186,8.28409],[5.4186,8.2356],[5.45768,8.20651],[5.43223,8.18711],[5.3677,8.18006],[5.22499,8.1448],[5.16227,8.04958],[5.11773,8.06281],[5.0841,8.02402],[5.05774,8.03989]]]}},{"type":"Feature","properties":{"name":"Oshodi/Isolo","id":"oshodiisolo"},"geometry":{"type":"Polygon","coordinates":[[[3.35161,6.55529],[3.32253,6.50151],[3.32162,6.49534],[3.2898,6.49181],[3.28617,6.56763],[3.30889,6.58791],[3.35161,6.55529]]]}},{"type":"Feature","properties":{"name":"Abadam","id":"abadam"},"geometry":{"type":"Polygon","coordinates":[[[13.0839,13.11256],[13.02209,13.22981],[12.99482,13.31092],[12.91847,13.40701],[12.81848,13.422],[12.87756,13.48547],[12.92756,13.49605],[13.01573,13.53396],[13.07935,13.52162],[13.1048,13.54013],[13.18116,13.53749],[13.26933,13.64504],[13.36295,13.70763],[13.63382,13.70851],[13.76199,13.52955],[13.64837,13.39643],[13.45566,13.32326],[13.46839,13.18309],[13.40022,13.12843],[13.34659,13.04732],[13.28296,13.01294],[13.19025,13.05614],[13.13389,13.10639],[13.0839,13.11256]]]}},{"type":"Feature","properties":{"name":"Moba","id":"moba"},"geometry":{"type":"Polygon","coordinates":[[[5.02047,7.96054],[5.05774,8.03989],[5.0841,8.02402],[5.11773,8.06281],[5.16227,8.04958],[5.1959,8.01785],[5.24862,8.01961],[5.25044,8.00198],[5.16136,7.93938],[5.10046,7.93762],[5.02047,7.96054]]]}},{"type":"Feature","properties":{"name":"Gwagwalada","id":"gwagwalada"},"geometry":{"type":"Polygon","coordinates":[[[7.21835,9.09251],[7.21926,9.06341],[7.15472,9.01581],[7.15199,8.96996],[7.11564,8.92677],[7.10564,8.91354],[7.06382,8.90825],[7.01383,8.93911],[6.93839,8.90384],[6.89021,8.89679],[6.90203,8.95498],[6.86658,9.04137],[6.88839,9.09779],[6.87749,9.17185],[6.90657,9.19653],[6.95838,9.2027],[7.03019,9.25736],[7.092,9.21064],[7.17926,9.14452],[7.22108,9.11543],[7.21835,9.09251]]]}},{"type":"Feature","properties":{"name":"Kagarko","id":"kagarko"},"geometry":{"type":"Polygon","coordinates":[[[7.72373,9.32965],[7.64738,9.409],[7.54194,9.38696],[7.50922,9.35522],[7.37833,9.33671],[7.33379,9.34111],[7.23198,9.31731],[7.20108,9.46013],[7.21926,9.49275],[7.25107,9.52096],[7.29016,9.51391],[7.30834,9.57297],[7.43377,9.59325],[7.44832,9.61617],[7.51194,9.58708],[7.5683,9.57738],[7.64829,9.62675],[7.73464,9.60912],[7.74827,9.67612],[7.81554,9.64791],[7.83644,9.69199],[7.90007,9.67436],[7.94825,9.63468],[7.92825,9.56768],[7.95552,9.46101],[7.95915,9.39754],[7.90643,9.32965],[7.91916,9.31731],[7.8728,9.28998],[7.79281,9.27588],[7.72373,9.32965]]]}},{"type":"Feature","properties":{"name":"Abaji","id":"abaji"},"geometry":{"type":"Polygon","coordinates":[[[6.97747,8.51947],[6.98111,8.44365],[6.94111,8.45864],[6.82749,8.45776],[6.78477,8.45776],[6.78023,8.5803],[6.78841,9.27059],[7.01565,9.26882],[7.03019,9.25736],[6.95838,9.2027],[6.90657,9.19653],[6.87749,9.17185],[6.88839,9.09779],[6.86658,9.04137],[6.90203,8.95498],[6.89021,8.89679],[6.87203,8.84478],[6.82295,8.81921],[6.7975,8.78395],[6.80022,8.67287],[6.83295,8.58206],[6.86931,8.58383],[6.92021,8.54239],[6.97747,8.51947]]]}},{"type":"Feature","properties":{"name":"Sardauna","id":"sardauna"},"geometry":{"type":"Polygon","coordinates":[[[10.97783,7.30993],[11.02328,7.32051],[11.06963,7.3593],[11.10235,7.35313],[11.12871,7.31698],[11.13053,7.20943],[11.15598,7.17064],[11.21052,7.13008],[11.28506,7.05162],[11.28869,7.02253],[11.39231,7.0049],[11.39231,7.05515],[11.50594,7.07895],[11.56502,7.07014],[11.57956,6.99961],[11.61865,7.01371],[11.69409,6.97228],[11.63774,6.94407],[11.58774,6.89205],[11.55502,6.82153],[11.58865,6.75982],[11.55502,6.65403],[11.51866,6.6073],[11.43504,6.58614],[11.41322,6.48476],[11.3405,6.44068],[11.26688,6.43275],[11.14053,6.43363],[11.1169,6.44421],[11.06236,6.59672],[11.05963,6.64256],[11.08236,6.6981],[11.01873,6.77833],[10.93874,6.78009],[10.88239,6.8277],[10.86512,6.92291],[10.84239,6.95817],[10.92965,7.03046],[10.98873,7.12039],[10.99873,7.20502],[10.9951,7.27819],[10.97783,7.30993]]]}},{"type":"Feature","properties":{"name":"Shanga","id":"shanga"},"geometry":{"type":"Polygon","coordinates":[[[4.31421,10.95002],[4.32966,11.00203],[4.30421,11.10518],[4.30512,11.14485],[4.33784,11.18188],[4.46964,11.14837],[4.48782,11.24006],[4.516,11.26739],[4.5169,11.3388],[4.55054,11.40051],[4.56508,11.46134],[4.50963,11.49572],[4.59053,11.53275],[4.63325,11.51776],[4.6378,11.47897],[4.70324,11.47633],[4.77596,11.39963],[4.76596,11.35907],[4.79141,11.32646],[4.71233,11.29736],[4.70324,11.2286],[4.74596,11.14749],[4.80232,11.11399],[4.83959,11.11399],[4.90867,11.08226],[4.97957,11.08049],[4.99593,11.05404],[5.04047,11.05228],[4.95048,10.9985],[4.87504,10.9315],[4.88049,10.87949],[4.82595,10.88213],[4.69324,10.91916],[4.59962,10.88919],[4.53963,10.92004],[4.45055,10.88566],[4.38147,10.88037],[4.33602,10.91828],[4.31421,10.95002]]]}},{"type":"Feature","properties":{"name":"Birnin Gwari","id":"birnin-gwari"},"geometry":{"type":"Polygon","coordinates":[[[6.8893,11.38376],[6.96111,11.35907],[7.00656,11.36172],[7.00838,11.29384],[6.96747,11.24535],[7.02565,11.2092],[7.07655,11.1951],[7.12927,11.1378],[7.16199,11.13074],[7.142,11.032],[7.13563,10.95178],[7.09655,10.88566],[7.06746,10.92974],[6.99747,10.93415],[6.95293,10.89448],[6.99565,10.79574],[7.12927,10.71463],[7.10473,10.55683],[7.01929,10.56035],[7.00747,10.6635],[6.94202,10.69788],[6.91657,10.75078],[6.86113,10.7834],[6.80931,10.79133],[6.71933,10.64322],[6.73114,10.5965],[6.64752,10.59385],[6.54026,10.54537],[6.5239,10.59474],[6.49481,10.61589],[6.4021,10.57446],[6.38301,10.54008],[6.31575,10.48013],[6.3212,10.4431],[6.28575,10.41401],[6.25485,10.42723],[6.23576,10.38492],[6.17304,10.38051],[6.17486,10.44222],[6.1585,10.50041],[6.09214,10.52156],[6.12486,10.55418],[6.11487,10.60531],[6.13759,10.67937],[6.0985,10.70141],[6.12305,10.84511],[6.16304,10.85657],[6.16486,10.89271],[6.2094,10.90153],[6.26666,10.96589],[6.33665,11.02143],[6.39119,11.03377],[6.43664,11.00732],[6.53299,11.04787],[6.57753,11.02143],[6.60571,11.04611],[6.65661,11.05228],[6.68751,11.09195],[6.68933,11.20392],[6.70297,11.23918],[6.76659,11.2718],[6.77023,11.32028],[6.82931,11.30706],[6.83295,11.35202],[6.8893,11.38376]]]}},{"type":"Feature","properties":{"name":"Ngaski","id":"ngaski"},"geometry":{"type":"Polygon","coordinates":[[[4.82595,10.88213],[4.88049,10.87949],[4.87504,10.9315],[4.95048,10.9985],[5.04047,11.05228],[5.08137,10.9509],[5.07592,10.91563],[5.02502,10.89007],[5.04683,10.82483],[5.10864,10.79574],[5.10137,10.76136],[4.90867,10.68995],[4.89413,10.7067],[4.82595,10.70846],[4.79596,10.62912],[4.82414,10.59474],[4.81868,10.50746],[4.85322,10.46073],[4.9323,10.43958],[4.95048,10.38933],[4.94685,10.2853],[4.8714,10.2183],[4.79414,10.26061],[4.69688,10.24034],[4.64689,10.20507],[4.62507,10.10281],[4.52963,10.10016],[4.52781,10.14336],[4.56781,10.2227],[4.55963,10.26767],[4.49054,10.31439],[4.47964,10.42106],[4.50963,10.53479],[4.58508,10.56388],[4.63416,10.61149],[4.69324,10.60884],[4.7496,10.58504],[4.7696,10.61501],[4.72688,10.65468],[4.76687,10.72345],[4.75505,10.7834],[4.82595,10.84952],[4.82595,10.88213]]]}},{"type":"Feature","properties":{"name":"Chikun","id":"chikun"},"geometry":{"type":"Polygon","coordinates":[[[7.51013,10.19449],[7.44468,10.18391],[7.39923,10.11074],[7.3347,10.06049],[7.2538,10.03933],[7.10564,10.02611],[7.06473,10.04286],[6.95202,10.04727],[6.90112,10.07636],[6.88567,10.15041],[6.92112,10.19097],[6.95475,10.19185],[6.9702,10.2324],[7.0102,10.25003],[7.0511,10.31703],[7.02019,10.35406],[6.93384,10.36111],[6.92293,10.38227],[6.95384,10.48189],[6.91294,10.53831],[6.84204,10.5727],[6.82931,10.62471],[6.80295,10.64322],[6.71933,10.64322],[6.80931,10.79133],[6.86113,10.7834],[6.91657,10.75078],[6.94202,10.69788],[7.00747,10.6635],[7.01929,10.56035],[7.10473,10.55683],[7.12927,10.71463],[7.18835,10.72609],[7.21289,10.69259],[7.31106,10.62735],[7.24289,10.52685],[7.33742,10.49159],[7.37833,10.48983],[7.40469,10.43517],[7.44104,10.48806],[7.4874,10.56212],[7.60193,10.58768],[7.64738,10.56124],[7.70555,10.54977],[7.69828,10.5101],[7.7301,10.47748],[7.66374,10.39902],[7.59648,10.39461],[7.60375,10.3091],[7.5383,10.27472],[7.51013,10.19449]]]}},{"type":"Feature","properties":{"name":"Yauri","id":"yauri"},"geometry":{"type":"Polygon","coordinates":[[[4.69324,10.91916],[4.82595,10.88213],[4.82595,10.84952],[4.75505,10.7834],[4.76687,10.72345],[4.72688,10.65468],[4.7696,10.61501],[4.7496,10.58504],[4.69324,10.60884],[4.63416,10.61149],[4.69052,10.66262],[4.69688,10.79045],[4.72051,10.85921],[4.69324,10.91916]]]}},{"type":"Feature","properties":{"name":"Kauru","id":"kauru"},"geometry":{"type":"MultiPolygon","coordinates":[[[[8.43454,9.99437],[8.53817,10.03228],[8.61088,10.00143],[8.67996,10.01112],[8.63452,9.86654],[8.64361,9.8348],[8.63542,9.75722],[8.59907,9.72813],[8.5618,9.744],[8.5009,9.74047],[8.48454,9.76428],[8.51362,9.82952],[8.50999,9.86478],[8.44363,9.878],[8.42,9.91767],[8.43454,9.99437]]],[[[8.41636,10.44398],[8.40727,10.40343],[8.36274,10.39373],[8.33001,10.35406],[8.32001,10.29676],[8.32819,10.24563],[8.3791,10.29588],[8.43909,10.17598],[8.48635,10.13102],[8.5009,10.09223],[8.4509,10.04462],[8.43454,9.9979],[8.35819,10.02875],[8.26638,10.0314],[8.24002,10.11956],[8.20276,10.14689],[8.11731,10.28882],[8.03914,10.34348],[8.00006,10.44927],[8.01097,10.47484],[7.89825,10.48894],[7.87008,10.52685],[7.85281,10.59562],[7.88916,10.67761],[7.94734,10.71463],[8.01915,10.70758],[8.08914,10.68113],[8.17731,10.68025],[8.23457,10.66614],[8.25911,10.58945],[8.30638,10.5771],[8.32001,10.49335],[8.3491,10.49247],[8.41636,10.44398]]]]}},{"type":"Feature","properties":{"name":"Demsa","id":"demsa"},"geometry":{"type":"Polygon","coordinates":[[[12.27219,9.52184],[12.34309,9.44602],[12.35491,9.39048],[12.31946,9.43809],[12.26583,9.43368],[12.23129,9.36932],[12.16312,9.3755],[12.10494,9.36404],[12.07767,9.31555],[12.01859,9.27235],[11.95133,9.25207],[11.90043,9.1886],[11.84225,9.17185],[11.8268,9.20888],[11.78317,9.19741],[11.68773,9.22915],[11.63955,9.30673],[11.63683,9.34817],[11.69954,9.32172],[11.75499,9.36139],[11.82771,9.38872],[11.86225,9.4469],[11.93951,9.40635],[12.00223,9.4328],[12.02768,9.42751],[12.07131,9.62587],[12.10676,9.64703],[12.22765,9.65584],[12.22947,9.59149],[12.27219,9.52184]]]}},{"type":"Feature","properties":{"name":"Umuahia South","id":"umuahia-south"},"geometry":{"type":"Polygon","coordinates":[[[7.52921,5.47975],[7.51013,5.43126],[7.36287,5.46035],[7.3856,5.50355],[7.41559,5.57143],[7.45832,5.54146],[7.46377,5.50443],[7.51013,5.50267],[7.52921,5.47975]]]}},{"type":"Feature","properties":{"name":"Obokun","id":"obokun"},"geometry":{"type":"Polygon","coordinates":[[[4.74778,7.67932],[4.71233,7.67138],[4.66325,7.68813],[4.64598,7.73662],[4.61053,7.75249],[4.60689,7.78687],[4.66052,7.78422],[4.66416,7.84153],[4.67143,7.85916],[4.70052,7.838],[4.74415,7.88561],[4.77051,7.86269],[4.84322,7.86357],[4.86504,7.84153],[4.9223,7.8618],[4.91594,7.80274],[4.88685,7.68989],[4.80141,7.7375],[4.74778,7.67932]]]}},{"type":"Feature","properties":{"name":"Owerri West","id":"owerri-west"},"geometry":{"type":"Polygon","coordinates":[[[7.03565,5.32811],[7.02656,5.28844],[6.98202,5.34134],[6.98656,5.37572],[6.9393,5.39864],[6.93021,5.44272],[6.88567,5.50355],[6.9293,5.54234],[6.96929,5.56085],[7.00656,5.54146],[7.00929,5.52559],[6.97929,5.49209],[7.00111,5.43655],[7.04201,5.44713],[7.08019,5.41804],[7.03474,5.3766],[7.03565,5.32811]]]}},{"type":"Feature","properties":{"name":"Nasarawa","id":"nasarawa"},"geometry":{"type":"Polygon","coordinates":[[[7.4774,8.63143],[7.55285,8.76191],[7.65738,8.74075],[7.6801,8.70284],[7.72737,8.69314],[7.76009,8.71783],[7.90007,8.64378],[8.00188,8.56531],[8.08641,8.53005],[8.14731,8.46922],[8.18367,8.42161],[8.07459,8.33875],[8.07368,8.28938],[8.04369,8.25323],[8.02642,8.18094],[8.04823,8.14303],[8.03914,8.09454],[8.01278,8.08044],[7.98461,8.0249],[7.98733,7.97465],[8.02187,7.94467],[8.04096,7.89619],[7.97279,7.93938],[7.86735,7.98611],[7.67647,8.01432],[7.58375,8.03812],[7.44559,8.04694],[7.30561,8.02754],[7.32106,8.08485],[7.37378,8.12276],[7.43559,8.24265],[7.43741,8.29907],[7.4665,8.41809],[7.46286,8.55385],[7.43559,8.58647],[7.4774,8.63143]]]}},{"type":"Feature","properties":{"name":"Idemili South","id":"idemili-south"},"geometry":{"type":"Polygon","coordinates":[[[6.97202,6.02898],[6.94384,6.01752],[6.91566,6.05278],[6.87567,6.05543],[6.82113,6.0422],[6.7775,6.05631],[6.81295,6.09333],[6.85476,6.0757],[6.90385,6.0995],[6.96384,6.09333],[6.97202,6.02898]]]}},{"type":"Feature","properties":{"name":"Aba North","id":"aba-north"},"geometry":{"type":"Polygon","coordinates":[[[7.39287,5.07598],[7.37924,5.08127],[7.3247,5.09096],[7.36833,5.14033],[7.39469,5.11741],[7.39287,5.07598]]]}},{"type":"Feature","properties":{"name":"Odeda","id":"odeda"},"geometry":{"type":"Polygon","coordinates":[[[3.16982,7.3734],[3.25708,7.36371],[3.30616,7.31434],[3.38615,7.40161],[3.39888,7.44393],[3.44614,7.49418],[3.45978,7.4501],[3.49796,7.39456],[3.54613,7.4404],[3.70702,7.44746],[3.71974,7.38751],[3.71429,7.30464],[3.7361,7.30111],[3.76246,7.24293],[3.71247,7.2253],[3.67157,7.18386],[3.5434,7.18033],[3.4825,7.19268],[3.40888,7.15918],[3.35434,7.23411],[3.31616,7.22089],[3.31434,7.25263],[3.26253,7.25263],[3.21618,7.27819],[3.16982,7.3734]]]}},{"type":"Feature","properties":{"name":"Ijebu East","id":"ijebu-east"},"geometry":{"type":"Polygon","coordinates":[[[4.34238,7.06837],[4.35056,7.06573],[4.37056,7.05603],[4.37602,6.9952],[4.42419,7.00225],[4.48873,6.99167],[4.516,7.02253],[4.60962,7.03135],[4.56417,6.99608],[4.54781,6.84533],[4.42146,6.76246],[4.38874,6.71309],[4.37874,6.64256],[4.31421,6.66372],[4.25694,6.63992],[4.23603,6.57821],[4.17786,6.60377],[4.10151,6.55793],[4.07151,6.57116],[4.05424,6.61524],[4.09605,6.65226],[4.08515,6.67959],[4.04333,6.75629],[3.94517,6.80125],[3.97789,6.83475],[4.04243,6.84974],[4.07242,6.81536],[4.09151,6.89734],[4.14696,6.96435],[4.1515,6.99167],[4.30421,7.02694],[4.34238,7.06837]]]}},{"type":"Feature","properties":{"name":"Okpokwu","id":"okpokwu"},"geometry":{"type":"Polygon","coordinates":[[[7.89007,6.83475],[7.86371,6.87971],[7.79191,6.88941],[7.71192,6.8612],[7.68556,6.90352],[7.76373,7.00931],[7.77282,7.09041],[7.74009,7.16447],[7.7101,7.18298],[7.77918,7.20855],[7.80099,7.2923],[7.82463,7.27995],[7.82917,7.19268],[7.84372,7.15918],[7.93461,7.14772],[7.96915,7.10628],[7.97097,7.07719],[8.05369,6.97316],[7.97824,6.98198],[7.93825,6.96611],[7.9637,6.91409],[7.89007,6.83475]]]}},{"type":"Feature","properties":{"name":"Shomgom","id":"shomgom"},"geometry":{"type":"Polygon","coordinates":[[[10.96874,9.61529],[10.9851,9.64174],[10.95965,9.67964],[11.01964,9.69816],[11.10145,9.68053],[11.1378,9.69992],[11.16507,9.75105],[11.23143,9.79249],[11.24779,9.93002],[11.29506,9.83833],[11.28869,9.79337],[11.36868,9.68582],[11.41231,9.6576],[11.37414,9.54652],[11.27779,9.54741],[11.22688,9.56945],[11.15053,9.55093],[11.11417,9.52537],[11.07599,9.55093],[11.00782,9.55181],[10.97783,9.57474],[10.96874,9.61529]]]}},{"type":"Feature","properties":{"name":"Ado-Ekiti","id":"ado-ekiti"},"geometry":{"type":"Polygon","coordinates":[[[5.17227,7.54002],[5.11955,7.60614],[5.11319,7.637],[5.17318,7.64053],[5.22317,7.67403],[5.3077,7.66962],[5.36679,7.67843],[5.34679,7.65816],[5.36588,7.54884],[5.3277,7.56735],[5.25044,7.58851],[5.17227,7.54002]]]}},{"type":"Feature","properties":{"name":"Ahiazu-Mbaise","id":"ahiazu-mbaise"},"geometry":{"type":"Polygon","coordinates":[[[7.21017,5.51148],[7.21108,5.59964],[7.22562,5.61287],[7.23562,5.59435],[7.30288,5.60141],[7.30561,5.58554],[7.32379,5.54322],[7.2847,5.49121],[7.26289,5.52206],[7.21017,5.51148]]]}},{"type":"Feature","properties":{"name":"Ankpa","id":"ankpa"},"geometry":{"type":"Polygon","coordinates":[[[7.45013,7.51358],[7.51649,7.52239],[7.56557,7.58763],[7.55557,7.64317],[7.59466,7.64141],[7.65192,7.69607],[7.75282,7.70841],[7.75464,7.64758],[7.73646,7.59909],[7.75555,7.53033],[7.76373,7.43335],[7.79191,7.40955],[7.80281,7.36459],[7.76827,7.30199],[7.72737,7.30728],[7.65102,7.34696],[7.62556,7.31963],[7.55285,7.29142],[7.46559,7.29053],[7.39651,7.3064],[7.37833,7.37517],[7.46104,7.40073],[7.4465,7.44922],[7.45013,7.51358]]]}},{"type":"Feature","properties":{"name":"Nkwerre","id":"nkwerre"},"geometry":{"type":"Polygon","coordinates":[[[7.11382,5.81122],[7.12472,5.76538],[7.16199,5.74599],[7.09836,5.72924],[7.07655,5.73453],[7.06746,5.78037],[7.11382,5.81122]]]}},{"type":"Feature","properties":{"name":"Apa","id":"apa"},"geometry":{"type":"Polygon","coordinates":[[[7.75282,7.70841],[7.75009,7.75161],[7.80554,7.78951],[7.86099,7.79304],[7.91371,7.77982],[7.97733,7.78511],[7.97461,7.74191],[8.02642,7.70312],[8.06278,7.69078],[8.07641,7.61143],[7.99733,7.53826],[7.85462,7.44569],[7.81554,7.40867],[7.79191,7.40955],[7.76373,7.43335],[7.75555,7.53033],[7.73646,7.59909],[7.75464,7.64758],[7.75282,7.70841]]]}},{"type":"Feature","properties":{"name":"Kwande","id":"kwande"},"geometry":{"type":"Polygon","coordinates":[[[9.738,7.07807],[9.64528,6.8947],[9.64619,6.73866],[9.62256,6.66372],[9.59802,6.49975],[9.5253,6.4301],[9.46713,6.40101],[9.47076,6.52531],[9.36805,6.62934],[9.29988,6.72014],[9.25534,6.71838],[9.18444,6.6937],[9.17262,6.72543],[9.19353,6.7704],[9.16353,6.83034],[9.18808,6.87178],[9.16262,6.94319],[9.19626,6.95729],[9.20716,7.00402],[9.2917,7.01812],[9.3526,7.05515],[9.35442,7.08336],[9.41532,7.06749],[9.47258,7.07983],[9.47803,7.03575],[9.52621,7.03399],[9.52348,6.98991],[9.59893,7.00049],[9.62529,7.04104],[9.6671,7.06485],[9.738,7.07807]]]}},{"type":"Feature","properties":{"name":"Ikom","id":"ikom"},"geometry":{"type":"Polygon","coordinates":[[[8.59907,5.82621],[8.53453,5.88175],[8.49726,5.89409],[8.47363,5.93288],[8.48817,5.99812],[8.47726,6.08981],[8.42636,6.2194],[8.4909,6.29963],[8.51181,6.35517],[8.52726,6.38514],[8.58543,6.35693],[8.71723,6.37721],[8.73723,6.32255],[8.79631,6.28199],[8.75359,6.20089],[8.78722,6.15328],[8.77904,6.09069],[8.79904,6.06512],[8.77904,5.93377],[8.7145,5.92759],[8.70269,5.84825],[8.59907,5.82621]]]}},{"type":"Feature","properties":{"name":"Ido-Osi","id":"ido-osi"},"geometry":{"type":"Polygon","coordinates":[[[5.24953,7.88208],[5.24135,7.84417],[5.25862,7.79216],[5.19499,7.76395],[5.14864,7.771],[5.09773,7.84858],[5.0841,7.89266],[5.10046,7.93762],[5.16136,7.93938],[5.17772,7.89795],[5.21863,7.90677],[5.24953,7.88208]]]}},{"type":"Feature","properties":{"name":"Ukwa East","id":"ukwa-east"},"geometry":{"type":"Polygon","coordinates":[[[7.5383,5.10154],[7.54648,5.08656],[7.49013,4.96049],[7.4774,4.90759],[7.49104,4.86528],[7.49558,4.82825],[7.4165,4.86704],[7.30561,4.87586],[7.33379,4.91729],[7.29834,4.95696],[7.35197,4.99487],[7.41468,4.98077],[7.4265,5.02925],[7.48286,5.02837],[7.49013,5.07157],[7.5383,5.10154]]]}},{"type":"Feature","properties":{"name":"Ukwa West","id":"ukwa-west"},"geometry":{"type":"Polygon","coordinates":[[[7.18381,4.94991],[7.22835,4.97107],[7.25652,5.07774],[7.30743,5.0654],[7.28288,4.99752],[7.29834,4.95696],[7.33379,4.91729],[7.30561,4.87586],[7.22471,4.85822],[7.14654,4.89613],[7.18381,4.94991]]]}},{"type":"Feature","properties":{"name":"Nnewi South","id":"nnewi-south"},"geometry":{"type":"Polygon","coordinates":[[[6.94384,6.01752],[6.97202,6.02898],[6.99838,6.03427],[7.01565,5.98578],[7.05292,5.94963],[7.03656,5.91702],[6.99383,5.89498],[6.8993,5.91261],[6.86749,5.93377],[6.8784,5.97696],[6.94657,5.9752],[6.94384,6.01752]]]}},{"type":"Feature","properties":{"name":"Bende","id":"bende"},"geometry":{"type":"Polygon","coordinates":[[[7.73373,5.51765],[7.70374,5.4868],[7.70101,5.43567],[7.65829,5.44625],[7.57103,5.50355],[7.58557,5.57055],[7.53467,5.59347],[7.47831,5.68604],[7.54648,5.67458],[7.55557,5.74246],[7.53467,5.83503],[7.55194,5.84384],[7.68374,5.82269],[7.72464,5.81651],[7.73828,5.78654],[7.71283,5.7407],[7.63284,5.64372],[7.65829,5.62697],[7.70737,5.64196],[7.6492,5.61463],[7.61466,5.57231],[7.64556,5.52559],[7.73373,5.51765]]]}},{"type":"Feature","properties":{"name":"Okigwe","id":"okigwe"},"geometry":{"type":"Polygon","coordinates":[[[7.38196,5.70543],[7.36378,5.70014],[7.30924,5.7548],[7.25743,5.73012],[7.24744,5.73629],[7.28016,5.75745],[7.25198,5.83062],[7.2338,5.83944],[7.22835,5.93288],[7.26107,5.93906],[7.2847,5.91878],[7.36742,5.90379],[7.39014,5.88263],[7.40014,5.71072],[7.38196,5.70543]]]}},{"type":"Feature","properties":{"name":"Jama'Are","id":"jamaare"},"geometry":{"type":"Polygon","coordinates":[[[10.07522,11.6835],[10.0725,11.64912],[9.96433,11.66146],[9.93797,11.61209],[9.89525,11.58564],[9.90434,11.55302],[9.81981,11.57947],[9.82799,11.69232],[9.83435,11.72582],[9.90707,11.73728],[9.94797,11.76813],[9.97433,11.74697],[10.0016,11.70113],[10.06523,11.72053],[10.07522,11.6835]]]}},{"type":"Feature","properties":{"name":"Kokona","id":"kokona"},"geometry":{"type":"Polygon","coordinates":[[[8.07096,9.15422],[8.06187,9.05195],[8.15549,9.04137],[8.17822,9.01933],[8.1864,8.95233],[8.23548,8.90296],[8.22639,8.83861],[8.22094,8.77513],[8.18821,8.7575],[8.17276,8.71166],[8.19094,8.62438],[8.16822,8.58647],[8.18821,8.54327],[8.24093,8.50801],[8.22275,8.48421],[8.14731,8.46922],[8.08641,8.53005],[8.00188,8.56531],[7.90007,8.64378],[7.90371,8.67992],[7.93552,8.72312],[7.92461,8.7672],[7.8928,8.79717],[7.89371,8.9012],[7.8628,8.92324],[7.8928,9.01757],[7.94643,9.06165],[7.9737,9.06429],[8.02824,9.12865],[8.07096,9.15422]]]}},{"type":"Feature","properties":{"name":"Mafa","id":"mafa"},"geometry":{"type":"Polygon","coordinates":[[[13.91015,12.12077],[13.85925,12.0185],[13.86743,11.97883],[13.85197,11.90125],[13.80743,11.81838],[13.78653,11.74962],[13.70927,11.74786],[13.58565,11.65088],[13.55383,11.77078],[13.50566,11.79723],[13.44112,11.77607],[13.39386,11.73728],[13.33568,11.72582],[13.30841,11.78224],[13.24751,11.81133],[13.22479,11.84571],[13.28569,11.86158],[13.29205,11.91624],[13.26115,12.03085],[13.1957,12.08374],[13.22479,12.12782],[13.26387,12.08639],[13.2866,12.09432],[13.2666,12.19835],[13.27114,12.25213],[13.32296,12.26623],[13.35931,12.25742],[13.40294,12.21863],[13.47021,12.25742],[13.56747,12.20276],[13.59746,12.1622],[13.65382,12.13752],[13.65382,12.20981],[13.70109,12.21422],[13.78653,12.20276],[13.87015,12.17366],[13.91015,12.12077]]]}},{"type":"Feature","properties":{"name":"Akko","id":"akko"},"geometry":{"type":"Polygon","coordinates":[[[10.97783,9.81012],[10.9451,9.88065],[10.85784,9.95558],[10.71786,10.04991],[10.73877,10.12132],[10.80058,10.13455],[10.85512,10.24122],[10.8633,10.26855],[10.81876,10.31263],[10.83512,10.3955],[10.8733,10.38404],[10.93147,10.35582],[10.99237,10.36729],[11.0051,10.33467],[11.07872,10.30998],[11.12144,10.31086],[11.12417,10.28001],[11.16598,10.26502],[11.19871,10.28971],[11.19961,10.20772],[11.26597,10.22535],[11.28597,10.19538],[11.30415,10.1081],[11.33051,10.07901],[11.41686,10.07019],[11.53957,10.0217],[11.5332,10.00671],[11.48685,10.01994],[11.46412,9.98732],[11.35868,10.0217],[11.30415,10.02787],[11.27324,10.00231],[11.18234,9.98379],[11.16507,9.9547],[11.08508,9.93795],[11.04418,9.83657],[10.97783,9.81012]]]}},{"type":"Feature","properties":{"name":"Ushongo","id":"ushongo"},"geometry":{"type":"Polygon","coordinates":[[[9.35442,7.08336],[9.3526,7.05515],[9.2917,7.01812],[9.20716,7.00402],[9.19626,6.95729],[9.16262,6.94319],[9.14172,6.96699],[9.07445,6.97228],[8.99628,6.96258],[8.9472,6.97228],[8.89084,7.01283],[8.83358,7.07807],[8.8354,7.12127],[8.77631,7.18033],[8.84176,7.18739],[8.90357,7.27643],[8.98447,7.28436],[9.00537,7.24293],[9.03628,7.24734],[9.10354,7.20943],[9.12899,7.16535],[9.04809,7.11862],[9.01628,7.07278],[9.06082,7.04016],[9.11081,7.06837],[9.14899,7.05515],[9.25352,7.08953],[9.27443,7.04986],[9.31351,7.09835],[9.35442,7.08336]]]}},{"type":"Feature","properties":{"name":"Ehime-Mbano","id":"ehime-mbano"},"geometry":{"type":"Polygon","coordinates":[[[7.30288,5.60141],[7.23562,5.59435],[7.22562,5.61287],[7.22471,5.65959],[7.25743,5.73012],[7.30924,5.7548],[7.36378,5.70014],[7.33651,5.61551],[7.30288,5.60141]]]}},{"type":"Feature","properties":{"name":"Ideato South","id":"ideato-south"},"geometry":{"type":"Polygon","coordinates":[[[7.16199,5.74599],[7.12472,5.76538],[7.11382,5.81122],[7.11018,5.82974],[7.18381,5.8509],[7.18472,5.83062],[7.20562,5.77155],[7.18926,5.73276],[7.16199,5.74599]]]}},{"type":"Feature","properties":{"name":"Ife South","id":"ife-south"},"geometry":{"type":"Polygon","coordinates":[[[4.42419,7.19091],[4.49509,7.26938],[4.49054,7.31434],[4.51327,7.35313],[4.55054,7.31874],[4.62325,7.32139],[4.59053,7.38575],[4.67052,7.40426],[4.66507,7.38486],[4.71233,7.3161],[4.74506,7.31346],[4.73506,7.28436],[4.74687,7.22265],[4.70324,7.16182],[4.63507,7.11333],[4.61689,7.08424],[4.60962,7.03135],[4.516,7.02253],[4.48873,6.99167],[4.42419,7.00225],[4.37602,6.9952],[4.37056,7.05603],[4.35056,7.06573],[4.41056,7.12744],[4.42419,7.19091]]]}},{"type":"Feature","properties":{"name":"Oyi","id":"oyi"},"geometry":{"type":"Polygon","coordinates":[[[6.80841,6.2053],[6.82022,6.23174],[6.8784,6.25026],[6.93112,6.29522],[6.96657,6.28288],[6.95929,6.22028],[6.8893,6.15681],[6.82022,6.16915],[6.80841,6.2053]]]}},{"type":"Feature","properties":{"name":"Ekiti South-West","id":"ekiti-south-west"},"geometry":{"type":"Polygon","coordinates":[[[5.08592,7.45627],[5.04865,7.45715],[5.00502,7.41396],[4.9523,7.44746],[4.91958,7.52151],[4.97502,7.56118],[5.03501,7.5365],[5.07592,7.54091],[5.08319,7.61584],[5.10228,7.63612],[5.11319,7.637],[5.11955,7.60614],[5.17227,7.54002],[5.10955,7.49683],[5.08592,7.45627]]]}},{"type":"Feature","properties":{"name":"Ayamelum","id":"ayamelum"},"geometry":{"type":"Polygon","coordinates":[[[6.9393,6.70339],[6.99111,6.71309],[7.05019,6.68224],[7.12927,6.65931],[7.10927,6.5932],[7.04837,6.52708],[7.03292,6.4636],[7.03201,6.45038],[6.95293,6.41952],[6.89203,6.41159],[6.89294,6.49269],[6.91112,6.51562],[6.90476,6.57116],[6.94202,6.62229],[6.9393,6.70339]]]}},{"type":"Feature","properties":{"name":"Aboh-Mbaise","id":"aboh-mbaise"},"geometry":{"type":"Polygon","coordinates":[[[7.21017,5.51148],[7.26289,5.52206],[7.2847,5.49121],[7.29197,5.40305],[7.32288,5.39511],[7.30016,5.34222],[7.30016,5.34134],[7.25925,5.32459],[7.24562,5.36161],[7.19926,5.37484],[7.23744,5.44096],[7.17108,5.4674],[7.16654,5.48856],[7.21017,5.51148]]]}},{"type":"Feature","properties":{"name":"Ilejemeje","id":"ilejemeje"},"geometry":{"type":"Polygon","coordinates":[[[5.25044,8.00198],[5.26498,7.98346],[5.2668,7.88296],[5.24953,7.88208],[5.21863,7.90677],[5.17772,7.89795],[5.16136,7.93938],[5.25044,8.00198]]]}},{"type":"Feature","properties":{"name":"Mbatoli","id":"mbatoli"},"geometry":{"type":"Polygon","coordinates":[[[7.00656,5.54146],[6.96929,5.56085],[6.95475,5.62697],[7.0102,5.64989],[7.02928,5.64989],[7.08109,5.64813],[7.16108,5.6208],[7.092,5.59171],[7.07837,5.52383],[7.00656,5.54146]]]}},{"type":"Feature","properties":{"name":"Akamkpa","id":"akamkpa"},"geometry":{"type":"Polygon","coordinates":[[[8.70087,5.01427],[8.60361,5.0416],[8.51453,5.0222],[8.39637,5.12623],[8.41364,5.19587],[8.33456,5.20733],[8.26548,5.24436],[8.22639,5.21174],[8.17367,5.24172],[8.16185,5.30784],[8.17094,5.3528],[8.24457,5.39159],[8.26002,5.44536],[8.19094,5.54322],[8.14458,5.66664],[8.20276,5.68604],[8.29638,5.73717],[8.32819,5.72924],[8.37182,5.68075],[8.48999,5.61022],[8.57452,5.64284],[8.67724,5.65342],[8.80904,5.74511],[8.85267,5.74511],[8.87994,5.65695],[8.92175,5.59523],[8.85994,5.49738],[8.83176,5.33076],[8.84267,5.29549],[8.82449,5.18882],[8.80995,5.15179],[8.74723,5.09802],[8.70087,5.01427]]]}},{"type":"Feature","properties":{"name":"Obi Nwga","id":"obi-nwga"},"geometry":{"type":"Polygon","coordinates":[[[7.53285,5.17295],[7.5383,5.10154],[7.49013,5.07157],[7.48286,5.02837],[7.4265,5.02925],[7.39287,5.07598],[7.39469,5.11741],[7.36833,5.14033],[7.38196,5.20469],[7.48558,5.24436],[7.51013,5.30431],[7.52649,5.30343],[7.53921,5.29461],[7.53285,5.17295]]]}},{"type":"Feature","properties":{"name":"Logo","id":"logo"},"geometry":{"type":"Polygon","coordinates":[[[9.17899,7.90765],[9.12445,7.82654],[9.1299,7.78775],[9.18989,7.81067],[9.38623,7.84505],[9.37805,7.71811],[9.44713,7.73309],[9.45077,7.67579],[9.50076,7.56206],[9.52076,7.54708],[9.43804,7.47214],[9.37714,7.4836],[9.26715,7.45892],[9.22352,7.51181],[9.15808,7.54708],[9.15263,7.59733],[9.18717,7.57441],[9.23625,7.59116],[9.20171,7.6511],[9.14535,7.66433],[9.01719,7.80274],[8.94902,7.80715],[8.92993,7.83536],[8.96083,7.93233],[9.13445,7.98875],[9.17899,7.90765]]]}},{"type":"Feature","properties":{"name":"Guma","id":"guma"},"geometry":{"type":"Polygon","coordinates":[[[9.13445,7.98875],[8.96083,7.93233],[8.92993,7.83536],[8.94902,7.80715],[9.01719,7.80274],[9.14535,7.66433],[9.20171,7.6511],[9.23625,7.59116],[9.18717,7.57441],[9.15263,7.59733],[9.10172,7.61937],[9.02173,7.56206],[8.99719,7.59821],[8.97992,7.67932],[8.90902,7.69254],[8.81904,7.73045],[8.77904,7.69078],[8.76813,7.65287],[8.69633,7.6608],[8.7036,7.70224],[8.68178,7.82478],[8.54907,7.83359],[8.49453,7.85123],[8.45,7.84594],[8.41545,7.80009],[8.38909,7.89266],[8.34819,7.92792],[8.37092,8.04606],[8.39091,8.07868],[8.46636,8.13951],[8.51271,8.15802],[8.58816,8.12893],[8.78086,8.07515],[8.91084,8.05664],[9.02537,8.06281],[9.05718,8.07779],[9.13445,7.98875]]]}},{"type":"Feature","properties":{"name":"Ogoja","id":"ogoja"},"geometry":{"type":"Polygon","coordinates":[[[8.71723,6.37721],[8.58543,6.35693],[8.52726,6.38514],[8.51181,6.35517],[8.44454,6.38955],[8.45727,6.42834],[8.43091,6.45655],[8.51999,6.43715],[8.55998,6.54383],[8.59997,6.51738],[8.62452,6.5306],[8.66724,6.59584],[8.71178,6.60906],[8.80995,6.69193],[8.83721,6.65226],[8.8354,6.60025],[8.85448,6.57027],[8.92357,6.59231],[8.95629,6.63639],[9.01628,6.55264],[9.00174,6.53677],[8.91266,6.51826],[8.78359,6.54735],[8.76268,6.46448],[8.7245,6.43363],[8.71723,6.37721]]]}},{"type":"Feature","properties":{"name":"Ohafia","id":"ohafia"},"geometry":{"type":"Polygon","coordinates":[[[7.89007,5.68516],[7.91552,5.65518],[7.90643,5.57055],[7.9128,5.52471],[7.82463,5.50619],[7.75646,5.5538],[7.77463,5.58025],[7.70737,5.64196],[7.65829,5.62697],[7.63284,5.64372],[7.71283,5.7407],[7.73828,5.78654],[7.72464,5.81651],[7.78645,5.80505],[7.80372,5.74511],[7.89007,5.68516]]]}},{"type":"Feature","properties":{"name":"Orumba North","id":"orumba-north"},"geometry":{"type":"Polygon","coordinates":[[[7.15018,6.22822],[7.18926,6.23968],[7.2238,6.19119],[7.22926,6.12772],[7.27107,6.07923],[7.26471,6.05454],[7.21017,6.05014],[7.13836,6.00517],[7.08655,6.04308],[7.04383,6.05278],[7.07382,6.06689],[7.07655,6.11714],[7.15108,6.17797],[7.13836,6.21147],[7.15018,6.22822]]]}},{"type":"Feature","properties":{"name":"Ado","id":"ado"},"geometry":{"type":"Polygon","coordinates":[[[7.81736,6.63728],[7.87826,6.75982],[7.89007,6.83475],[7.9637,6.91409],[7.93825,6.96611],[7.97824,6.98198],[8.05369,6.97316],[8.16458,6.98638],[8.1973,6.90881],[8.12368,6.89646],[8.11004,6.8612],[8.11822,6.80037],[8.16004,6.7607],[8.14458,6.72543],[8.09823,6.70692],[8.06278,6.72014],[8.03187,6.73249],[7.97461,6.71133],[7.98733,6.61083],[7.95552,6.5835],[7.94461,6.5403],[7.87826,6.56146],[7.84644,6.59849],[7.81736,6.63728]]]}},{"type":"Feature","properties":{"name":"Toto","id":"toto"},"geometry":{"type":"Polygon","coordinates":[[[6.98111,8.44365],[7.08019,8.44277],[7.27016,8.46481],[7.3656,8.48773],[7.43559,8.58647],[7.46286,8.55385],[7.4665,8.41809],[7.43741,8.29907],[7.43559,8.24265],[7.37378,8.12276],[7.32106,8.08485],[7.30561,8.02754],[7.2538,8.0152],[7.07291,7.94291],[6.96384,7.87944],[6.95293,7.91823],[6.97838,7.98611],[6.97111,8.03019],[6.98293,8.1157],[7.00292,8.16683],[6.96475,8.26557],[6.93475,8.30084],[6.98111,8.44365]]]}},{"type":"Feature","properties":{"name":"Egbedore","id":"egbedore"},"geometry":{"type":"Polygon","coordinates":[[[4.39692,7.89619],[4.42874,7.88913],[4.4551,7.8283],[4.47964,7.83712],[4.53599,7.86004],[4.5369,7.79569],[4.48146,7.74632],[4.45328,7.77453],[4.41692,7.77012],[4.3951,7.73045],[4.39238,7.70576],[4.33693,7.66874],[4.32057,7.70136],[4.33784,7.72516],[4.32602,7.80626],[4.37147,7.84858],[4.39692,7.89619]]]}},{"type":"Feature","properties":{"name":"Owerri North","id":"owerri-north"},"geometry":{"type":"Polygon","coordinates":[[[7.00929,5.52559],[7.00656,5.54146],[7.07837,5.52383],[7.16654,5.48856],[7.17108,5.4674],[7.1529,5.39423],[7.10655,5.39864],[7.06564,5.34398],[7.03565,5.32811],[7.03474,5.3766],[7.08019,5.41804],[7.04201,5.44713],[7.06928,5.4868],[7.00929,5.52559]]]}},{"type":"Feature","properties":{"name":"Idemili North","id":"idemili-north"},"geometry":{"type":"Polygon","coordinates":[[[6.96384,6.09333],[6.90385,6.0995],[6.85476,6.0757],[6.81295,6.09333],[6.80568,6.12154],[6.82022,6.16915],[6.8893,6.15681],[6.95384,6.15945],[6.97929,6.13212],[6.96384,6.09333]]]}},{"type":"Feature","properties":{"name":"Isiala-Ngwa South","id":"isiala-ngwa-south"},"geometry":{"type":"Polygon","coordinates":[[[7.27107,5.21174],[7.26471,5.21527],[7.30016,5.34134],[7.30016,5.34222],[7.32015,5.32899],[7.44559,5.33957],[7.51013,5.30431],[7.48558,5.24436],[7.38196,5.20469],[7.38105,5.28139],[7.27107,5.21174]]]}},{"type":"Feature","properties":{"name":"Funakaye","id":"funakaye"},"geometry":{"type":"Polygon","coordinates":[[[11.47321,11.0179],[11.53048,10.93503],[11.53866,10.85128],[11.51502,10.69524],[11.5223,10.66174],[11.41504,10.66614],[11.34505,10.61589],[11.31414,10.52862],[11.25143,10.53126],[11.19234,10.57887],[11.17235,10.66086],[11.24506,10.80103],[11.3405,10.79574],[11.36414,10.83982],[11.34505,10.87156],[11.34323,10.92886],[11.32232,10.965],[11.33141,11.00908],[11.37868,11.03994],[11.39141,11.09019],[11.47321,11.0179]]]}},{"type":"Feature","properties":{"name":"Katsina-Ala","id":"katsina-ala"},"geometry":{"type":"Polygon","coordinates":[[[9.8298,7.58763],[9.8398,7.5797],[9.88434,7.50829],[9.88252,7.41396],[9.84071,7.27995],[9.82435,7.1724],[9.738,7.07807],[9.6671,7.06485],[9.62529,7.04104],[9.59893,7.00049],[9.52348,6.98991],[9.52621,7.03399],[9.47803,7.03575],[9.47258,7.07983],[9.41532,7.06749],[9.35442,7.08336],[9.31351,7.09835],[9.27352,7.17857],[9.31533,7.23852],[9.2517,7.23764],[9.25716,7.27378],[9.32442,7.33726],[9.34896,7.3831],[9.43804,7.47214],[9.52076,7.54708],[9.59893,7.39985],[9.63801,7.39985],[9.76527,7.32051],[9.79708,7.36194],[9.84617,7.48625],[9.78072,7.53914],[9.8298,7.58763]]]}},{"type":"Feature","properties":{"name":"Mokwa","id":"mokwa"},"geometry":{"type":"Polygon","coordinates":[[[4.76414,9.14981],[4.75414,9.24767],[4.73778,9.26882],[4.63962,9.30849],[4.60962,9.36139],[4.61144,9.42839],[4.57144,9.49539],[4.54781,9.55975],[4.56781,9.59942],[4.69779,9.61529],[4.82323,9.55358],[4.84959,9.49363],[4.82323,9.42663],[4.86595,9.36932],[4.94594,9.3561],[5.02047,9.38872],[5.06865,9.42222],[5.1859,9.46894],[5.22135,9.50862],[5.32952,9.51743],[5.35952,9.41605],[5.41133,9.35522],[5.44132,9.26353],[5.50768,9.23532],[5.46677,9.17802],[5.50677,9.14099],[5.50313,9.10573],[5.43314,9.10308],[5.41405,9.08104],[5.47132,9.01316],[5.52676,8.97966],[5.65129,8.92677],[5.72219,8.91619],[5.78855,8.88269],[5.81218,8.85095],[5.80127,8.8104],[5.76037,8.77337],[5.72855,8.82009],[5.6422,8.83508],[5.54858,8.91266],[5.51222,8.9444],[5.37042,8.99641],[5.32316,8.992],[5.20863,9.0352],[5.15954,9.10661],[4.99684,9.20711],[4.87595,9.15774],[4.81232,9.13218],[4.76414,9.14981]]]}},{"type":"Feature","properties":{"name":"Aba South","id":"aba-south"},"geometry":{"type":"Polygon","coordinates":[[[7.3247,5.09096],[7.37924,5.08127],[7.36015,5.04071],[7.31833,5.0654],[7.3247,5.09096]]]}},{"type":"Feature","properties":{"name":"Edati","id":"edati"},"geometry":{"type":"Polygon","coordinates":[[[5.83763,9.1313],[5.80945,9.04666],[5.83854,8.96732],[5.81672,8.91266],[5.81218,8.85095],[5.78855,8.88269],[5.72219,8.91619],[5.65129,8.92677],[5.52676,8.97966],[5.47132,9.01316],[5.41405,9.08104],[5.43314,9.10308],[5.50313,9.10573],[5.50677,9.14099],[5.57676,9.15598],[5.61493,9.18331],[5.67765,9.20094],[5.78309,9.19036],[5.83036,9.17185],[5.83763,9.1313]]]}},{"type":"Feature","properties":{"name":"Odogbolu","id":"odogbolu"},"geometry":{"type":"MultiPolygon","coordinates":[[[[3.91153,6.87442],[3.93789,6.88059],[3.93789,6.86473],[3.91153,6.87442]]],[[[3.69247,6.68312],[3.68157,6.75893],[3.69156,6.79244],[3.73701,6.87707],[3.76337,6.89205],[3.82882,6.86737],[3.89426,6.88677],[3.86336,6.80654],[3.91426,6.81359],[3.93971,6.74747],[3.90426,6.72103],[3.90335,6.68135],[3.69884,6.684],[3.69247,6.68312]]]]}},{"type":"Feature","properties":{"name":"Balanga","id":"balanga"},"geometry":{"type":"Polygon","coordinates":[[[11.7759,9.70697],[11.74954,9.70874],[11.6341,9.62763],[11.59865,9.64967],[11.5632,9.60471],[11.46776,9.59854],[11.42958,9.55005],[11.37414,9.54652],[11.41231,9.6576],[11.45412,9.69992],[11.50412,9.69904],[11.56684,9.73959],[11.57411,9.86302],[11.52321,9.93707],[11.5332,10.00671],[11.53957,10.0217],[11.59774,10.06754],[11.75499,10.09135],[11.78953,10.03933],[11.83589,10.03404],[11.82226,9.96969],[11.83498,9.93002],[11.80317,9.83216],[11.85498,9.79337],[11.7759,9.70697]]]}},{"type":"Feature","properties":{"name":"Ijebu North East","id":"ijebu-north-east"},"geometry":{"type":"Polygon","coordinates":[[[4.09151,6.89734],[4.07242,6.81536],[4.04243,6.84974],[3.97789,6.83475],[3.93789,6.86473],[3.93789,6.88059],[3.9688,6.91586],[4.04879,6.94054],[4.09151,6.89734]]]}},{"type":"Feature","properties":{"name":"Oturkpo","id":"oturkpo"},"geometry":{"type":"Polygon","coordinates":[[[8.05369,6.97316],[7.97097,7.07719],[7.96915,7.10628],[8.07459,7.15389],[8.07459,7.19268],[8.10186,7.21824],[8.01915,7.33109],[7.96824,7.34784],[7.85644,7.36459],[7.8619,7.39985],[7.81554,7.40867],[7.85462,7.44569],[7.99733,7.53826],[8.07641,7.61143],[8.09005,7.50564],[8.11095,7.42189],[8.13458,7.37517],[8.22003,7.27114],[8.23457,7.17593],[8.25639,7.12568],[8.23548,7.04457],[8.21094,7.00666],[8.16458,6.98638],[8.05369,6.97316]]]}},{"type":"Feature","properties":{"name":"Abi","id":"abi"},"geometry":{"type":"Polygon","coordinates":[[[7.97006,5.76803],[7.93189,5.8218],[7.98733,5.88528],[7.99279,5.98402],[8.01369,5.99371],[8.05278,5.98578],[8.06459,5.94346],[8.11368,5.93817],[8.04732,5.83679],[8.03187,5.79888],[7.97006,5.76803]]]}},{"type":"Feature","properties":{"name":"Ideato North","id":"ideato-north"},"geometry":{"type":"Polygon","coordinates":[[[7.22835,5.93288],[7.2338,5.83944],[7.20562,5.77155],[7.18472,5.83062],[7.18381,5.8509],[7.11018,5.82974],[7.07746,5.8315],[7.04655,5.84649],[7.03565,5.90203],[7.04383,5.92319],[7.2029,5.92054],[7.22835,5.93288]]]}},{"type":"Feature","properties":{"name":"Oriade","id":"oriade"},"geometry":{"type":"Polygon","coordinates":[[[5.00593,7.39192],[4.94321,7.36988],[4.84504,7.37517],[4.82686,7.39985],[4.84959,7.48801],[4.8205,7.56823],[4.80868,7.62642],[4.78414,7.63964],[4.74778,7.67932],[4.80141,7.7375],[4.88685,7.68989],[4.86413,7.62289],[4.9123,7.5462],[4.91958,7.52151],[4.9523,7.44746],[5.00502,7.41396],[5.00593,7.39192]]]}},{"type":"Feature","properties":{"name":"Illela","id":"illela"},"geometry":{"type":"Polygon","coordinates":[[[5.18409,13.51985],[5.15318,13.63093],[5.15863,13.7429],[5.20499,13.73584],[5.28134,13.75612],[5.35043,13.8337],[5.41951,13.85927],[5.45223,13.68736],[5.51404,13.65209],[5.52495,13.56481],[5.48859,13.57099],[5.48132,13.48635],[5.35497,13.50046],[5.37224,13.56834],[5.32316,13.61683],[5.28044,13.57716],[5.28589,13.52074],[5.18409,13.51985]]]}},{"type":"Feature","properties":{"name":"Nwangele","id":"nwangele"},"geometry":{"type":"Polygon","coordinates":[[[7.07928,5.71866],[7.09836,5.72924],[7.16199,5.74599],[7.18926,5.73276],[7.1829,5.71337],[7.13836,5.66841],[7.08928,5.67017],[7.07928,5.71866]]]}},{"type":"Feature","properties":{"name":"Ife East","id":"ife-east"},"geometry":{"type":"Polygon","coordinates":[[[4.51327,7.35313],[4.54508,7.42013],[4.466,7.45892],[4.476,7.47567],[4.49054,7.4933],[4.57053,7.48977],[4.61326,7.50564],[4.64598,7.44481],[4.67052,7.40426],[4.59053,7.38575],[4.62325,7.32139],[4.55054,7.31874],[4.51327,7.35313]]]}},{"type":"Feature","properties":{"name":"Obanliku","id":"obanliku"},"geometry":{"type":"Polygon","coordinates":[[[9.18444,6.6937],[9.25534,6.71838],[9.29988,6.72014],[9.36805,6.62934],[9.47076,6.52531],[9.46713,6.40101],[9.43077,6.32519],[9.36351,6.32607],[9.28261,6.22028],[9.24716,6.33313],[9.29715,6.37456],[9.34623,6.46536],[9.29261,6.50151],[9.2417,6.48476],[9.19353,6.50944],[9.17444,6.49005],[9.10809,6.50768],[9.11172,6.56146],[9.14899,6.55881],[9.19626,6.60289],[9.20444,6.65931],[9.1708,6.68753],[9.18444,6.6937]]]}},{"type":"Feature","properties":{"name":"Onuimo","id":"onuimo"},"geometry":{"type":"Polygon","coordinates":[[[7.2338,5.83944],[7.25198,5.83062],[7.28016,5.75745],[7.24744,5.73629],[7.21744,5.7072],[7.1829,5.71337],[7.18926,5.73276],[7.20562,5.77155],[7.2338,5.83944]]]}},{"type":"Feature","properties":{"name":"Qua'An Pan","id":"quaan-pan"},"geometry":{"type":"Polygon","coordinates":[[[8.99628,8.51859],[8.9781,8.60499],[8.89175,8.73282],[8.90811,8.78395],[8.94538,8.79982],[8.94993,8.83596],[9.02355,8.86594],[9.04628,8.92324],[9.07173,8.94528],[9.05446,9.02462],[9.07991,9.02815],[9.13081,9.04225],[9.15626,9.0255],[9.21898,9.03344],[9.27079,9.11278],[9.31806,9.12072],[9.32624,9.10837],[9.32169,9.00435],[9.35532,8.94087],[9.33987,8.90473],[9.35805,8.84213],[9.34533,8.78836],[9.35078,8.73987],[9.33624,8.68874],[9.34533,8.65083],[9.40168,8.61821],[9.35351,8.51242],[9.35532,8.48333],[9.32078,8.4701],[9.21171,8.45688],[9.17535,8.46746],[9.13263,8.42867],[9.049,8.51947],[8.99628,8.51859]]]}},{"type":"Feature","properties":{"name":"Ngor-Okpala","id":"ngor-okpala"},"geometry":{"type":"Polygon","coordinates":[[[7.26471,5.21527],[7.22744,5.19499],[7.12291,5.21615],[7.04019,5.24965],[7.00383,5.23995],[7.00656,5.26464],[7.01747,5.27963],[7.02656,5.28844],[7.03565,5.32811],[7.06564,5.34398],[7.10655,5.39864],[7.1529,5.39423],[7.17108,5.4674],[7.23744,5.44096],[7.19926,5.37484],[7.24562,5.36161],[7.25925,5.32459],[7.30016,5.34134],[7.26471,5.21527]]]}},{"type":"Feature","properties":{"name":"Ona Ara","id":"ona-ara"},"geometry":{"type":"Polygon","coordinates":[[[4.12605,7.31169],[4.12514,7.25791],[4.08242,7.20061],[4.08878,7.13361],[3.99879,7.12656],[3.98516,7.22706],[3.99607,7.26673],[3.95789,7.33461],[3.92608,7.33726],[3.9388,7.37869],[4.00425,7.34696],[4.07242,7.36018],[4.08969,7.29406],[4.12605,7.31169]]]}},{"type":"Feature","properties":{"name":"Igbo-Eze North","id":"igbo-eze-north"},"geometry":{"type":"Polygon","coordinates":[[[7.55557,6.98021],[7.48468,6.92027],[7.44014,6.93349],[7.3756,6.98021],[7.35106,7.03311],[7.36651,7.04016],[7.38651,7.086],[7.43196,7.10187],[7.50195,7.06925],[7.53012,7.03223],[7.55557,6.98021]]]}},{"type":"Feature","properties":{"name":"Oju","id":"oju"},"geometry":{"type":"Polygon","coordinates":[[[8.16004,6.7607],[8.11822,6.80037],[8.11004,6.8612],[8.12368,6.89646],[8.1973,6.90881],[8.34183,6.88941],[8.40182,6.94671],[8.43273,7.00578],[8.42273,7.0525],[8.51453,7.06485],[8.54725,6.92027],[8.5318,6.88324],[8.6027,6.84974],[8.64179,6.81888],[8.62088,6.78097],[8.57816,6.76511],[8.46908,6.74659],[8.39364,6.74218],[8.36092,6.6937],[8.29456,6.67871],[8.24093,6.79244],[8.17276,6.77304],[8.16004,6.7607]]]}},{"type":"Feature","properties":{"name":"Boluwaduro","id":"boluwaduro"},"geometry":{"type":"Polygon","coordinates":[[[4.84322,7.86357],[4.77051,7.86269],[4.74415,7.88561],[4.74778,7.94996],[4.77505,7.96848],[4.80959,7.99669],[4.84595,7.98699],[4.89322,7.9341],[4.87231,7.88384],[4.84322,7.86357]]]}},{"type":"Feature","properties":{"name":"Shinkafi","id":"shinkafi"},"geometry":{"type":"Polygon","coordinates":[[[6.40482,12.9477],[6.36483,12.97768],[6.45482,12.99795],[6.43209,13.03322],[6.3512,13.01823],[6.21031,13.01823],[6.14395,13.07906],[6.19122,13.1011],[6.25848,13.16016],[6.32756,13.17956],[6.35938,13.13724],[6.40301,13.12931],[6.44846,13.1584],[6.463,13.11697],[6.52026,13.12226],[6.52935,13.05261],[6.58116,13.02264],[6.60662,13.04644],[6.7366,13.00589],[6.7475,12.93536],[6.64934,12.92037],[6.56208,12.8904],[6.52754,12.91685],[6.46482,12.92478],[6.43755,12.96445],[6.40482,12.9477]]]}},{"type":"Feature","properties":{"name":"Orsu","id":"orsu"},"geometry":{"type":"Polygon","coordinates":[[[6.99383,5.89498],[7.03656,5.91702],[7.04383,5.92319],[7.03565,5.90203],[7.01838,5.84561],[6.98202,5.79447],[6.92748,5.80682],[6.93293,5.83062],[6.99383,5.89498]]]}},{"type":"Feature","properties":{"name":"Anaocha","id":"anaocha"},"geometry":{"type":"Polygon","coordinates":[[[6.97202,6.02898],[6.96384,6.09333],[6.97929,6.13212],[7.01656,6.16827],[7.01201,6.14094],[7.07655,6.11714],[7.07382,6.06689],[7.04383,6.05278],[6.99838,6.03427],[6.97202,6.02898]]]}},{"type":"Feature","properties":{"name":"Bekwarra","id":"bekwarra"},"geometry":{"type":"Polygon","coordinates":[[[8.95629,6.63639],[8.92357,6.59231],[8.85448,6.57027],[8.8354,6.60025],[8.83721,6.65226],[8.80995,6.69193],[8.87721,6.75629],[8.92357,6.82505],[8.99174,6.76951],[8.98719,6.73601],[8.98992,6.69193],[8.95629,6.63639]]]}},{"type":"Feature","properties":{"name":"Umu-Nneochi","id":"umu-nneochi"},"geometry":{"type":"Polygon","coordinates":[[[7.33924,6.0422],[7.40287,6.01487],[7.41559,6.00606],[7.51285,6.02104],[7.53012,6.00606],[7.51285,5.92407],[7.45559,5.89057],[7.39014,5.88263],[7.36742,5.90379],[7.2847,5.91878],[7.26107,5.93906],[7.27289,5.99724],[7.31833,5.999],[7.33924,6.0422]]]}},{"type":"Feature","properties":{"name":"Ose","id":"ose"},"geometry":{"type":"Polygon","coordinates":[[[5.85217,7.09394],[5.81582,7.0719],[5.78582,6.96875],[5.79945,6.92115],[5.75128,6.78186],[5.7022,6.73601],[5.62039,6.74218],[5.57676,6.70428],[5.54313,6.82505],[5.56585,6.87619],[5.57948,6.97492],[5.63675,7.0146],[5.64402,7.06573],[5.69947,7.08865],[5.69401,7.13008],[5.76128,7.17064],[5.72674,7.19444],[5.66947,7.30023],[5.69674,7.30288],[5.84672,7.39456],[5.95034,7.34431],[5.91944,7.33726],[5.90944,7.27819],[5.90308,7.21736],[5.88399,7.19973],[5.85217,7.09394]]]}},{"type":"Feature","properties":{"name":"Nnewi North","id":"nnewi-north"},"geometry":{"type":"Polygon","coordinates":[[[6.87567,6.05543],[6.91566,6.05278],[6.94384,6.01752],[6.94657,5.9752],[6.8784,5.97696],[6.86203,5.99724],[6.87567,6.05543]]]}},{"type":"Feature","properties":{"name":"Akoko North West","id":"akoko-north-west"},"geometry":{"type":"Polygon","coordinates":[[[5.77309,7.7472],[5.81672,7.7278],[5.91944,7.74984],[5.94034,7.64493],[5.89308,7.58851],[5.78582,7.55413],[5.71219,7.5506],[5.61857,7.56383],[5.63857,7.60526],[5.68129,7.62378],[5.71674,7.70136],[5.77309,7.7472]]]}},{"type":"Feature","properties":{"name":"Ilesha East","id":"ilesha-east"},"geometry":{"type":"Polygon","coordinates":[[[4.78414,7.63964],[4.80868,7.62642],[4.8205,7.56823],[4.78232,7.55677],[4.72324,7.53826],[4.7087,7.58763],[4.78414,7.63964]]]}},{"type":"Feature","properties":{"name":"Njikoka","id":"njikoka"},"geometry":{"type":"Polygon","coordinates":[[[6.97929,6.13212],[6.95384,6.15945],[6.98474,6.18502],[7.0102,6.24144],[7.02928,6.23615],[7.01656,6.16827],[6.97929,6.13212]]]}},{"type":"Feature","properties":{"name":"Ohaji/Egbema","id":"ohajiegbema"},"geometry":{"type":"Polygon","coordinates":[[[6.81659,5.25935],[6.76114,5.31577],[6.76296,5.4101],[6.74114,5.49385],[6.63934,5.49385],[6.65843,5.62521],[6.82568,5.60141],[6.88839,5.52912],[6.9293,5.54234],[6.88567,5.50355],[6.93021,5.44272],[6.9393,5.39864],[6.98656,5.37572],[6.98202,5.34134],[7.02656,5.28844],[7.01747,5.27963],[7.00656,5.26464],[7.00383,5.23995],[6.94384,5.22849],[6.90385,5.21968],[6.81659,5.25935]]]}},{"type":"Feature","properties":{"name":"Gombe","id":"gombe"},"geometry":{"type":"Polygon","coordinates":[[[11.19871,10.28971],[11.16598,10.26502],[11.12417,10.28001],[11.12144,10.31086],[11.18507,10.31263],[11.19871,10.28971]]]}},{"type":"Feature","properties":{"name":"Owerri Municipal","id":"owerri-municipal"},"geometry":{"type":"Polygon","coordinates":[[[7.04201,5.44713],[7.00111,5.43655],[6.97929,5.49209],[7.00929,5.52559],[7.06928,5.4868],[7.04201,5.44713]]]}},{"type":"Feature","properties":{"name":"Keana","id":"keana"},"geometry":{"type":"Polygon","coordinates":[[[9.05718,8.07779],[9.02537,8.06281],[8.91084,8.05664],[8.78086,8.07515],[8.58816,8.12893],[8.51271,8.15802],[8.52089,8.18447],[8.50908,8.26117],[8.59452,8.25235],[8.64179,8.26469],[8.7445,8.2594],[8.80813,8.28849],[8.89084,8.27351],[8.95902,8.28144],[8.9472,8.22238],[9.00901,8.16066],[9.05718,8.07779]]]}},{"type":"Feature","properties":{"name":"Ohaukwu","id":"ohaukwu"},"geometry":{"type":"Polygon","coordinates":[[[7.92007,6.34811],[7.92643,6.40894],[7.90098,6.45214],[7.84735,6.44421],[7.80554,6.4733],[7.79463,6.55176],[7.84644,6.59849],[7.87826,6.56146],[7.94461,6.5403],[7.95552,6.5835],[7.98733,6.61083],[7.97461,6.71133],[8.03187,6.73249],[8.06278,6.72014],[8.11004,6.60995],[8.09277,6.50239],[8.05914,6.45126],[8.0346,6.37368],[8.01097,6.34988],[7.92007,6.34811]]]}},{"type":"Feature","properties":{"name":"Gbonyin","id":"gbonyin"},"geometry":{"type":"Polygon","coordinates":[[[5.43223,7.69342],[5.44405,7.67226],[5.51677,7.65022],[5.56131,7.70136],[5.60221,7.69342],[5.63857,7.60526],[5.61857,7.56383],[5.61039,7.48448],[5.60584,7.47302],[5.58039,7.50652],[5.5404,7.51534],[5.4895,7.55237],[5.36588,7.54884],[5.34679,7.65816],[5.36679,7.67843],[5.39496,7.65287],[5.43223,7.69342]]]}},{"type":"Feature","properties":{"name":"Isiala Mbano","id":"isiala-mbano"},"geometry":{"type":"Polygon","coordinates":[[[7.22562,5.61287],[7.21108,5.59964],[7.16108,5.6208],[7.08109,5.64813],[7.08928,5.67017],[7.13836,5.66841],[7.1829,5.71337],[7.21744,5.7072],[7.24744,5.73629],[7.25743,5.73012],[7.22471,5.65959],[7.22562,5.61287]]]}},{"type":"Feature","properties":{"name":"Irepodun/Ifelodun","id":"irepodunifelodun"},"geometry":{"type":"Polygon","coordinates":[[[5.25862,7.79216],[5.26317,7.76836],[5.32134,7.7278],[5.40133,7.72075],[5.43223,7.69342],[5.39496,7.65287],[5.36679,7.67843],[5.3077,7.66962],[5.22317,7.67403],[5.17318,7.64053],[5.11319,7.637],[5.10228,7.63612],[5.11591,7.69871],[5.10319,7.73662],[5.14864,7.771],[5.19499,7.76395],[5.25862,7.79216]]]}},{"type":"Feature","properties":{"name":"Obowo","id":"obowo"},"geometry":{"type":"Polygon","coordinates":[[[7.41559,5.57143],[7.3856,5.50355],[7.32379,5.54322],[7.30561,5.58554],[7.35651,5.60581],[7.42559,5.58554],[7.41559,5.57143]]]}},{"type":"Feature","properties":{"name":"Isuikwuato","id":"isuikwuato"},"geometry":{"type":"Polygon","coordinates":[[[7.53467,5.83503],[7.55557,5.74246],[7.54648,5.67458],[7.47831,5.68604],[7.44923,5.70367],[7.39287,5.68868],[7.38196,5.70543],[7.40014,5.71072],[7.39014,5.88263],[7.45559,5.89057],[7.51285,5.92407],[7.50558,5.88263],[7.53467,5.83503]]]}},{"type":"Feature","properties":{"name":"Makurdi","id":"makurdi"},"geometry":{"type":"Polygon","coordinates":[[[8.41545,7.80009],[8.45,7.84594],[8.49453,7.85123],[8.54907,7.83359],[8.68178,7.82478],[8.7036,7.70224],[8.69633,7.6608],[8.60179,7.57],[8.52362,7.5506],[8.45181,7.57881],[8.40637,7.64317],[8.39182,7.6846],[8.38546,7.76836],[8.41545,7.80009]]]}},{"type":"Feature","properties":{"name":"Gboko","id":"gboko"},"geometry":{"type":"Polygon","coordinates":[[[9.10354,7.20943],[9.03628,7.24734],[9.00537,7.24293],[8.98447,7.28436],[8.90357,7.27643],[8.84176,7.18739],[8.77631,7.18033],[8.73359,7.17857],[8.69451,7.24293],[8.63906,7.35665],[8.65451,7.41748],[8.64724,7.48889],[8.75632,7.55854],[8.80722,7.5365],[8.87903,7.45098],[8.9072,7.44922],[8.95084,7.51887],[8.97265,7.49506],[9.07718,7.48184],[9.11808,7.44481],[9.11172,7.4166],[9.16081,7.39368],[9.19171,7.33197],[9.18717,7.28084],[9.15172,7.27995],[9.10354,7.20943]]]}},{"type":"Feature","properties":{"name":"Ife Central","id":"ife-central"},"geometry":{"type":"Polygon","coordinates":[[[4.476,7.47567],[4.48964,7.51446],[4.47691,7.56559],[4.50872,7.59909],[4.5269,7.61408],[4.58599,7.57352],[4.61326,7.50564],[4.57053,7.48977],[4.49054,7.4933],[4.476,7.47567]]]}},{"type":"Feature","properties":{"name":"Isiala-Ngwa North","id":"isiala-ngwa-north"},"geometry":{"type":"Polygon","coordinates":[[[7.36287,5.46035],[7.51013,5.43126],[7.52649,5.30343],[7.51013,5.30431],[7.44559,5.33957],[7.32015,5.32899],[7.30016,5.34222],[7.32288,5.39511],[7.36287,5.46035]]]}},{"type":"Feature","properties":{"name":"Yakurr","id":"yakurr"},"geometry":{"type":"Polygon","coordinates":[[[8.14458,5.66664],[8.1155,5.70279],[8.07096,5.72307],[8.03187,5.79888],[8.04732,5.83679],[8.11368,5.93817],[8.17367,5.97432],[8.24184,5.92583],[8.24184,5.89321],[8.2982,5.8553],[8.32819,5.72924],[8.29638,5.73717],[8.20276,5.68604],[8.14458,5.66664]]]}},{"type":"Feature","properties":{"name":"Billiri","id":"billiri"},"geometry":{"type":"Polygon","coordinates":[[[10.95965,9.67964],[10.97783,9.81012],[11.04418,9.83657],[11.08508,9.93795],[11.16507,9.9547],[11.18234,9.98379],[11.27324,10.00231],[11.29142,9.96792],[11.24779,9.93002],[11.23143,9.79249],[11.16507,9.75105],[11.1378,9.69992],[11.10145,9.68053],[11.01964,9.69816],[10.95965,9.67964]]]}},{"type":"Feature","properties":{"name":"Dunukofia","id":"dunukofia"},"geometry":{"type":"Polygon","coordinates":[[[6.8893,6.15681],[6.95929,6.22028],[6.96657,6.28288],[6.98747,6.30492],[7.0102,6.24144],[6.98474,6.18502],[6.95384,6.15945],[6.8893,6.15681]]]}},{"type":"Feature","properties":{"name":"Osisioma Ngwa","id":"osisioma-ngwa"},"geometry":{"type":"Polygon","coordinates":[[[7.25652,5.07774],[7.29288,5.17295],[7.27107,5.21174],[7.38105,5.28139],[7.38196,5.20469],[7.36833,5.14033],[7.3247,5.09096],[7.31833,5.0654],[7.30743,5.0654],[7.25652,5.07774]]]}},{"type":"Feature","properties":{"name":"Ola Oluwa","id":"ola-oluwa"},"geometry":{"type":"Polygon","coordinates":[[[4.32966,7.63524],[4.30512,7.62025],[4.28512,7.65639],[4.24785,7.64053],[4.17968,7.69695],[4.14423,7.75072],[4.06151,7.74984],[4.07515,7.82037],[4.13332,7.79392],[4.18695,7.81155],[4.26421,7.81244],[4.32057,7.70136],[4.33693,7.66874],[4.32966,7.63524]]]}},{"type":"Feature","properties":{"name":"Wamba","id":"wamba"},"geometry":{"type":"Polygon","coordinates":[[[8.50453,9.0017],[8.53362,9.00435],[8.62088,9.11455],[8.65815,9.20799],[8.66724,9.18948],[8.76541,9.16568],[8.75995,9.10485],[8.79904,9.07135],[8.79813,9.03168],[8.91811,9.01757],[8.89993,8.92148],[8.84085,8.8774],[8.83631,8.82803],[8.68451,8.83596],[8.61725,8.81745],[8.57998,8.8007],[8.50999,8.82626],[8.5218,8.87034],[8.52998,8.88092],[8.50453,9.0017]]]}},{"type":"Feature","properties":{"name":"Boripe","id":"boripe"},"geometry":{"type":"Polygon","coordinates":[[[4.74415,7.88561],[4.70052,7.838],[4.67143,7.85916],[4.66143,7.90941],[4.71688,7.95437],[4.74778,7.94996],[4.74415,7.88561]]]}},{"type":"Feature","properties":{"name":"Yala","id":"yala"},"geometry":{"type":"Polygon","coordinates":[[[8.80995,6.69193],[8.71178,6.60906],[8.66724,6.59584],[8.62452,6.5306],[8.59997,6.51738],[8.55998,6.54383],[8.51999,6.43715],[8.43091,6.45655],[8.39091,6.52355],[8.34001,6.57556],[8.29456,6.67871],[8.36092,6.6937],[8.39364,6.74218],[8.46908,6.74659],[8.57816,6.76511],[8.62088,6.78097],[8.64179,6.81888],[8.6027,6.84974],[8.66906,6.87002],[8.7036,6.89646],[8.83903,6.86913],[8.92357,6.82505],[8.87721,6.75629],[8.80995,6.69193]]]}},{"type":"Feature","properties":{"name":"Aguata","id":"aguata"},"geometry":{"type":"Polygon","coordinates":[[[7.03656,5.91702],[7.05292,5.94963],[7.01565,5.98578],[6.99838,6.03427],[7.04383,6.05278],[7.08655,6.04308],[7.13836,6.00517],[7.15563,5.94611],[7.2029,5.92054],[7.04383,5.92319],[7.03656,5.91702]]]}},{"type":"Feature","properties":{"name":"Calabar Municipal","id":"calabar-municipal"},"geometry":{"type":"Polygon","coordinates":[[[8.36274,5.03454],[8.35546,4.98694],[8.30183,4.98694],[8.29365,5.04071],[8.36274,5.03454]]]}},{"type":"Feature","properties":{"name":"Onitsha North","id":"onitsha-north"},"geometry":{"type":"Polygon","coordinates":[[[6.79023,6.13212],[6.76477,6.15593],[6.76296,6.1859],[6.78568,6.20618],[6.80841,6.2053],[6.82022,6.16915],[6.80568,6.12154],[6.79023,6.13212]]]}},{"type":"Feature","properties":{"name":"Ukum","id":"ukum"},"geometry":{"type":"Polygon","coordinates":[[[9.79799,7.61496],[9.8298,7.58763],[9.78072,7.53914],[9.84617,7.48625],[9.79708,7.36194],[9.76527,7.32051],[9.63801,7.39985],[9.59893,7.39985],[9.52076,7.54708],[9.50076,7.56206],[9.45077,7.67579],[9.44713,7.73309],[9.37805,7.71811],[9.38623,7.84505],[9.56166,7.83888],[9.64347,7.80009],[9.74709,7.65463],[9.79799,7.61496]]]}},{"type":"Feature","properties":{"name":"Isa","id":"isa"},"geometry":{"type":"Polygon","coordinates":[[[6.14395,13.07906],[6.04669,13.03145],[6.02306,13.08523],[5.98307,13.2545],[5.99215,13.31532],[6.05669,13.39379],[6.16031,13.33825],[6.21031,13.3594],[6.21122,13.30475],[6.32393,13.31092],[6.41664,13.29152],[6.47936,13.31709],[6.53481,13.30563],[6.65297,13.37087],[6.71296,13.3118],[6.74841,13.24921],[6.75296,13.20689],[6.79295,13.13195],[6.68297,13.10727],[6.60662,13.04644],[6.58116,13.02264],[6.52935,13.05261],[6.52026,13.12226],[6.463,13.11697],[6.44846,13.1584],[6.40301,13.12931],[6.35938,13.13724],[6.32756,13.17956],[6.25848,13.16016],[6.19122,13.1011],[6.14395,13.07906]]]}},{"type":"Feature","properties":{"name":"Ogun Waterside","id":"ogun-waterside"},"geometry":{"type":"Polygon","coordinates":[[[4.60507,6.49181],[4.56417,6.49887],[4.55963,6.45126],[4.53508,6.40806],[4.59871,6.36663],[4.57235,6.29698],[4.48327,6.32607],[4.35965,6.36751],[4.36874,6.43804],[4.35329,6.45126],[4.25967,6.44421],[4.16332,6.5068],[4.2324,6.54735],[4.23603,6.57821],[4.25694,6.63992],[4.31421,6.66372],[4.37874,6.64256],[4.45419,6.6073],[4.49145,6.50856],[4.53781,6.60113],[4.58235,6.64256],[4.60053,6.61788],[4.5878,6.53237],[4.60507,6.49181]]]}},{"type":"Feature","properties":{"name":"Ifelodun","id":"ifelodun"},"geometry":{"type":"Polygon","coordinates":[[[4.67143,7.85916],[4.66416,7.84153],[4.62325,7.85563],[4.62325,7.91117],[4.56872,7.93762],[4.5769,7.96407],[4.68779,7.96583],[4.70052,8.00727],[4.77505,7.96848],[4.74778,7.94996],[4.71688,7.95437],[4.66143,7.90941],[4.67143,7.85916]]]}},{"type":"Feature","properties":{"name":"Arochukwu","id":"arochukwu"},"geometry":{"type":"Polygon","coordinates":[[[7.88007,5.3669],[7.86553,5.41804],[7.78918,5.44448],[7.76009,5.50531],[7.73373,5.51765],[7.64556,5.52559],[7.61466,5.57231],[7.6492,5.61463],[7.70737,5.64196],[7.77463,5.58025],[7.75646,5.5538],[7.82463,5.50619],[7.9128,5.52471],[7.91371,5.52383],[7.98642,5.37043],[7.97733,5.35456],[7.88007,5.3669]]]}},{"type":"Feature","properties":{"name":"Ijebu Ode","id":"ijebu-ode"},"geometry":{"type":"Polygon","coordinates":[[[3.97789,6.83475],[3.94517,6.80125],[4.04333,6.75629],[4.08515,6.67959],[3.90335,6.68135],[3.90426,6.72103],[3.93971,6.74747],[3.91426,6.81359],[3.86336,6.80654],[3.89426,6.88677],[3.91153,6.87442],[3.93789,6.86473],[3.97789,6.83475]]]}},{"type":"Feature","properties":{"name":"Magumeri","id":"magumeri"},"geometry":{"type":"Polygon","coordinates":[[[12.41854,12.52454],[12.44035,12.536],[12.49852,12.50514],[12.5467,12.51837],[12.57488,12.43902],[12.63305,12.4161],[12.75304,12.41258],[12.86938,12.30855],[12.98028,12.34205],[13.05299,12.33852],[13.08753,12.36233],[13.13571,12.36673],[13.13753,12.24243],[13.1548,12.18953],[13.10935,12.17631],[13.05936,12.0908],[13.07026,12.04231],[12.99664,12.06787],[12.95301,12.00264],[12.98391,11.97002],[12.95483,11.90478],[12.90847,11.89156],[12.83939,11.91007],[12.78121,11.94004],[12.75213,12.00175],[12.68395,11.99735],[12.56215,11.98941],[12.49125,11.92241],[12.46762,11.91624],[12.27401,11.97707],[12.23765,12.08991],[12.23674,12.13752],[12.26401,12.17807],[12.25038,12.21245],[12.28492,12.26623],[12.2831,12.40993],[12.35309,12.46018],[12.37672,12.52013],[12.41854,12.52454]]]}},{"type":"Feature","properties":{"name":"Boki","id":"boki"},"geometry":{"type":"Polygon","coordinates":[[[8.79904,6.06512],[8.77904,6.09069],[8.78722,6.15328],[8.75359,6.20089],[8.79631,6.28199],[8.73723,6.32255],[8.71723,6.37721],[8.7245,6.43363],[8.76268,6.46448],[8.78359,6.54735],[8.91266,6.51826],[9.00174,6.53677],[9.01446,6.46008],[8.98628,6.39748],[9.07264,6.39572],[9.07627,6.47242],[9.10809,6.50768],[9.17444,6.49005],[9.19353,6.50944],[9.2417,6.48476],[9.29261,6.50151],[9.34623,6.46536],[9.29715,6.37456],[9.24716,6.33313],[9.28261,6.22028],[9.22352,6.15064],[9.07173,6.01399],[8.99174,5.93465],[8.94811,6.0184],[8.79904,6.06512]]]}},{"type":"Feature","properties":{"name":"Kwami","id":"kwami"},"geometry":{"type":"Polygon","coordinates":[[[11.5223,10.66174],[11.5223,10.56917],[11.50957,10.5198],[11.48048,10.48366],[11.42504,10.51275],[11.40686,10.46514],[11.43958,10.44046],[11.39959,10.39021],[11.35141,10.3955],[11.27415,10.33996],[11.22416,10.34084],[11.18507,10.31263],[11.12144,10.31086],[11.07872,10.30998],[11.0051,10.33467],[10.99237,10.36729],[10.93147,10.35582],[10.8733,10.38404],[10.92329,10.42371],[10.91147,10.50481],[10.93056,10.54889],[10.93147,10.6203],[10.97056,10.61501],[10.99601,10.65645],[11.1369,10.67232],[11.17235,10.66086],[11.19234,10.57887],[11.25143,10.53126],[11.31414,10.52862],[11.34505,10.61589],[11.41504,10.66614],[11.5223,10.66174]]]}},{"type":"Feature","properties":{"name":"Ekiti East","id":"ekiti-east"},"geometry":{"type":"Polygon","coordinates":[[[5.65856,7.8283],[5.73764,7.82125],[5.76764,7.78775],[5.77309,7.7472],[5.71674,7.70136],[5.68129,7.62378],[5.63857,7.60526],[5.60221,7.69342],[5.56131,7.70136],[5.62402,7.77365],[5.65856,7.8283]]]}},{"type":"Feature","properties":{"name":"Moro","id":"moro"},"geometry":{"type":"Polygon","coordinates":[[[4.33511,8.98054],[4.42783,9.03608],[4.50236,9.06782],[4.5878,9.08281],[4.72142,9.06518],[4.74869,9.0881],[4.76414,9.14981],[4.81232,9.13218],[4.87595,9.15774],[4.89776,9.11719],[4.89049,9.05724],[4.87776,9.0211],[4.81323,8.97437],[4.78141,8.92148],[4.81505,8.84654],[4.88049,8.74604],[4.82504,8.69314],[4.67961,8.57413],[4.60235,8.53622],[4.57326,8.57766],[4.47873,8.56179],[4.42783,8.58383],[4.3951,8.65612],[4.34238,8.6905],[4.30148,8.74692],[4.25785,8.73458],[4.23422,8.80511],[4.19513,8.81657],[4.25785,8.9012],[4.32057,8.94263],[4.33511,8.98054]]]}},{"type":"Feature","properties":{"name":"Ezinihitte","id":"ezinihitte"},"geometry":{"type":"Polygon","coordinates":[[[7.3856,5.50355],[7.36287,5.46035],[7.32288,5.39511],[7.29197,5.40305],[7.2847,5.49121],[7.32379,5.54322],[7.3856,5.50355]]]}},{"type":"Feature","properties":{"name":"Kala Balge","id":"kala-balge"},"geometry":{"type":"Polygon","coordinates":[[[14.26464,11.78665],[14.27373,11.89067],[14.31009,11.99647],[14.31555,12.0908],[14.39735,12.13487],[14.42644,12.20011],[14.3819,12.28915],[14.32282,12.31296],[14.321,12.37114],[14.37645,12.35968],[14.46371,12.36056],[14.54733,12.28034],[14.55188,12.23538],[14.58914,12.22921],[14.61732,12.18601],[14.65913,12.19835],[14.67731,12.16044],[14.6355,12.09168],[14.65368,12.06347],[14.62278,12.03085],[14.65459,11.95591],[14.64277,11.91183],[14.6046,11.86952],[14.61187,11.82544],[14.58823,11.75491],[14.58823,11.69232],[14.64095,11.64736],[14.64641,11.57595],[14.61823,11.50542],[14.49916,11.43489],[14.46643,11.47897],[14.41735,11.4966],[14.23465,11.62091],[14.26464,11.78665]]]}},{"type":"Feature","properties":{"name":"Awe","id":"awe"},"geometry":{"type":"Polygon","coordinates":[[[9.33533,7.98523],[9.17899,7.90765],[9.13445,7.98875],[9.05718,8.07779],[9.00901,8.16066],[8.9472,8.22238],[8.95902,8.28144],[9.01264,8.32023],[9.00901,8.40046],[8.95538,8.40663],[8.99628,8.51859],[9.049,8.51947],[9.13263,8.42867],[9.17535,8.46746],[9.21171,8.45688],[9.32078,8.4701],[9.35532,8.48333],[9.46985,8.43131],[9.60165,8.39252],[9.61711,8.37225],[9.60983,8.29114],[9.48349,8.30613],[9.38987,8.34932],[9.36351,8.34051],[9.32987,8.23648],[9.41168,8.17653],[9.38714,8.1492],[9.41532,8.06193],[9.33533,7.98523]]]}},{"type":"Feature","properties":{"name":"Orolu","id":"orolu"},"geometry":{"type":"Polygon","coordinates":[[[4.42874,7.88913],[4.45782,7.94115],[4.52236,7.95525],[4.47964,7.83712],[4.4551,7.8283],[4.42874,7.88913]]]}},{"type":"Feature","properties":{"name":"Obubra","id":"obubra"},"geometry":{"type":"Polygon","coordinates":[[[8.40091,6.21676],[8.41818,6.26084],[8.39182,6.30668],[8.40364,6.36575],[8.44454,6.38955],[8.51181,6.35517],[8.4909,6.29963],[8.42636,6.2194],[8.47726,6.08981],[8.48817,5.99812],[8.47363,5.93288],[8.49726,5.89409],[8.53453,5.88175],[8.59907,5.82621],[8.57452,5.64284],[8.48999,5.61022],[8.37182,5.68075],[8.32819,5.72924],[8.2982,5.8553],[8.24184,5.89321],[8.24184,5.92583],[8.17367,5.97432],[8.21457,6.01223],[8.28638,6.01664],[8.30183,6.10832],[8.37092,6.19648],[8.40091,6.21676]]]}},{"type":"Feature","properties":{"name":"Akoko-Edo","id":"akoko-edo"},"geometry":{"type":"Polygon","coordinates":[[[6.25666,7.20766],[6.1994,7.11862],[6.18031,7.11245],[6.1485,7.18386],[6.10123,7.20237],[6.06578,7.24645],[5.98761,7.22618],[5.90944,7.27819],[5.91944,7.33726],[5.95034,7.34431],[5.9867,7.35489],[5.95125,7.50123],[6.00397,7.52944],[6.04851,7.5797],[6.0985,7.58851],[6.13395,7.55237],[6.1585,7.52856],[6.1085,7.49065],[6.11214,7.44834],[6.18667,7.43864],[6.22576,7.46862],[6.29211,7.50035],[6.37937,7.39809],[6.43209,7.4025],[6.38755,7.37781],[6.34029,7.3258],[6.29484,7.36018],[6.26666,7.35225],[6.25666,7.20766]]]}},{"type":"Feature","properties":{"name":"Osogbo","id":"osogbo"},"geometry":{"type":"Polygon","coordinates":[[[4.60689,7.78687],[4.61053,7.75249],[4.57781,7.71458],[4.51509,7.72163],[4.48146,7.74632],[4.5369,7.79569],[4.60689,7.78687]]]}},{"type":"Feature","properties":{"name":"Ise/Orun","id":"iseorun"},"geometry":{"type":"Polygon","coordinates":[[[5.3886,7.28348],[5.35861,7.29582],[5.34679,7.38134],[5.32225,7.436],[5.30407,7.48448],[5.3277,7.56735],[5.36588,7.54884],[5.4895,7.55237],[5.5404,7.51534],[5.4386,7.43952],[5.43223,7.38398],[5.46768,7.30199],[5.3886,7.28348]]]}},{"type":"Feature","properties":{"name":"Njaba","id":"njaba"},"geometry":{"type":"MultiPolygon","coordinates":[[[[7.02928,5.64989],[7.0102,5.64989],[7.00201,5.68516],[7.02928,5.64989]]],[[[7.00292,5.6975],[6.97475,5.7116],[6.98111,5.77684],[7.01292,5.73717],[7.06292,5.73629],[7.00292,5.6975]]]]}},{"type":"Feature","properties":{"name":"Obi","id":"obi"},"geometry":{"type":"Polygon","coordinates":[[[8.1973,6.90881],[8.16458,6.98638],[8.21094,7.00666],[8.23548,7.04457],[8.25639,7.12568],[8.36001,7.11951],[8.40546,7.10364],[8.42273,7.0525],[8.43273,7.00578],[8.40182,6.94671],[8.34183,6.88941],[8.1973,6.90881]]]}},{"type":"Feature","properties":{"name":"Buruku","id":"buruku"},"geometry":{"type":"Polygon","coordinates":[[[9.31351,7.09835],[9.27443,7.04986],[9.25352,7.08953],[9.14899,7.05515],[9.11081,7.06837],[9.06082,7.04016],[9.01628,7.07278],[9.04809,7.11862],[9.12899,7.16535],[9.10354,7.20943],[9.15172,7.27995],[9.18717,7.28084],[9.19171,7.33197],[9.16081,7.39368],[9.11172,7.4166],[9.11808,7.44481],[9.07718,7.48184],[8.97265,7.49506],[8.95084,7.51887],[8.94265,7.55942],[8.97992,7.67932],[8.99719,7.59821],[9.02173,7.56206],[9.10172,7.61937],[9.15263,7.59733],[9.15808,7.54708],[9.22352,7.51181],[9.26715,7.45892],[9.37714,7.4836],[9.43804,7.47214],[9.34896,7.3831],[9.32442,7.33726],[9.25716,7.27378],[9.2517,7.23764],[9.31533,7.23852],[9.27352,7.17857],[9.31351,7.09835]]]}},{"type":"Feature","properties":{"name":"Obudu","id":"obudu"},"geometry":{"type":"Polygon","coordinates":[[[9.00174,6.53677],[9.01628,6.55264],[8.95629,6.63639],[8.98992,6.69193],[9.02719,6.6505],[9.07082,6.64256],[9.1708,6.68753],[9.20444,6.65931],[9.19626,6.60289],[9.14899,6.55881],[9.11172,6.56146],[9.10809,6.50768],[9.07627,6.47242],[9.07264,6.39572],[8.98628,6.39748],[9.01446,6.46008],[9.00174,6.53677]]]}},{"type":"Feature","properties":{"name":"Orlu","id":"orlu"},"geometry":{"type":"Polygon","coordinates":[[[7.11382,5.81122],[7.06746,5.78037],[7.07655,5.73453],[7.06292,5.73629],[7.01292,5.73717],[6.98111,5.77684],[6.98202,5.79447],[7.01838,5.84561],[7.03565,5.90203],[7.04655,5.84649],[7.07746,5.8315],[7.11018,5.82974],[7.11382,5.81122]]]}},{"type":"Feature","properties":{"name":"Iwo","id":"iwo"},"geometry":{"type":"Polygon","coordinates":[[[4.24785,7.64053],[4.1415,7.59292],[4.09333,7.62113],[4.07606,7.65287],[4.07787,7.70841],[4.06151,7.74984],[4.14423,7.75072],[4.17968,7.69695],[4.24785,7.64053]]]}},{"type":"Feature","properties":{"name":"Awka North","id":"awka-north"},"geometry":{"type":"Polygon","coordinates":[[[7.16017,6.30315],[7.1429,6.28905],[7.15018,6.22822],[7.13836,6.21147],[7.08928,6.27053],[7.02928,6.23615],[7.0102,6.24144],[6.98747,6.30492],[6.95293,6.41952],[7.03201,6.45038],[7.14381,6.38867],[7.16017,6.30315]]]}},{"type":"Feature","properties":{"name":"Tarka","id":"tarka"},"geometry":{"type":"Polygon","coordinates":[[[8.76813,7.65287],[8.77904,7.69078],[8.81904,7.73045],[8.90902,7.69254],[8.97992,7.67932],[8.94265,7.55942],[8.95084,7.51887],[8.9072,7.44922],[8.87903,7.45098],[8.80722,7.5365],[8.75632,7.55854],[8.76813,7.65287]]]}},{"type":"Feature","properties":{"name":"Umuahia North","id":"umuahia-north"},"geometry":{"type":"Polygon","coordinates":[[[7.52921,5.47975],[7.51013,5.50267],[7.46377,5.50443],[7.45832,5.54146],[7.41559,5.57143],[7.42559,5.58554],[7.43196,5.60934],[7.39287,5.68868],[7.44923,5.70367],[7.47831,5.68604],[7.53467,5.59347],[7.58557,5.57055],[7.57103,5.50355],[7.52921,5.47975]]]}},{"type":"Feature","properties":{"name":"Odo Otin","id":"odo-otin"},"geometry":{"type":"Polygon","coordinates":[[[4.56872,8.05487],[4.62144,8.07603],[4.66598,8.04341],[4.72142,8.06457],[4.79959,8.06545],[4.80868,8.06193],[4.80959,7.99669],[4.77505,7.96848],[4.70052,8.00727],[4.68779,7.96583],[4.5769,7.96407],[4.55326,7.97553],[4.56872,8.05487]]]}},{"type":"Feature","properties":{"name":"Ihiala","id":"ihiala"},"geometry":{"type":"Polygon","coordinates":[[[6.86749,5.93377],[6.8993,5.91261],[6.99383,5.89498],[6.93293,5.83062],[6.89021,5.80594],[6.88294,5.75128],[6.84658,5.76626],[6.80113,5.78478],[6.74205,5.87382],[6.80113,5.92759],[6.82658,5.90644],[6.86749,5.93377]]]}},{"type":"Feature","properties":{"name":"Ilesha West","id":"ilesha-west"},"geometry":{"type":"Polygon","coordinates":[[[4.66325,7.68813],[4.71233,7.67138],[4.74778,7.67932],[4.78414,7.63964],[4.7087,7.58763],[4.66234,7.63435],[4.66325,7.68813]]]}},{"type":"Feature","properties":{"name":"Kaltungo","id":"kaltungo"},"geometry":{"type":"Polygon","coordinates":[[[11.41231,9.6576],[11.36868,9.68582],[11.28869,9.79337],[11.29506,9.83833],[11.24779,9.93002],[11.29142,9.96792],[11.27324,10.00231],[11.30415,10.02787],[11.35868,10.0217],[11.46412,9.98732],[11.48685,10.01994],[11.5332,10.00671],[11.52321,9.93707],[11.57411,9.86302],[11.56684,9.73959],[11.50412,9.69904],[11.45412,9.69992],[11.41231,9.6576]]]}},{"type":"Feature","properties":{"name":"Irepodun","id":"irepodun"},"geometry":{"type":"Polygon","coordinates":[[[4.52236,7.95525],[4.55326,7.97553],[4.5769,7.96407],[4.56872,7.93762],[4.53599,7.86004],[4.47964,7.83712],[4.52236,7.95525]]]}},{"type":"Feature","properties":{"name":"Ebonyi","id":"ebonyi"},"geometry":{"type":"Polygon","coordinates":[[[8.1364,6.35693],[8.0855,6.32431],[8.0346,6.37368],[8.05914,6.45126],[8.09277,6.50239],[8.11004,6.60995],[8.06278,6.72014],[8.09823,6.70692],[8.14458,6.72543],[8.16004,6.7607],[8.17276,6.77304],[8.19185,6.72808],[8.19185,6.66372],[8.14549,6.62141],[8.17003,6.50856],[8.14186,6.47683],[8.15276,6.41511],[8.1364,6.35693]]]}},{"type":"Feature","properties":{"name":"Lafia","id":"lafia"},"geometry":{"type":"Polygon","coordinates":[[[8.24093,8.50801],[8.18821,8.54327],[8.16822,8.58647],[8.24093,8.55297],[8.35092,8.61292],[8.40273,8.61116],[8.46636,8.65347],[8.57089,8.66317],[8.60725,8.65259],[8.67815,8.70813],[8.61088,8.76984],[8.61725,8.81745],[8.68451,8.83596],[8.83631,8.82803],[8.84085,8.8774],[8.89993,8.92148],[8.91811,9.01757],[9.05446,9.02462],[9.07173,8.94528],[9.04628,8.92324],[9.02355,8.86594],[8.94993,8.83596],[8.94538,8.79982],[8.90811,8.78395],[8.89175,8.73282],[8.9781,8.60499],[8.99628,8.51859],[8.95538,8.40663],[8.82903,8.40398],[8.70632,8.48244],[8.6327,8.47892],[8.58998,8.4128],[8.49999,8.40486],[8.46636,8.41633],[8.41182,8.47275],[8.33092,8.48333],[8.24093,8.50801]]]}},{"type":"Feature","properties":{"name":"Ijebu North","id":"ijebu-north"},"geometry":{"type":"Polygon","coordinates":[[[4.08878,7.13361],[4.1715,7.17064],[4.19786,7.04898],[4.26876,7.08865],[4.34238,7.06837],[4.30421,7.02694],[4.1515,6.99167],[4.14696,6.96435],[4.09151,6.89734],[4.04879,6.94054],[3.9688,6.91586],[3.93789,6.88059],[3.91153,6.87442],[3.89426,6.88677],[3.82882,6.86737],[3.76337,6.89205],[3.76156,6.94583],[3.79428,6.98903],[3.78246,7.02517],[3.82518,7.08248],[3.9388,7.08424],[3.99879,7.12656],[4.08878,7.13361]]]}},{"type":"Feature","properties":{"name":"Ndokwa West","id":"ndokwa-west"},"geometry":{"type":"Polygon","coordinates":[[[6.21122,5.62168],[6.18031,5.66488],[6.16668,5.72659],[6.20849,5.76274],[6.29666,5.76715],[6.37483,5.80153],[6.3621,5.85971],[6.3212,5.9223],[6.24394,5.96727],[6.25666,6.01664],[6.31938,6.0184],[6.36119,5.98931],[6.47936,5.9849],[6.443,5.90027],[6.47754,5.86941],[6.43664,5.79183],[6.43846,5.74334],[6.473,5.71425],[6.43482,5.68428],[6.32574,5.63755],[6.27757,5.62256],[6.21122,5.62168]]]}},{"type":"Feature","properties":{"name":"Ikeduru","id":"ikeduru"},"geometry":{"type":"Polygon","coordinates":[[[7.21108,5.59964],[7.21017,5.51148],[7.16654,5.48856],[7.07837,5.52383],[7.092,5.59171],[7.16108,5.6208],[7.21108,5.59964]]]}},{"type":"Feature","properties":{"name":"Okehi","id":"okehi"},"geometry":{"type":"Polygon","coordinates":[[[6.12214,7.68196],[6.17213,7.71458],[6.26848,7.70664],[6.26848,7.78246],[6.31575,7.83359],[6.34483,7.80803],[6.38665,7.81155],[6.52572,7.89971],[6.55753,7.90148],[6.61661,7.85916],[6.39846,7.69783],[6.36119,7.63964],[6.28666,7.5938],[6.21667,7.6176],[6.1894,7.57529],[6.13395,7.55237],[6.0985,7.58851],[6.12214,7.68196]]]}},{"type":"Feature","properties":{"name":"Yamaltu/Deba","id":"yamaltudeba"},"geometry":{"type":"Polygon","coordinates":[[[11.5223,10.56917],[11.5832,10.59385],[11.59956,10.53391],[11.66319,10.49688],[11.65501,10.45633],[11.60229,10.42723],[11.59683,10.39461],[11.55229,10.36817],[11.54684,10.30117],[11.58956,10.28265],[11.61228,10.22006],[11.68682,10.19009],[11.71045,10.17334],[11.75499,10.09135],[11.59774,10.06754],[11.53957,10.0217],[11.41686,10.07019],[11.33051,10.07901],[11.30415,10.1081],[11.28597,10.19538],[11.26597,10.22535],[11.19961,10.20772],[11.19871,10.28971],[11.18507,10.31263],[11.22416,10.34084],[11.27415,10.33996],[11.35141,10.3955],[11.39959,10.39021],[11.43958,10.44046],[11.40686,10.46514],[11.42504,10.51275],[11.48048,10.48366],[11.50957,10.5198],[11.5223,10.56917]]]}},{"type":"Feature","properties":{"name":"Emure","id":"emure"},"geometry":{"type":"Polygon","coordinates":[[[5.5404,7.51534],[5.58039,7.50652],[5.60584,7.47302],[5.59948,7.4501],[5.50404,7.3161],[5.46768,7.30199],[5.43223,7.38398],[5.4386,7.43952],[5.5404,7.51534]]]}},{"type":"Feature","properties":{"name":"Ikere","id":"ikere"},"geometry":{"type":"Polygon","coordinates":[[[5.32225,7.436],[5.19227,7.43688],[5.08592,7.45627],[5.10955,7.49683],[5.17227,7.54002],[5.25044,7.58851],[5.3277,7.56735],[5.30407,7.48448],[5.32225,7.436]]]}},{"type":"Feature","properties":{"name":"Oguta","id":"oguta"},"geometry":{"type":"Polygon","coordinates":[[[6.96929,5.56085],[6.9293,5.54234],[6.88839,5.52912],[6.82568,5.60141],[6.65843,5.62521],[6.66842,5.68957],[6.69478,5.74599],[6.75114,5.74951],[6.80113,5.78478],[6.84658,5.76626],[6.8284,5.74158],[6.91203,5.64989],[6.95475,5.62697],[6.96929,5.56085]]]}},{"type":"Feature","properties":{"name":"Konshisha","id":"konshisha"},"geometry":{"type":"Polygon","coordinates":[[[8.77631,7.18033],[8.8354,7.12127],[8.83358,7.07807],[8.89084,7.01283],[8.9472,6.97228],[8.99628,6.96258],[9.00537,6.88677],[8.98356,6.84798],[9.01446,6.81271],[9.01355,6.76422],[8.98719,6.73601],[8.99174,6.76951],[8.92357,6.82505],[8.83903,6.86913],[8.7036,6.89646],[8.66906,6.87002],[8.6027,6.84974],[8.5318,6.88324],[8.54725,6.92027],[8.51453,7.06485],[8.52726,7.12744],[8.51908,7.20237],[8.48363,7.2491],[8.51362,7.30728],[8.59543,7.34784],[8.63906,7.35665],[8.69451,7.24293],[8.73359,7.17857],[8.77631,7.18033]]]}},{"type":"Feature","properties":{"name":"Ejigbo","id":"ejigbo"},"geometry":{"type":"Polygon","coordinates":[[[4.37147,7.84858],[4.32602,7.80626],[4.33784,7.72516],[4.32057,7.70136],[4.26421,7.81244],[4.18695,7.81155],[4.13332,7.79392],[4.07515,7.82037],[4.0906,7.86004],[4.14696,7.84946],[4.2024,7.86886],[4.1915,7.91029],[4.27603,7.97112],[4.32784,7.93498],[4.37147,7.84858]]]}},{"type":"Feature","properties":{"name":"Gwer West","id":"gwer-west"},"geometry":{"type":"Polygon","coordinates":[[[8.02642,7.70312],[8.03823,7.73662],[8.08914,7.74896],[8.13549,7.7904],[8.21548,7.83448],[8.38546,7.76836],[8.39182,7.6846],[8.40637,7.64317],[8.39637,7.61937],[8.34001,7.60262],[8.32547,7.5603],[8.2582,7.48713],[8.27184,7.4598],[8.19549,7.43423],[8.13458,7.37517],[8.11095,7.42189],[8.09005,7.50564],[8.07641,7.61143],[8.06278,7.69078],[8.02642,7.70312]]]}},{"type":"Feature","properties":{"name":"Etung","id":"etung"},"geometry":{"type":"Polygon","coordinates":[[[8.59907,5.82621],[8.70269,5.84825],[8.7145,5.92759],[8.77904,5.93377],[8.79904,6.06512],[8.94811,6.0184],[8.99174,5.93465],[8.92993,5.90027],[8.86812,5.84561],[8.85267,5.74511],[8.80904,5.74511],[8.67724,5.65342],[8.57452,5.64284],[8.59907,5.82621]]]}},{"type":"Feature","properties":{"name":"Ekwusigo","id":"ekwusigo"},"geometry":{"type":"Polygon","coordinates":[[[6.7775,6.05631],[6.82113,6.0422],[6.87567,6.05543],[6.86203,5.99724],[6.8784,5.97696],[6.86749,5.93377],[6.82658,5.90644],[6.80113,5.92759],[6.80295,5.99107],[6.77659,6.01752],[6.7775,6.05631]]]}},{"type":"Feature","properties":{"name":"Ijero","id":"ijero"},"geometry":{"type":"Polygon","coordinates":[[[4.94685,7.90236],[5.02047,7.96054],[5.10046,7.93762],[5.0841,7.89266],[5.09773,7.84858],[5.14864,7.771],[5.10319,7.73662],[5.06228,7.75072],[5.02956,7.72957],[4.96775,7.79833],[4.98229,7.83183],[4.9423,7.85916],[4.94685,7.90236]]]}},{"type":"Feature","properties":{"name":"Ugwunagbo","id":"ugwunagbo"},"geometry":{"type":"Polygon","coordinates":[[[7.37924,5.08127],[7.39287,5.07598],[7.4265,5.02925],[7.41468,4.98077],[7.35197,4.99487],[7.29834,4.95696],[7.28288,4.99752],[7.30743,5.0654],[7.31833,5.0654],[7.36015,5.04071],[7.37924,5.08127]]]}},{"type":"Feature","properties":{"name":"Olorunda","id":"olorunda"},"geometry":{"type":"Polygon","coordinates":[[[4.66416,7.84153],[4.66052,7.78422],[4.60689,7.78687],[4.5369,7.79569],[4.53599,7.86004],[4.56872,7.93762],[4.62325,7.91117],[4.62325,7.85563],[4.66416,7.84153]]]}},{"type":"Feature","properties":{"name":"Nasarawa Egon","id":"nasarawa-egon"},"geometry":{"type":"Polygon","coordinates":[[[8.16822,8.58647],[8.19094,8.62438],[8.17276,8.71166],[8.18821,8.7575],[8.22094,8.77513],[8.22639,8.83861],[8.32092,8.80599],[8.36183,8.83949],[8.38182,8.88092],[8.42182,8.88621],[8.5218,8.87034],[8.50999,8.82626],[8.57998,8.8007],[8.61725,8.81745],[8.61088,8.76984],[8.67815,8.70813],[8.60725,8.65259],[8.57089,8.66317],[8.46636,8.65347],[8.40273,8.61116],[8.35092,8.61292],[8.24093,8.55297],[8.16822,8.58647]]]}},{"type":"Feature","properties":{"name":"Ede North","id":"ede-north"},"geometry":{"type":"Polygon","coordinates":[[[4.53963,7.65728],[4.3951,7.73045],[4.41692,7.77012],[4.45328,7.77453],[4.48146,7.74632],[4.51509,7.72163],[4.57781,7.71458],[4.53963,7.65728]]]}},{"type":"Feature","properties":{"name":"Afikpo South","id":"afikpo-south"},"geometry":{"type":"Polygon","coordinates":[[[7.85281,5.96727],[7.83735,5.94875],[7.86917,5.87734],[7.88735,5.86941],[7.89007,5.76979],[7.91643,5.74775],[7.89007,5.68516],[7.80372,5.74511],[7.78645,5.80505],[7.72464,5.81651],[7.68374,5.82269],[7.72737,5.90732],[7.76918,5.95492],[7.82281,5.97785],[7.85281,5.96727]]]}},{"type":"Feature","properties":{"name":"Oru West","id":"oru-west"},"geometry":{"type":"Polygon","coordinates":[[[6.93293,5.83062],[6.92748,5.80682],[6.95657,5.76362],[6.92475,5.74158],[6.94293,5.69662],[6.91203,5.64989],[6.8284,5.74158],[6.84658,5.76626],[6.88294,5.75128],[6.89021,5.80594],[6.93293,5.83062]]]}},{"type":"Feature","properties":{"name":"Anambra East","id":"anambra-east"},"geometry":{"type":"Polygon","coordinates":[[[6.80841,6.58967],[6.79932,6.67959],[6.86113,6.75365],[6.91021,6.69634],[6.9393,6.70339],[6.94202,6.62229],[6.90476,6.57116],[6.91112,6.51562],[6.89294,6.49269],[6.89203,6.41159],[6.95293,6.41952],[6.98747,6.30492],[6.96657,6.28288],[6.93112,6.29522],[6.8784,6.25026],[6.82022,6.23174],[6.80841,6.2053],[6.78568,6.20618],[6.78386,6.25555],[6.82568,6.29345],[6.82658,6.35957],[6.85476,6.40454],[6.83567,6.47859],[6.8584,6.55793],[6.80841,6.58967]]]}},{"type":"Feature","properties":{"name":"Vandeikya","id":"vandeikya"},"geometry":{"type":"Polygon","coordinates":[[[9.16262,6.94319],[9.18808,6.87178],[9.16353,6.83034],[9.19353,6.7704],[9.17262,6.72543],[9.18444,6.6937],[9.1708,6.68753],[9.07082,6.64256],[9.02719,6.6505],[8.98992,6.69193],[8.98719,6.73601],[9.01355,6.76422],[9.01446,6.81271],[8.98356,6.84798],[9.00537,6.88677],[8.99628,6.96258],[9.07445,6.97228],[9.14172,6.96699],[9.16262,6.94319]]]}},{"type":"Feature","properties":{"name":"Atakunmosa West","id":"atakunmosa-west"},"geometry":{"type":"Polygon","coordinates":[[[4.5269,7.61408],[4.53963,7.65728],[4.57781,7.71458],[4.61053,7.75249],[4.64598,7.73662],[4.66325,7.68813],[4.66234,7.63435],[4.7087,7.58763],[4.72324,7.53826],[4.78232,7.55677],[4.76596,7.50388],[4.71688,7.50476],[4.64598,7.44481],[4.61326,7.50564],[4.58599,7.57352],[4.5269,7.61408]]]}},{"type":"Feature","properties":{"name":"Ogbaru","id":"ogbaru"},"geometry":{"type":"Polygon","coordinates":[[[6.7575,6.13477],[6.79023,6.13212],[6.80568,6.12154],[6.81295,6.09333],[6.7775,6.05631],[6.77659,6.01752],[6.80295,5.99107],[6.80113,5.92759],[6.74205,5.87382],[6.80113,5.78478],[6.75114,5.74951],[6.69478,5.74599],[6.66842,5.68957],[6.60207,5.6878],[6.63934,5.73982],[6.65115,5.8174],[6.67388,5.8888],[6.70024,5.92936],[6.71933,5.99636],[6.72569,6.04044],[6.70478,6.08099],[6.7575,6.13477]]]}},{"type":"Feature","properties":{"name":"Ikwuano","id":"ikwuano"},"geometry":{"type":"Polygon","coordinates":[[[7.65829,5.44625],[7.62193,5.38806],[7.66647,5.34663],[7.62193,5.31753],[7.57194,5.32459],[7.53921,5.29461],[7.52649,5.30343],[7.51013,5.43126],[7.52921,5.47975],[7.57103,5.50355],[7.65829,5.44625]]]}},{"type":"Feature","properties":{"name":"Keffi","id":"keffi"},"geometry":{"type":"Polygon","coordinates":[[[7.8628,8.92324],[7.89371,8.9012],[7.8928,8.79717],[7.84281,8.75045],[7.78372,8.76015],[7.77554,8.83244],[7.78827,8.88886],[7.8628,8.92324]]]}},{"type":"Feature","properties":{"name":"Adavi","id":"adavi"},"geometry":{"type":"Polygon","coordinates":[[[6.29757,7.53385],[6.1894,7.57529],[6.21667,7.6176],[6.28666,7.5938],[6.36119,7.63964],[6.39846,7.69783],[6.61661,7.85916],[6.66024,7.84417],[6.71024,7.78687],[6.68842,7.7807],[6.54299,7.68637],[6.5039,7.62995],[6.43482,7.60967],[6.40301,7.53209],[6.32756,7.54796],[6.29757,7.53385]]]}},{"type":"Feature","properties":{"name":"Oru East","id":"oru-east"},"geometry":{"type":"Polygon","coordinates":[[[7.0102,5.64989],[6.95475,5.62697],[6.91203,5.64989],[6.94293,5.69662],[6.92475,5.74158],[6.95657,5.76362],[6.92748,5.80682],[6.98202,5.79447],[6.98111,5.77684],[6.97475,5.7116],[7.00292,5.6975],[7.00201,5.68516],[7.0102,5.64989]]]}},{"type":"Feature","properties":{"name":"Remo North","id":"remo-north"},"geometry":{"type":"Polygon","coordinates":[[[3.82518,7.08248],[3.78246,7.02517],[3.79428,6.98903],[3.76156,6.94583],[3.71792,6.91938],[3.64612,6.98991],[3.69611,7.06308],[3.72611,7.086],[3.82518,7.08248]]]}},{"type":"Feature","properties":{"name":"Karu","id":"karu"},"geometry":{"type":"Polygon","coordinates":[[[7.55285,8.76191],[7.59466,8.85624],[7.58921,9.10132],[7.5883,9.12865],[7.66738,9.30409],[7.72373,9.32965],[7.79281,9.27588],[7.8728,9.28998],[7.91916,9.31731],[7.94098,9.31378],[8.06096,9.26618],[8.08732,9.23091],[8.07096,9.15422],[8.02824,9.12865],[7.9737,9.06429],[7.94643,9.06165],[7.8928,9.01757],[7.8628,8.92324],[7.78827,8.88886],[7.77554,8.83244],[7.78372,8.76015],[7.84281,8.75045],[7.8928,8.79717],[7.92461,8.7672],[7.93552,8.72312],[7.90371,8.67992],[7.90007,8.64378],[7.76009,8.71783],[7.72737,8.69314],[7.6801,8.70284],[7.65738,8.74075],[7.55285,8.76191]]]}},{"type":"Feature","properties":{"name":"Ikenne","id":"ikenne"},"geometry":{"type":"Polygon","coordinates":[[[3.69156,6.79244],[3.69156,6.83475],[3.61248,6.90969],[3.58703,6.90528],[3.59158,6.952],[3.64612,6.98991],[3.71792,6.91938],[3.76156,6.94583],[3.76337,6.89205],[3.73701,6.87707],[3.69156,6.79244]]]}},{"type":"Feature","properties":{"name":"Ila","id":"ila"},"geometry":{"type":"Polygon","coordinates":[[[4.99866,8.03019],[4.97048,7.98082],[4.92321,7.95173],[4.94594,7.90148],[4.9223,7.8618],[4.86504,7.84153],[4.84322,7.86357],[4.87231,7.88384],[4.89322,7.9341],[4.84595,7.98699],[4.80959,7.99669],[4.80868,8.06193],[4.85413,8.09543],[4.92685,8.07956],[4.97048,8.03283],[4.99866,8.03019]]]}},{"type":"Feature","properties":{"name":"Doma","id":"doma"},"geometry":{"type":"Polygon","coordinates":[[[8.21548,7.83448],[8.11368,7.86357],[8.04096,7.89619],[8.02187,7.94467],[7.98733,7.97465],[7.98461,8.0249],[8.01278,8.08044],[8.03914,8.09454],[8.04823,8.14303],[8.02642,8.18094],[8.04369,8.25323],[8.07368,8.28938],[8.07459,8.33875],[8.18367,8.42161],[8.14731,8.46922],[8.22275,8.48421],[8.24093,8.50801],[8.33092,8.48333],[8.41182,8.47275],[8.46636,8.41633],[8.49999,8.40486],[8.50908,8.26117],[8.52089,8.18447],[8.51271,8.15802],[8.46636,8.13951],[8.39091,8.07868],[8.37092,8.04606],[8.34819,7.92792],[8.38909,7.89266],[8.41545,7.80009],[8.38546,7.76836],[8.21548,7.83448]]]}},{"type":"Feature","properties":{"name":"Nafada","id":"nafada"},"geometry":{"type":"Polygon","coordinates":[[[10.98146,11.17923],[11.07781,11.28678],[11.09145,11.22595],[11.18234,11.19863],[11.22416,11.16513],[11.2487,11.18364],[11.34141,11.16336],[11.39141,11.09019],[11.37868,11.03994],[11.33141,11.00908],[11.32232,10.965],[11.34323,10.92886],[11.34505,10.87156],[11.36414,10.83982],[11.3405,10.79574],[11.24506,10.80103],[11.20507,10.81249],[11.21779,10.85657],[11.10235,10.93327],[11.12144,11.00556],[11.05509,11.08931],[11.016,11.10782],[11.00873,11.14926],[10.98146,11.17923]]]}},{"type":"Feature","properties":{"name":"Gwer East","id":"gwer-east"},"geometry":{"type":"Polygon","coordinates":[[[8.69633,7.6608],[8.76813,7.65287],[8.75632,7.55854],[8.64724,7.48889],[8.65451,7.41748],[8.63906,7.35665],[8.59543,7.34784],[8.51362,7.30728],[8.48363,7.2491],[8.51908,7.20237],[8.52726,7.12744],[8.51453,7.06485],[8.42273,7.0525],[8.40546,7.10364],[8.36001,7.11951],[8.25639,7.12568],[8.23457,7.17593],[8.22003,7.27114],[8.13458,7.37517],[8.19549,7.43423],[8.27184,7.4598],[8.2582,7.48713],[8.32547,7.5603],[8.34001,7.60262],[8.39637,7.61937],[8.40637,7.64317],[8.45181,7.57881],[8.52362,7.5506],[8.60179,7.57],[8.69633,7.6608]]]}},{"type":"Feature","properties":{"name":"Efon","id":"efon"},"geometry":{"type":"Polygon","coordinates":[[[4.88685,7.68989],[4.91594,7.80274],[4.9723,7.76307],[4.97411,7.70753],[5.01684,7.66609],[4.98502,7.60967],[4.93776,7.6176],[4.9123,7.5462],[4.86413,7.62289],[4.88685,7.68989]]]}},{"type":"Feature","properties":{"name":"Ihitte/Uboma","id":"ihitteuboma"},"geometry":{"type":"Polygon","coordinates":[[[7.30561,5.58554],[7.30288,5.60141],[7.33651,5.61551],[7.36378,5.70014],[7.38196,5.70543],[7.39287,5.68868],[7.43196,5.60934],[7.42559,5.58554],[7.35651,5.60581],[7.30561,5.58554]]]}},{"type":"Feature","properties":{"name":"Ekiti West","id":"ekiti-west"},"geometry":{"type":"Polygon","coordinates":[[[4.94594,7.90148],[4.94685,7.90236],[4.9423,7.85916],[4.98229,7.83183],[4.96775,7.79833],[5.02956,7.72957],[5.06228,7.75072],[5.10319,7.73662],[5.11591,7.69871],[5.10228,7.63612],[5.08319,7.61584],[5.07592,7.54091],[5.03501,7.5365],[4.97502,7.56118],[4.91958,7.52151],[4.9123,7.5462],[4.93776,7.6176],[4.98502,7.60967],[5.01684,7.66609],[4.97411,7.70753],[4.9723,7.76307],[4.91594,7.80274],[4.9223,7.8618],[4.94594,7.90148]]]}},{"type":"Feature","properties":{"name":"Atisbo","id":"atisbo"},"geometry":{"type":"Polygon","coordinates":[[[2.86986,8.2594],[2.74624,8.22855],[2.70988,8.3264],[2.72443,8.43131],[2.77078,8.43572],[2.81987,8.46746],[2.95803,8.50889],[3.05256,8.50184],[3.14528,8.44013],[3.19891,8.44365],[3.21345,8.50801],[3.27435,8.53446],[3.33525,8.523],[3.36161,8.58471],[3.43251,8.56972],[3.44342,8.55121],[3.5325,8.58559],[3.5834,8.55473],[3.5934,8.49302],[3.67248,8.45776],[3.68611,8.43219],[3.81064,8.5468],[3.87427,8.55385],[3.93153,8.46922],[3.90426,8.37313],[3.857,8.32728],[3.797,8.34227],[3.68793,8.40575],[3.55886,8.39693],[3.47796,8.36167],[3.47887,8.33434],[3.36161,8.30965],[3.25163,8.37048],[3.19527,8.37665],[3.18436,8.34051],[3.06711,8.31582],[2.98166,8.33081],[2.92803,8.35285],[2.86804,8.3123],[2.86986,8.2594]]]}},{"type":"Feature","properties":{"name":"Isu","id":"isu"},"geometry":{"type":"Polygon","coordinates":[[[7.09836,5.72924],[7.07928,5.71866],[7.08928,5.67017],[7.08109,5.64813],[7.02928,5.64989],[7.00201,5.68516],[7.00292,5.6975],[7.06292,5.73629],[7.07655,5.73453],[7.09836,5.72924]]]}},{"type":"Feature","properties":{"name":"Ogbadibo","id":"ogbadibo"},"geometry":{"type":"Polygon","coordinates":[[[7.68828,6.85238],[7.65829,6.86825],[7.62011,6.91938],[7.57739,6.93261],[7.55557,6.98021],[7.53012,7.03223],[7.61102,7.02694],[7.60193,7.09041],[7.64283,7.1583],[7.7101,7.18298],[7.74009,7.16447],[7.77282,7.09041],[7.76373,7.00931],[7.68556,6.90352],[7.71192,6.8612],[7.68828,6.85238]]]}},{"type":"Feature","properties":{"name":"Atakunmosa East","id":"atakunmosa-east"},"geometry":{"type":"Polygon","coordinates":[[[4.84504,7.37517],[4.75505,7.36106],[4.74506,7.31346],[4.71233,7.3161],[4.66507,7.38486],[4.67052,7.40426],[4.64598,7.44481],[4.71688,7.50476],[4.76596,7.50388],[4.78232,7.55677],[4.8205,7.56823],[4.84959,7.48801],[4.82686,7.39985],[4.84504,7.37517]]]}},{"type":"Feature","properties":{"name":"Akwanga","id":"akwanga"},"geometry":{"type":"Polygon","coordinates":[[[8.15549,9.04137],[8.19185,9.05283],[8.23275,9.10485],[8.2582,9.18331],[8.34546,9.19389],[8.38728,9.17537],[8.47363,9.07311],[8.50453,9.0017],[8.52998,8.88092],[8.5218,8.87034],[8.42182,8.88621],[8.38182,8.88092],[8.36183,8.83949],[8.32092,8.80599],[8.22639,8.83861],[8.23548,8.90296],[8.1864,8.95233],[8.17822,9.01933],[8.15549,9.04137]]]}},{"type":"Feature","properties":{"name":"Rafi","id":"rafi"},"geometry":{"type":"Polygon","coordinates":[[[6.09214,10.52156],[6.1585,10.50041],[6.17486,10.44222],[6.17304,10.38051],[6.23576,10.38492],[6.25485,10.42723],[6.28575,10.41401],[6.3212,10.4431],[6.31575,10.48013],[6.38301,10.54008],[6.4021,10.57446],[6.49481,10.61589],[6.5239,10.59474],[6.54026,10.54537],[6.55844,10.4625],[6.55117,10.39109],[6.49118,10.2994],[6.42846,10.31175],[6.36392,10.2562],[6.37665,10.20684],[6.41573,10.20595],[6.45845,10.12397],[6.47845,10.14336],[6.52572,10.11339],[6.54935,10.05168],[6.55935,9.98468],[6.50208,9.95029],[6.49754,9.89563],[6.43118,9.8542],[6.3412,9.91062],[6.30938,9.89563],[6.23485,9.89387],[6.19394,9.88241],[6.13759,9.81276],[6.08123,9.80924],[5.97216,9.77486],[5.84945,9.79249],[5.85581,9.81188],[5.95034,9.92473],[5.98034,9.94236],[6.00397,10.00231],[5.99943,10.07019],[6.02488,10.19538],[6.01851,10.22888],[6.05851,10.29764],[6.04487,10.31439],[6.0376,10.39726],[6.05396,10.45368],[6.08214,10.46867],[6.09214,10.52156]]]}},{"type":"Feature","properties":{"name":"Odukpani","id":"odukpani"},"geometry":{"type":"Polygon","coordinates":[[[8.39637,5.12623],[8.36819,5.07862],[8.36274,5.03454],[8.29365,5.04071],[8.30183,4.98694],[8.22275,4.93404],[8.19549,4.95432],[8.16094,4.96931],[8.1255,4.98165],[8.09823,5.04336],[8.09914,5.10683],[8.08368,5.12535],[8.0655,5.19852],[8.01642,5.24701],[7.98006,5.20733],[7.9437,5.24524],[7.9228,5.29461],[7.8419,5.33605],[7.88007,5.3669],[7.97733,5.35456],[7.98642,5.37043],[7.91371,5.52383],[7.99279,5.55556],[8.00642,5.39952],[8.04187,5.34574],[8.06005,5.27257],[8.10004,5.27257],[8.16185,5.30784],[8.17367,5.24172],[8.22639,5.21174],[8.26548,5.24436],[8.33456,5.20733],[8.41364,5.19587],[8.39637,5.12623]]]}},{"type":"Feature","properties":{"name":"Gbako","id":"gbako"},"geometry":{"type":"Polygon","coordinates":[[[6.20122,9.46189],[6.1585,9.4469],[6.16668,9.39048],[6.14304,9.24943],[6.22121,9.23091],[6.14304,9.13923],[6.12577,9.0784],[6.05487,9.08986],[5.9967,9.13482],[5.91035,9.15862],[5.83763,9.1313],[5.83036,9.17185],[5.83309,9.23356],[5.86217,9.36932],[5.8958,9.41869],[5.91217,9.50156],[5.95125,9.55093],[5.98943,9.55358],[6.03669,9.53066],[6.09578,9.55887],[6.1894,9.51214],[6.20122,9.46189]]]}},{"type":"Feature","properties":{"name":"Ukwuani","id":"ukwuani"},"geometry":{"type":"Polygon","coordinates":[[[6.16668,5.72659],[6.14941,5.75568],[6.15213,5.80505],[6.12123,5.83944],[6.20122,5.89674],[6.24394,5.96727],[6.3212,5.9223],[6.3621,5.85971],[6.37483,5.80153],[6.29666,5.76715],[6.20849,5.76274],[6.16668,5.72659]]]}},{"type":"Feature","properties":{"name":"Awka South","id":"awka-south"},"geometry":{"type":"Polygon","coordinates":[[[7.13836,6.21147],[7.15108,6.17797],[7.07655,6.11714],[7.01201,6.14094],[7.01656,6.16827],[7.02928,6.23615],[7.08928,6.27053],[7.13836,6.21147]]]}},{"type":"Feature","properties":{"name":"Gurara","id":"gurara"},"geometry":{"type":"Polygon","coordinates":[[[7.092,9.21064],[7.03019,9.25736],[7.01565,9.26882],[6.78841,9.27059],[6.72387,9.2891],[6.72296,9.35257],[6.7975,9.37109],[6.85567,9.3993],[6.93839,9.37197],[7.03928,9.38784],[7.10473,9.45396],[7.10018,9.47688],[7.21926,9.49275],[7.20108,9.46013],[7.23198,9.31731],[7.23744,9.27323],[7.20744,9.24767],[7.19108,9.28381],[7.15018,9.27059],[7.092,9.21064]]]}},{"type":"Feature","properties":{"name":"Kontagora","id":"kontagora"},"geometry":{"type":"Polygon","coordinates":[[[5.16772,10.28353],[5.19317,10.33202],[5.24499,10.362],[5.30861,10.34877],[5.34043,10.37169],[5.35497,10.41401],[5.3277,10.47837],[5.32225,10.55595],[5.34406,10.61942],[5.40678,10.55947],[5.46223,10.56124],[5.50859,10.60443],[5.52949,10.6873],[5.5704,10.70317],[5.59948,10.67849],[5.62221,10.60091],[5.67311,10.54008],[5.6922,10.32938],[5.66311,10.29852],[5.71674,10.23681],[5.65129,10.21477],[5.5404,10.21653],[5.45677,10.19449],[5.40678,10.24651],[5.32588,10.24298],[5.16772,10.28353]]]}},{"type":"Feature","properties":{"name":"Mashegu","id":"mashegu"},"geometry":{"type":"Polygon","coordinates":[[[5.5813,9.70257],[5.51586,9.70433],[5.48041,9.79513],[5.43132,9.80219],[5.35588,9.69022],[5.29225,9.67083],[5.25589,9.58972],[5.21681,9.56856],[5.15227,9.56856],[5.13864,9.52801],[5.22135,9.50862],[5.1859,9.46894],[5.06865,9.42222],[5.02047,9.38872],[4.94594,9.3561],[4.86595,9.36932],[4.82323,9.42663],[4.84959,9.49363],[4.82323,9.55358],[4.69779,9.61529],[4.56781,9.59942],[4.63325,9.74047],[4.63871,9.79425],[4.62144,9.81894],[4.68415,9.89475],[4.69415,9.93531],[4.73687,9.97586],[4.79414,9.99878],[4.86413,9.95823],[4.90412,9.98468],[4.91321,10.10281],[4.92867,10.16452],[4.97866,10.1989],[5.10864,10.2324],[5.16772,10.28353],[5.32588,10.24298],[5.40678,10.24651],[5.45677,10.19449],[5.5404,10.21653],[5.65129,10.21477],[5.71674,10.23681],[5.75764,10.18568],[5.80763,10.16187],[5.87853,10.16628],[5.93398,10.13719],[5.99943,10.07019],[6.00397,10.00231],[5.98034,9.94236],[5.95034,9.92473],[5.85581,9.81188],[5.84945,9.79249],[5.79945,9.71315],[5.71038,9.74047],[5.66584,9.72637],[5.58676,9.72901],[5.5813,9.70257]]]}},{"type":"Feature","properties":{"name":"Wushishi","id":"wushishi"},"geometry":{"type":"Polygon","coordinates":[[[5.91217,9.50156],[5.8649,9.4901],[5.82036,9.5095],[5.79855,9.48217],[5.74219,9.52625],[5.70765,9.61088],[5.6013,9.67964],[5.5813,9.70257],[5.58676,9.72901],[5.66584,9.72637],[5.71038,9.74047],[5.79945,9.71315],[5.84945,9.79249],[5.97216,9.77486],[6.08123,9.80924],[6.13759,9.81276],[6.19394,9.88241],[6.23485,9.89387],[6.3012,9.81541],[6.30393,9.77574],[6.28302,9.70345],[6.21667,9.7105],[6.18304,9.57826],[6.22121,9.5333],[6.1894,9.51214],[6.09578,9.55887],[6.03669,9.53066],[5.98943,9.55358],[5.95125,9.55093],[5.91217,9.50156]]]}},{"type":"Feature","properties":{"name":"Shiroro","id":"shiroro"},"geometry":{"type":"Polygon","coordinates":[[[6.54026,10.54537],[6.64752,10.59385],[6.73114,10.5965],[6.71933,10.64322],[6.80295,10.64322],[6.82931,10.62471],[6.84204,10.5727],[6.91294,10.53831],[6.95384,10.48189],[6.92293,10.38227],[6.93384,10.36111],[7.02019,10.35406],[7.0511,10.31703],[7.0102,10.25003],[6.9702,10.2324],[6.95475,10.19185],[6.92112,10.19097],[6.88567,10.15041],[6.90112,10.07636],[6.8684,9.96264],[6.84749,9.92296],[6.86022,9.77574],[6.87476,9.74665],[6.8284,9.70962],[6.84658,9.63292],[6.84658,9.5333],[6.7775,9.55887],[6.68297,9.53242],[6.62207,9.53947],[6.65388,9.59854],[6.64025,9.67876],[6.57844,9.72196],[6.56208,9.76075],[6.60934,9.78279],[6.5948,9.83216],[6.6157,9.86125],[6.49754,9.89563],[6.50208,9.95029],[6.55935,9.98468],[6.54935,10.05168],[6.52572,10.11339],[6.47845,10.14336],[6.45845,10.12397],[6.41573,10.20595],[6.37665,10.20684],[6.36392,10.2562],[6.42846,10.31175],[6.49118,10.2994],[6.55117,10.39109],[6.55844,10.4625],[6.54026,10.54537]]]}},{"type":"Feature","properties":{"name":"Borgu","id":"borgu"},"geometry":{"type":"Polygon","coordinates":[[[3.797,10.06578],[3.77155,10.04727],[3.73065,10.06843],[3.68429,10.15659],[3.58158,10.2756],[3.63703,10.41136],[3.70611,10.44751],[3.79337,10.40519],[3.85518,10.58504],[3.84882,10.68289],[3.75428,10.79486],[3.7461,10.82042],[3.77519,10.89888],[3.76974,10.92004],[3.80246,10.94649],[3.93244,10.94296],[3.99334,11.01614],[4.1006,11.02672],[4.22513,11.01966],[4.27694,10.95442],[4.31421,10.95002],[4.33602,10.91828],[4.31239,10.84511],[4.28603,10.8213],[4.36238,10.75695],[4.34238,10.68642],[4.3442,10.63264],[4.30966,10.55418],[4.4051,10.5436],[4.49873,10.59209],[4.50963,10.53479],[4.47964,10.42106],[4.49054,10.31439],[4.55963,10.26767],[4.56781,10.2227],[4.52781,10.14336],[4.52963,10.10016],[4.57053,10.06931],[4.58599,10.03404],[4.57235,9.97586],[4.59508,9.87007],[4.62144,9.81894],[4.63871,9.79425],[4.63325,9.74047],[4.56781,9.59942],[4.54781,9.55975],[4.57144,9.49539],[4.61144,9.42839],[4.60962,9.36139],[4.50145,9.44073],[4.44328,9.5095],[4.35056,9.58796],[4.28239,9.69463],[4.1715,9.81982],[4.15241,9.86213],[4.09515,9.878],[4.08333,9.85155],[4.02152,9.85684],[4.00243,9.90621],[3.93426,9.92737],[3.9488,9.99173],[3.89063,10.01553],[3.86427,10.04991],[3.797,10.06578]]]}},{"type":"Feature","properties":{"name":"Lapai","id":"lapai"},"geometry":{"type":"Polygon","coordinates":[[[6.40846,8.60322],[6.46754,8.57942],[6.50118,8.58735],[6.53572,8.62791],[6.54662,8.6905],[6.53299,8.73546],[6.57571,8.78659],[6.59843,8.85359],[6.57935,8.93294],[6.5948,8.97966],[6.54571,9.06694],[6.54662,9.10837],[6.52481,9.17714],[6.53572,9.22122],[6.56753,9.23268],[6.68206,9.21945],[6.72387,9.2891],[6.78841,9.27059],[6.78023,8.5803],[6.78477,8.45776],[6.82749,8.45776],[6.83749,8.39693],[6.8075,8.34227],[6.77205,8.33522],[6.76114,8.27263],[6.71842,8.24353],[6.69115,8.1827],[6.59934,8.32464],[6.5039,8.4128],[6.453,8.44806],[6.40846,8.60322]]]}},{"type":"Feature","properties":{"name":"Akoko South West","id":"akoko-south-west"},"geometry":{"type":"Polygon","coordinates":[[[5.82309,7.49594],[5.84672,7.39456],[5.69674,7.30288],[5.66947,7.30023],[5.64857,7.30817],[5.50404,7.3161],[5.59948,7.4501],[5.60584,7.47302],[5.61039,7.48448],[5.74492,7.4836],[5.82309,7.49594]]]}},{"type":"Feature","properties":{"name":"Rijau","id":"rijau"},"geometry":{"type":"Polygon","coordinates":[[[5.33316,11.35643],[5.34861,11.3388],[5.40405,11.14661],[5.38678,11.09195],[5.3886,11.03729],[5.43041,10.99057],[5.43041,10.96412],[5.38133,10.9412],[5.35588,10.87684],[5.36588,10.81513],[5.35497,10.78251],[5.23771,10.70934],[5.14954,10.7499],[5.10137,10.76136],[5.10864,10.79574],[5.04683,10.82483],[5.02502,10.89007],[5.07592,10.91563],[5.08137,10.9509],[5.04047,11.05228],[4.99593,11.05404],[4.97957,11.08049],[4.90867,11.08226],[4.83959,11.11399],[4.80232,11.11399],[4.74596,11.14749],[4.70324,11.2286],[4.71233,11.29736],[4.79141,11.32646],[4.86777,11.35819],[4.89776,11.38729],[4.95866,11.36965],[4.98866,11.31323],[5.00502,11.25769],[5.04592,11.27268],[5.07137,11.23742],[5.23317,11.21802],[5.24953,11.30971],[5.33316,11.35643]]]}},{"type":"Feature","properties":{"name":"Chanchaga","id":"chanchaga"},"geometry":{"type":"Polygon","coordinates":[[[6.57207,9.57209],[6.50936,9.56239],[6.49572,9.58267],[6.51299,9.66907],[6.57207,9.63292],[6.57207,9.57209]]]}},{"type":"Feature","properties":{"name":"Mariga","id":"mariga"},"geometry":{"type":"Polygon","coordinates":[[[5.43041,10.99057],[5.5004,10.97558],[5.55676,10.94737],[5.58494,10.96677],[5.63675,10.965],[5.72946,10.9985],[5.80036,11.08226],[5.86763,11.10694],[5.91489,11.14485],[5.97761,11.16689],[6.01579,11.1378],[6.04669,11.05404],[6.11305,11.0611],[6.16304,11.04258],[6.26666,10.96589],[6.2094,10.90153],[6.16486,10.89271],[6.16304,10.85657],[6.12305,10.84511],[6.0985,10.70141],[6.13759,10.67937],[6.11487,10.60531],[6.12486,10.55418],[6.09214,10.52156],[6.08214,10.46867],[6.05396,10.45368],[6.0376,10.39726],[6.04487,10.31439],[6.05851,10.29764],[6.01851,10.22888],[6.02488,10.19538],[5.99943,10.07019],[5.93398,10.13719],[5.87853,10.16628],[5.80763,10.16187],[5.75764,10.18568],[5.71674,10.23681],[5.66311,10.29852],[5.6922,10.32938],[5.67311,10.54008],[5.62221,10.60091],[5.59948,10.67849],[5.5704,10.70317],[5.52949,10.6873],[5.50859,10.60443],[5.46223,10.56124],[5.40678,10.55947],[5.34406,10.61942],[5.31316,10.63529],[5.29589,10.67937],[5.23771,10.70934],[5.35497,10.78251],[5.36588,10.81513],[5.35588,10.87684],[5.38133,10.9412],[5.43041,10.96412],[5.43041,10.99057]]]}},{"type":"Feature","properties":{"name":"Munya","id":"munya"},"geometry":{"type":"Polygon","coordinates":[[[7.2538,10.03933],[7.27743,10.01641],[7.29652,9.87007],[7.29288,9.811],[7.21017,9.78015],[7.20471,9.75811],[7.142,9.73959],[7.2029,9.66113],[7.15381,9.61617],[7.07291,9.6576],[7.02019,9.55446],[6.98384,9.56504],[6.9502,9.52096],[6.84658,9.5333],[6.84658,9.63292],[6.8284,9.70962],[6.87476,9.74665],[6.86022,9.77574],[6.84749,9.92296],[6.8684,9.96264],[6.90112,10.07636],[6.95202,10.04727],[7.06473,10.04286],[7.10564,10.02611],[7.2538,10.03933]]]}},{"type":"Feature","properties":{"name":"Bosso","id":"bosso"},"geometry":{"type":"Polygon","coordinates":[[[6.47663,9.44073],[6.39483,9.36756],[6.28939,9.42486],[6.23576,9.46718],[6.20122,9.46189],[6.1894,9.51214],[6.22121,9.5333],[6.18304,9.57826],[6.21667,9.7105],[6.28302,9.70345],[6.30393,9.77574],[6.3012,9.81541],[6.23485,9.89387],[6.30938,9.89563],[6.3412,9.91062],[6.43118,9.8542],[6.49754,9.89563],[6.6157,9.86125],[6.5948,9.83216],[6.60934,9.78279],[6.56208,9.76075],[6.57844,9.72196],[6.64025,9.67876],[6.65388,9.59854],[6.62207,9.53947],[6.49663,9.51302],[6.47663,9.44073]],[[6.57207,9.57209],[6.57207,9.63292],[6.51299,9.66907],[6.49572,9.58267],[6.50936,9.56239],[6.57207,9.57209]]]}},{"type":"Feature","properties":{"name":"Suleja","id":"suleja"},"geometry":{"type":"Polygon","coordinates":[[[7.17926,9.14452],[7.092,9.21064],[7.15018,9.27059],[7.19108,9.28381],[7.20744,9.24767],[7.17926,9.14452]]]}},{"type":"Feature","properties":{"name":"Paikoro","id":"paikoro"},"geometry":{"type":"Polygon","coordinates":[[[7.20471,9.75811],[7.27652,9.69022],[7.30561,9.62763],[7.2338,9.56504],[7.25107,9.52096],[7.21926,9.49275],[7.10018,9.47688],[7.10473,9.45396],[7.03928,9.38784],[6.93839,9.37197],[6.85567,9.3993],[6.7975,9.37109],[6.72296,9.35257],[6.72387,9.2891],[6.68206,9.21945],[6.56753,9.23268],[6.53572,9.22122],[6.48754,9.29615],[6.50663,9.37638],[6.47663,9.44073],[6.49663,9.51302],[6.62207,9.53947],[6.68297,9.53242],[6.7775,9.55887],[6.84658,9.5333],[6.9502,9.52096],[6.98384,9.56504],[7.02019,9.55446],[7.07291,9.6576],[7.15381,9.61617],[7.2029,9.66113],[7.142,9.73959],[7.20471,9.75811]]]}},{"type":"Feature","properties":{"name":"Kanke","id":"kanke"},"geometry":{"type":"Polygon","coordinates":[[[9.4844,9.47512],[9.56893,9.47247],[9.57711,9.52272],[9.60983,9.54741],[9.64801,9.52272],[9.76072,9.53859],[9.77436,9.38431],[9.75981,9.36932],[9.78345,9.29351],[9.78708,9.26882],[9.68891,9.24326],[9.66983,9.28381],[9.62074,9.25384],[9.56802,9.1983],[9.51348,9.1789],[9.46258,9.2124],[9.44713,9.25119],[9.52076,9.26706],[9.53712,9.41869],[9.4844,9.47512]]]}},{"type":"Feature","properties":{"name":"Jos North","id":"jos-north"},"geometry":{"type":"Polygon","coordinates":[[[8.93902,10.02699],[8.9772,9.98732],[8.96901,9.96616],[8.99174,9.88946],[8.98174,9.86037],[8.91175,9.87095],[8.89084,9.90004],[8.83085,9.88241],[8.80358,9.90533],[8.82449,9.95911],[8.90266,10.02258],[8.93902,10.02699]]]}},{"type":"Feature","properties":{"name":"Jos East","id":"jos-east"},"geometry":{"type":"Polygon","coordinates":[[[9.2717,9.84627],[9.21898,9.77309],[9.15717,9.74047],[9.10718,9.72108],[9.08627,9.68934],[9.04991,9.68758],[9.02264,9.74753],[8.98538,9.75017],[8.98356,9.80307],[8.95265,9.81629],[8.98174,9.86037],[8.99174,9.88946],[8.96901,9.96616],[8.9772,9.98732],[9.08536,10.02523],[9.12808,10.05873],[9.21444,10.01729],[9.23171,9.86125],[9.2717,9.84627]]]}},{"type":"Feature","properties":{"name":"Oredo","id":"oredo"},"geometry":{"type":"Polygon","coordinates":[[[5.64493,6.37015],[5.62948,6.31902],[5.6322,6.25819],[5.61766,6.22205],[5.57585,6.21323],[5.51586,6.09245],[5.46405,6.09862],[5.48041,6.17973],[5.52858,6.27759],[5.60584,6.35605],[5.64493,6.37015]]]}},{"type":"Feature","properties":{"name":"Patani","id":"patani"},"geometry":{"type":"Polygon","coordinates":[[[5.98125,5.13064],[5.98852,5.18441],[6.07123,5.20822],[6.16122,5.23555],[6.2203,5.23907],[6.20213,5.17912],[6.12941,5.12887],[6.06942,5.14122],[6.06215,5.10331],[6.0276,5.09537],[5.98125,5.13064]]]}},{"type":"Feature","properties":{"name":"Shendam","id":"shendam"},"geometry":{"type":"Polygon","coordinates":[[[9.75709,8.36696],[9.66437,8.38282],[9.61711,8.37225],[9.60165,8.39252],[9.46985,8.43131],[9.35532,8.48333],[9.35351,8.51242],[9.40168,8.61821],[9.34533,8.65083],[9.33624,8.68874],[9.35078,8.73987],[9.34533,8.78836],[9.35805,8.84213],[9.33987,8.90473],[9.35532,8.94087],[9.32169,9.00435],[9.32624,9.10837],[9.40532,9.09779],[9.37441,8.9779],[9.45167,8.9876],[9.52439,8.95145],[9.58347,8.96908],[9.57984,8.93029],[9.64528,8.9206],[9.75618,8.9444],[9.78526,8.88974],[9.77436,8.80511],[9.75072,8.7575],[9.69164,8.74692],[9.65437,8.67375],[9.65983,8.57413],[9.70528,8.46393],[9.75709,8.36696]]]}},{"type":"Feature","properties":{"name":"Egor","id":"egor"},"geometry":{"type":"Polygon","coordinates":[[[5.64129,6.41423],[5.64493,6.37015],[5.60584,6.35605],[5.52858,6.27759],[5.52767,6.34194],[5.57494,6.40013],[5.64129,6.41423]]]}},{"type":"Feature","properties":{"name":"Langtang North","id":"langtang-north"},"geometry":{"type":"Polygon","coordinates":[[[9.68891,9.24326],[9.78708,9.26882],[9.78345,9.29351],[9.8798,9.25913],[9.88525,9.22386],[9.9307,9.20888],[9.9107,9.14099],[9.93888,9.10573],[9.90888,9.05548],[9.86616,9.03432],[9.88162,9.00082],[9.88889,8.89415],[9.87253,8.8007],[9.83253,8.82098],[9.77436,8.80511],[9.78526,8.88974],[9.84253,8.97878],[9.7889,9.01228],[9.76345,9.00875],[9.74254,9.09779],[9.67528,9.14187],[9.63619,9.14893],[9.69982,9.18066],[9.68891,9.24326]]]}},{"type":"Feature","properties":{"name":"Jos South","id":"jos-south"},"geometry":{"type":"Polygon","coordinates":[[[8.80358,9.90533],[8.83085,9.88241],[8.89084,9.90004],[8.91175,9.87095],[8.98174,9.86037],[8.95265,9.81629],[8.94175,9.75194],[8.90902,9.72549],[8.87176,9.64703],[8.8454,9.62675],[8.80267,9.64526],[8.78449,9.61441],[8.69814,9.66201],[8.69723,9.73342],[8.75359,9.78015],[8.77813,9.80307],[8.78359,9.86742],[8.80358,9.90533]]]}},{"type":"Feature","properties":{"name":"Mikang","id":"mikang"},"geometry":{"type":"Polygon","coordinates":[[[9.78526,8.88974],[9.75618,8.9444],[9.64528,8.9206],[9.57984,8.93029],[9.58347,8.96908],[9.52439,8.95145],[9.45167,8.9876],[9.37441,8.9779],[9.40532,9.09779],[9.43622,9.10308],[9.46076,9.06077],[9.50349,9.09779],[9.54984,9.08193],[9.58347,9.12601],[9.63619,9.14893],[9.67528,9.14187],[9.74254,9.09779],[9.76345,9.00875],[9.7889,9.01228],[9.84253,8.97878],[9.78526,8.88974]]]}},{"type":"Feature","properties":{"name":"Barkin Ladi","id":"barkin-ladi"},"geometry":{"type":"Polygon","coordinates":[[[8.67178,9.25119],[8.69451,9.3226],[8.69269,9.38255],[8.72359,9.44338],[8.86448,9.55887],[8.87176,9.64703],[8.90902,9.72549],[8.94175,9.75194],[8.95265,9.81629],[8.98356,9.80307],[8.98538,9.75017],[9.02264,9.74753],[9.04991,9.68758],[9.08627,9.68934],[9.11899,9.68053],[9.14172,9.63557],[9.11808,9.58091],[9.07355,9.57562],[9.01628,9.52537],[9.00537,9.45396],[8.89993,9.40811],[8.87085,9.36051],[8.83358,9.36227],[8.78086,9.33318],[8.76813,9.27323],[8.67178,9.25119]]]}},{"type":"Feature","properties":{"name":"Pankshin","id":"pankshin"},"geometry":{"type":"Polygon","coordinates":[[[9.31442,9.56327],[9.35078,9.53242],[9.39714,9.53154],[9.42531,9.47688],[9.4844,9.47512],[9.53712,9.41869],[9.52076,9.26706],[9.44713,9.25119],[9.46258,9.2124],[9.51348,9.1789],[9.56802,9.1983],[9.62074,9.25384],[9.66983,9.28381],[9.68891,9.24326],[9.69982,9.18066],[9.63619,9.14893],[9.58347,9.12601],[9.54984,9.08193],[9.50349,9.09779],[9.46076,9.06077],[9.43622,9.10308],[9.40532,9.09779],[9.32624,9.10837],[9.31806,9.12072],[9.28715,9.15422],[9.2817,9.20006],[9.21989,9.21857],[9.22989,9.27147],[9.26079,9.30232],[9.27352,9.35875],[9.3226,9.37814],[9.29806,9.48834],[9.29533,9.54917],[9.31442,9.56327]]]}},{"type":"Feature","properties":{"name":"Bokkos","id":"bokkos"},"geometry":{"type":"Polygon","coordinates":[[[8.65815,9.20799],[8.67178,9.25119],[8.76813,9.27323],[8.78086,9.33318],[8.83358,9.36227],[8.87085,9.36051],[8.89993,9.40811],[9.00537,9.45396],[9.01719,9.41958],[9.08173,9.3561],[9.14808,9.31378],[9.10809,9.28293],[9.11263,9.23268],[9.089,9.19124],[9.14172,9.1313],[9.07809,9.06782],[9.07991,9.02815],[9.05446,9.02462],[8.91811,9.01757],[8.79813,9.03168],[8.79904,9.07135],[8.75995,9.10485],[8.76541,9.16568],[8.66724,9.18948],[8.65815,9.20799]]]}},{"type":"Feature","properties":{"name":"Wase","id":"wase"},"geometry":{"type":"Polygon","coordinates":[[[10.56061,9.39048],[10.57788,9.3323],[10.5797,9.2459],[10.63606,9.11895],[10.62697,9.01933],[10.59697,8.97614],[10.46335,8.96291],[10.42063,8.94352],[10.32519,8.85624],[10.2452,8.80423],[10.11613,8.67287],[10.05159,8.59176],[9.99433,8.61997],[9.97433,8.65171],[9.90707,8.65788],[9.91616,8.7434],[9.87253,8.8007],[9.88889,8.89415],[9.88162,9.00082],[9.86616,9.03432],[9.90888,9.05548],[9.93888,9.10573],[9.9107,9.14099],[9.9307,9.20888],[10.0016,9.25472],[9.9916,9.30144],[10.03614,9.30232],[10.09704,9.38519],[10.1434,9.43015],[10.18885,9.45396],[10.23702,9.41781],[10.29338,9.47159],[10.30428,9.41781],[10.37155,9.40194],[10.37791,9.35169],[10.42699,9.32701],[10.46426,9.37285],[10.56061,9.39048]]]}},{"type":"Feature","properties":{"name":"Bassa","id":"bassa"},"geometry":{"type":"Polygon","coordinates":[[[8.67996,10.01112],[8.67178,10.14601],[8.68633,10.21124],[8.7345,10.27472],[8.79904,10.30293],[8.81813,10.38051],[8.86994,10.35759],[8.93538,10.34877],[8.95447,10.3091],[8.92993,10.21477],[8.9781,10.18039],[8.96811,10.10281],[8.93902,10.02699],[8.90266,10.02258],[8.82449,9.95911],[8.80358,9.90533],[8.78359,9.86742],[8.77813,9.80307],[8.75359,9.78015],[8.63542,9.75722],[8.64361,9.8348],[8.63452,9.86654],[8.67996,10.01112]]]}},{"type":"Feature","properties":{"name":"Orumba South","id":"orumba-south"},"geometry":{"type":"Polygon","coordinates":[[[7.27107,6.07923],[7.30924,6.07923],[7.33924,6.0422],[7.31833,5.999],[7.27289,5.99724],[7.26107,5.93906],[7.22835,5.93288],[7.2029,5.92054],[7.15563,5.94611],[7.13836,6.00517],[7.21017,6.05014],[7.26471,6.05454],[7.27107,6.07923]]]}},{"type":"Feature","properties":{"name":"Kanam","id":"kanam"},"geometry":{"type":"Polygon","coordinates":[[[9.97251,9.69992],[10.04159,9.73078],[10.1034,9.71932],[10.15249,9.67876],[10.26065,9.6867],[10.38245,9.59766],[10.4888,9.5527],[10.54061,9.48393],[10.56607,9.46542],[10.57879,9.40988],[10.56061,9.39048],[10.46426,9.37285],[10.42699,9.32701],[10.37791,9.35169],[10.37155,9.40194],[10.30428,9.41781],[10.29338,9.47159],[10.23702,9.41781],[10.18885,9.45396],[10.1434,9.43015],[10.09704,9.38519],[10.03614,9.30232],[9.9916,9.30144],[10.0016,9.25472],[9.9307,9.20888],[9.88525,9.22386],[9.8798,9.25913],[9.78345,9.29351],[9.75981,9.36932],[9.77436,9.38431],[9.76072,9.53859],[9.80799,9.58002],[9.83889,9.60118],[9.98069,9.62322],[9.97251,9.69992]]]}},{"type":"Feature","properties":{"name":"Langtang South","id":"langtang-south"},"geometry":{"type":"Polygon","coordinates":[[[10.05159,8.59176],[9.8907,8.44806],[9.75709,8.36696],[9.70528,8.46393],[9.65983,8.57413],[9.65437,8.67375],[9.69164,8.74692],[9.75072,8.7575],[9.77436,8.80511],[9.83253,8.82098],[9.87253,8.8007],[9.91616,8.7434],[9.90707,8.65788],[9.97433,8.65171],[9.99433,8.61997],[10.05159,8.59176]]]}},{"type":"Feature","properties":{"name":"Mangu","id":"mangu"},"geometry":{"type":"Polygon","coordinates":[[[9.15717,9.74047],[9.22352,9.68229],[9.28806,9.69199],[9.28988,9.61441],[9.31442,9.56327],[9.29533,9.54917],[9.29806,9.48834],[9.3226,9.37814],[9.27352,9.35875],[9.26079,9.30232],[9.22989,9.27147],[9.21989,9.21857],[9.2817,9.20006],[9.28715,9.15422],[9.31806,9.12072],[9.27079,9.11278],[9.21898,9.03344],[9.15626,9.0255],[9.13081,9.04225],[9.07991,9.02815],[9.07809,9.06782],[9.14172,9.1313],[9.089,9.19124],[9.11263,9.23268],[9.10809,9.28293],[9.14808,9.31378],[9.08173,9.3561],[9.01719,9.41958],[9.00537,9.45396],[9.01628,9.52537],[9.07355,9.57562],[9.11808,9.58091],[9.14172,9.63557],[9.11899,9.68053],[9.08627,9.68934],[9.10718,9.72108],[9.15717,9.74047]]]}},{"type":"Feature","properties":{"name":"Tafa","id":"tafa"},"geometry":{"type":"Polygon","coordinates":[[[7.37833,9.33671],[7.22108,9.11543],[7.17926,9.14452],[7.20744,9.24767],[7.23744,9.27323],[7.23198,9.31731],[7.33379,9.34111],[7.37833,9.33671]]]}},{"type":"Feature","properties":{"name":"Magama","id":"magama"},"geometry":{"type":"Polygon","coordinates":[[[4.52963,10.10016],[4.62507,10.10281],[4.64689,10.20507],[4.69688,10.24034],[4.79414,10.26061],[4.8714,10.2183],[4.94685,10.2853],[4.95048,10.38933],[4.9323,10.43958],[4.85322,10.46073],[4.81868,10.50746],[4.82414,10.59474],[4.79596,10.62912],[4.82595,10.70846],[4.89413,10.7067],[4.90867,10.68995],[5.10137,10.76136],[5.14954,10.7499],[5.23771,10.70934],[5.29589,10.67937],[5.31316,10.63529],[5.34406,10.61942],[5.32225,10.55595],[5.3277,10.47837],[5.35497,10.41401],[5.34043,10.37169],[5.30861,10.34877],[5.24499,10.362],[5.19317,10.33202],[5.16772,10.28353],[5.10864,10.2324],[4.97866,10.1989],[4.92867,10.16452],[4.91321,10.10281],[4.90412,9.98468],[4.86413,9.95823],[4.79414,9.99878],[4.73687,9.97586],[4.69415,9.93531],[4.68415,9.89475],[4.62144,9.81894],[4.59508,9.87007],[4.57235,9.97586],[4.58599,10.03404],[4.57053,10.06931],[4.52963,10.10016]]]}},{"type":"Feature","properties":{"name":"Agwara","id":"agwara"},"geometry":{"type":"Polygon","coordinates":[[[4.33602,10.91828],[4.38147,10.88037],[4.45055,10.88566],[4.53963,10.92004],[4.59962,10.88919],[4.69324,10.91916],[4.72051,10.85921],[4.69688,10.79045],[4.69052,10.66262],[4.63416,10.61149],[4.58508,10.56388],[4.50963,10.53479],[4.49873,10.59209],[4.4051,10.5436],[4.30966,10.55418],[4.3442,10.63264],[4.34238,10.68642],[4.36238,10.75695],[4.28603,10.8213],[4.31239,10.84511],[4.33602,10.91828]]]}},{"type":"Feature","properties":{"name":"Riyom","id":"riyom"},"geometry":{"type":"Polygon","coordinates":[[[8.57816,9.49892],[8.55544,9.58179],[8.59907,9.72813],[8.63542,9.75722],[8.75359,9.78015],[8.69723,9.73342],[8.69814,9.66201],[8.78449,9.61441],[8.80267,9.64526],[8.8454,9.62675],[8.87176,9.64703],[8.86448,9.55887],[8.72359,9.44338],[8.69269,9.38255],[8.64815,9.39577],[8.57816,9.49892]]]}},{"type":"Feature","properties":{"name":"Rabah","id":"rabah"},"geometry":{"type":"Polygon","coordinates":[[[6.03397,12.78373],[6.02397,12.74846],[5.96125,12.75463],[5.88308,12.82075],[5.85217,12.81017],[5.81309,12.83927],[5.73401,12.82692],[5.63493,12.88335],[5.58857,12.804],[5.54222,12.8666],[5.55676,12.92037],[5.5404,12.9812],[5.51404,13.0341],[5.47859,13.03674],[5.45587,13.10991],[5.4086,13.08082],[5.36133,13.11256],[5.41587,13.14694],[5.52222,13.17868],[5.63402,13.25626],[5.72219,13.23774],[5.70492,13.18573],[5.72128,13.10727],[5.78491,13.10639],[5.85399,13.12137],[6.02306,13.08523],[6.04669,13.03145],[6.05578,12.9671],[6.00579,12.91949],[6.03397,12.78373]]]}},{"type":"Feature","properties":{"name":"Ikwo","id":"ikwo"},"geometry":{"type":"Polygon","coordinates":[[[8.1264,6.18326],[8.18821,6.21499],[8.21548,6.18855],[8.26184,6.19119],[8.34001,6.26172],[8.40091,6.21676],[8.37092,6.19648],[8.30183,6.10832],[8.28638,6.01664],[8.21457,6.01223],[8.17367,5.97432],[8.11368,5.93817],[8.06459,5.94346],[8.05278,5.98578],[8.01369,5.99371],[8.00642,6.02281],[8.0755,6.08187],[8.1264,6.18326]]]}},{"type":"Feature","properties":{"name":"Safana","id":"safana"},"geometry":{"type":"Polygon","coordinates":[[[7.3347,12.32001],[7.29561,12.31296],[7.2638,12.34734],[7.19653,12.3394],[7.17199,12.45137],[7.06564,12.43197],[7.0511,12.53952],[7.04474,12.65854],[6.98929,12.67353],[7.04292,12.71937],[7.12291,12.7035],[7.122,12.66912],[7.2747,12.69909],[7.29561,12.67705],[7.36924,12.68058],[7.40469,12.52542],[7.42105,12.39406],[7.40287,12.33676],[7.3347,12.32001]]]}},{"type":"Feature","properties":{"name":"Ajeromi/Ifelodun","id":"ajeromiifelodun"},"geometry":{"type":"Polygon","coordinates":[[[3.33889,6.47418],[3.33707,6.43804],[3.31525,6.46008],[3.33889,6.47418]]]}},{"type":"Feature","properties":{"name":"Koko-Besse","id":"koko-besse"},"geometry":{"type":"Polygon","coordinates":[[[4.36874,11.74697],[4.37511,11.71436],[4.42692,11.67028],[4.41965,11.61385],[4.49691,11.55214],[4.48236,11.53187],[4.50963,11.49572],[4.56508,11.46134],[4.55054,11.40051],[4.5169,11.3388],[4.516,11.26739],[4.48782,11.24006],[4.46964,11.14837],[4.33784,11.18188],[4.31966,11.17041],[4.25603,11.21009],[4.23149,11.27003],[4.18513,11.29031],[4.17695,11.33086],[4.20059,11.35643],[4.24512,11.35467],[4.3233,11.40227],[4.36783,11.41021],[4.40692,11.50013],[4.39419,11.55743],[4.35965,11.58124],[4.31148,11.58035],[4.24694,11.61209],[4.22876,11.6597],[4.30057,11.73287],[4.36874,11.74697]]]}},{"type":"Feature","properties":{"name":"Epe","id":"epe"},"geometry":{"type":"Polygon","coordinates":[[[4.08515,6.67959],[4.09605,6.65226],[4.05424,6.61524],[4.07151,6.57116],[4.10151,6.55793],[4.17786,6.60377],[4.23603,6.57821],[4.2324,6.54735],[4.16332,6.5068],[4.25967,6.44421],[4.35329,6.45126],[4.36874,6.43804],[4.35965,6.36751],[4.27876,6.37809],[4.20149,6.42481],[4.10969,6.42305],[4.0706,6.43451],[3.99879,6.49269],[3.89517,6.53325],[3.78792,6.49975],[3.66702,6.49181],[3.61612,6.51297],[3.63248,6.53942],[3.70065,6.5976],[3.68429,6.64168],[3.69884,6.684],[3.90335,6.68135],[4.08515,6.67959]]]}},{"type":"Feature","properties":{"name":"Sumaila","id":"sumaila"},"geometry":{"type":"Polygon","coordinates":[[[9.03355,11.52834],[9.03173,11.45341],[9.04719,11.42167],[9.1299,11.3291],[9.02628,11.27709],[8.95265,11.1951],[8.92538,11.18011],[8.89357,11.11664],[8.81813,11.09724],[8.77995,11.01173],[8.78995,10.94737],[8.76632,10.94208],[8.74541,10.97999],[8.68724,11.03906],[8.68814,11.06551],[8.64542,11.11487],[8.64361,11.14044],[8.6836,11.13956],[8.76541,11.20568],[8.71632,11.21361],[8.70541,11.25417],[8.77904,11.31411],[8.78631,11.39522],[8.84994,11.4296],[8.82722,11.45517],[8.86903,11.4966],[8.88084,11.55655],[8.91629,11.57418],[9.03355,11.52834]]]}},{"type":"Feature","properties":{"name":"Ogori/Magongo","id":"ogorimagongo"},"geometry":{"type":"Polygon","coordinates":[[[6.1585,7.52856],[6.22576,7.46862],[6.18667,7.43864],[6.11214,7.44834],[6.1085,7.49065],[6.1585,7.52856]]]}},{"type":"Feature","properties":{"name":"Amuwo Odofin","id":"amuwo-odofin"},"geometry":{"type":"Polygon","coordinates":[[[3.33707,6.43804],[3.35979,6.39748],[3.20163,6.40189],[3.23708,6.48123],[3.2898,6.49181],[3.32162,6.49534],[3.31525,6.46008],[3.33707,6.43804]]]}},{"type":"Feature","properties":{"name":"Tsanyawa","id":"tsanyawa"},"geometry":{"type":"Polygon","coordinates":[[[7.99915,12.16309],[7.94461,12.17807],[7.87644,12.23538],[7.86462,12.28034],[7.9028,12.33235],[7.98733,12.3729],[8.04823,12.41258],[8.10822,12.4161],[8.11913,12.4064],[8.09641,12.31472],[8.14004,12.27593],[8.11822,12.25301],[8.11913,12.20452],[8.10732,12.18336],[8.04187,12.1816],[7.99915,12.16309]]]}},{"type":"Feature","properties":{"name":"Ibeju Lekki","id":"ibeju-lekki"},"geometry":{"type":"Polygon","coordinates":[[[3.66702,6.49181],[3.78792,6.49975],[3.89517,6.53325],[3.99879,6.49269],[4.0706,6.43451],[4.10969,6.42305],[4.20149,6.42481],[4.27876,6.37809],[4.05333,6.41423],[3.89608,6.43363],[3.81337,6.43539],[3.62794,6.42217],[3.66702,6.49181]]]}},{"type":"Feature","properties":{"name":"Ajaokuta","id":"ajaokuta"},"geometry":{"type":"Polygon","coordinates":[[[6.29211,7.50035],[6.29757,7.53385],[6.32756,7.54796],[6.40301,7.53209],[6.43482,7.60967],[6.5039,7.62995],[6.54299,7.68637],[6.68842,7.7807],[6.71024,7.78687],[6.7575,7.75072],[6.74478,7.6705],[6.69933,7.58939],[6.70751,7.48448],[6.70842,7.369],[6.69115,7.27643],[6.69024,7.21912],[6.63752,7.29406],[6.51481,7.26673],[6.49936,7.32756],[6.43209,7.4025],[6.37937,7.39809],[6.29211,7.50035]]]}},{"type":"Feature","properties":{"name":"Irepo","id":"irepo"},"geometry":{"type":"Polygon","coordinates":[[[3.69156,8.99641],[3.74338,9.04666],[3.75337,9.12072],[3.77064,9.14716],[3.82609,9.18243],[3.92153,9.17273],[3.94426,9.14805],[3.97243,9.07752],[4.01243,9.03432],[4.21058,8.96996],[4.17332,8.92677],[4.05697,8.88621],[3.97698,8.87563],[3.93699,8.88269],[3.88336,8.91619],[3.87699,8.95233],[3.84154,8.97702],[3.80155,8.96644],[3.71702,8.96908],[3.69156,8.99641]]]}},{"type":"Feature","properties":{"name":"Isoko North","id":"isoko-north"},"geometry":{"type":"Polygon","coordinates":[[[6.0876,5.40393],[6.06215,5.43919],[6.07214,5.51325],[6.11668,5.54851],[6.12395,5.59259],[6.16304,5.59435],[6.21122,5.62168],[6.27757,5.62256],[6.32574,5.63755],[6.36483,5.56967],[6.38937,5.46388],[6.44573,5.463],[6.44664,5.43302],[6.3821,5.44184],[6.35029,5.43214],[6.31847,5.49297],[6.33029,5.52647],[6.28575,5.55116],[6.23667,5.50884],[6.19576,5.54322],[6.12577,5.44184],[6.0876,5.40393]]]}},{"type":"Feature","properties":{"name":"Ezeagu","id":"ezeagu"},"geometry":{"type":"Polygon","coordinates":[[[7.29016,6.27847],[7.2438,6.2626],[7.16017,6.30315],[7.14381,6.38867],[7.03201,6.45038],[7.03292,6.4636],[7.05655,6.46448],[7.13836,6.52002],[7.18744,6.50239],[7.23562,6.57292],[7.26289,6.54823],[7.2747,6.48123],[7.32288,6.49181],[7.34833,6.41864],[7.37651,6.41952],[7.38651,6.36927],[7.36106,6.35517],[7.29016,6.27847]]]}},{"type":"Feature","properties":{"name":"Irele","id":"irele"},"geometry":{"type":"Polygon","coordinates":[[[4.86504,6.43804],[4.85504,6.43098],[4.82868,6.46272],[4.86231,6.52619],[4.86777,6.58614],[4.8814,6.64609],[4.92685,6.66284],[5.00865,6.64697],[5.07865,6.71486],[5.12228,6.69899],[5.11137,6.63022],[5.16409,6.55441],[5.15409,6.50063],[5.10228,6.43804],[5.10955,6.41335],[5.02774,6.34547],[5.01593,6.29257],[4.95684,6.35252],[4.92685,6.44685],[4.86504,6.43804]]]}},{"type":"Feature","properties":{"name":"Owo","id":"owo"},"geometry":{"type":"Polygon","coordinates":[[[5.4495,7.06485],[5.48586,7.10981],[5.43314,7.11598],[5.41951,7.16976],[5.4186,7.24998],[5.3886,7.28348],[5.46768,7.30199],[5.50404,7.3161],[5.64857,7.30817],[5.66947,7.30023],[5.72674,7.19444],[5.76128,7.17064],[5.69401,7.13008],[5.69947,7.08865],[5.64402,7.06573],[5.63675,7.0146],[5.57948,6.97492],[5.56585,6.87619],[5.53676,6.885],[5.53404,6.91674],[5.49222,6.98815],[5.47586,7.05074],[5.4495,7.06485]]]}},{"type":"Feature","properties":{"name":"Dekina","id":"dekina"},"geometry":{"type":"Polygon","coordinates":[[[7.34924,7.84682],[7.44195,7.68813],[7.44014,7.62995],[7.46104,7.55325],[7.45013,7.51358],[7.4465,7.44922],[7.46104,7.40073],[7.37833,7.37517],[7.31015,7.35313],[7.14836,7.35577],[7.13291,7.37605],[7.13745,7.43864],[7.10382,7.48096],[7.04837,7.48184],[7.0211,7.41748],[6.84567,7.41484],[6.81295,7.45275],[6.79932,7.4836],[6.82113,7.57088],[6.84113,7.60174],[6.94929,7.64229],[7.02019,7.704],[7.10836,7.69342],[7.20653,7.78511],[7.29107,7.77629],[7.34924,7.84682]]]}},{"type":"Feature","properties":{"name":"Akoko North East","id":"akoko-north-east"},"geometry":{"type":"Polygon","coordinates":[[[5.94034,7.64493],[5.9967,7.55942],[6.00397,7.52944],[5.95125,7.50123],[5.82309,7.49594],[5.74492,7.4836],[5.61039,7.48448],[5.61857,7.56383],[5.71219,7.5506],[5.78582,7.55413],[5.89308,7.58851],[5.94034,7.64493]]]}},{"type":"Feature","properties":{"name":"Oluyole","id":"oluyole"},"geometry":{"type":"Polygon","coordinates":[[[3.90972,7.34255],[3.92608,7.33726],[3.95789,7.33461],[3.99607,7.26673],[3.98516,7.22706],[3.99879,7.12656],[3.9388,7.08424],[3.82518,7.08248],[3.72611,7.086],[3.79428,7.13978],[3.76246,7.24293],[3.7361,7.30111],[3.84154,7.35753],[3.87063,7.3399],[3.90972,7.34255]]]}},{"type":"Feature","properties":{"name":"Ogba/Egbema/Ndoni","id":"ogbaegbemandoni"},"geometry":{"type":"Polygon","coordinates":[[[6.68479,5.21439],[6.57844,5.17736],[6.55299,5.1897],[6.53117,5.28491],[6.56298,5.32018],[6.56208,5.37925],[6.48572,5.37925],[6.483,5.42068],[6.52481,5.43831],[6.53844,5.47622],[6.53117,5.53176],[6.5848,5.56173],[6.62116,5.64284],[6.60207,5.6878],[6.66842,5.68957],[6.65843,5.62521],[6.63934,5.49385],[6.74114,5.49385],[6.76296,5.4101],[6.76114,5.31577],[6.72478,5.29373],[6.72024,5.2426],[6.68479,5.21439]]]}},{"type":"Feature","properties":{"name":"Ovia South-West","id":"ovia-south-west"},"geometry":{"type":"Polygon","coordinates":[[[5.27044,6.05454],[5.23499,6.07306],[5.21681,6.13565],[5.13409,6.16915],[5.08955,6.20089],[5.06319,6.24849],[5.01593,6.29257],[5.02774,6.34547],[5.10955,6.41335],[5.10228,6.43804],[5.15409,6.50063],[5.16409,6.55441],[5.11137,6.63022],[5.12228,6.69899],[5.15045,6.74571],[5.19681,6.77392],[5.25498,6.88236],[5.27225,6.88853],[5.4595,6.88588],[5.42314,6.77304],[5.38678,6.73337],[5.43041,6.59408],[5.49586,6.52972],[5.43587,6.39131],[5.40769,6.37632],[5.45041,6.28288],[5.39951,6.28111],[5.35043,6.23439],[5.36679,6.18943],[5.3277,6.1427],[5.2868,6.14447],[5.27044,6.05454]]]}},{"type":"Feature","properties":{"name":"Ndokwa East","id":"ndokwa-east"},"geometry":{"type":"Polygon","coordinates":[[[6.48572,5.37925],[6.50299,5.33869],[6.40846,5.30519],[6.34756,5.32018],[6.31029,5.30343],[6.34302,5.35721],[6.35029,5.43214],[6.3821,5.44184],[6.44664,5.43302],[6.44573,5.463],[6.38937,5.46388],[6.36483,5.56967],[6.32574,5.63755],[6.43482,5.68428],[6.473,5.71425],[6.43846,5.74334],[6.43664,5.79183],[6.47754,5.86941],[6.443,5.90027],[6.47936,5.9849],[6.56662,5.99636],[6.63297,6.01399],[6.71933,5.99636],[6.70024,5.92936],[6.67388,5.8888],[6.65115,5.8174],[6.63934,5.73982],[6.60207,5.6878],[6.62116,5.64284],[6.5848,5.56173],[6.53117,5.53176],[6.53844,5.47622],[6.52481,5.43831],[6.483,5.42068],[6.48572,5.37925]]]}},{"type":"Feature","properties":{"name":"Saki East","id":"saki-east"},"geometry":{"type":"Polygon","coordinates":[[[3.41888,8.86241],[3.52522,8.92853],[3.59976,8.95674],[3.60521,8.91442],[3.64612,8.84654],[3.6543,8.79012],[3.71883,8.70813],[3.87427,8.55562],[3.87427,8.55385],[3.81064,8.5468],[3.68611,8.43219],[3.67248,8.45776],[3.5934,8.49302],[3.5834,8.55473],[3.5325,8.58559],[3.48432,8.6808],[3.48614,8.71871],[3.41888,8.86241]]]}},{"type":"Feature","properties":{"name":"Onicha","id":"onicha"},"geometry":{"type":"Polygon","coordinates":[[[7.72646,6.11449],[7.73282,6.22645],[7.77554,6.23615],[7.79191,6.19912],[7.85099,6.23174],[7.87826,6.18061],[7.90098,6.11008],[7.95461,6.06953],[8.00915,6.06424],[8.00642,6.02281],[8.01369,5.99371],[7.99279,5.98402],[7.91371,5.9752],[7.83554,6.07746],[7.77373,6.06424],[7.72646,6.11449]]]}},{"type":"Feature","properties":{"name":"Ethiope East","id":"ethiope-east"},"geometry":{"type":"Polygon","coordinates":[[[6.14941,5.75568],[6.11305,5.75128],[6.09214,5.71689],[6.04124,5.68516],[6.05851,5.62168],[5.99034,5.55733],[5.92307,5.56262],[5.90126,5.60229],[5.90671,5.65695],[5.85308,5.70279],[5.86854,5.74775],[5.9058,5.77067],[5.92489,5.74863],[5.98216,5.74775],[6.03942,5.7645],[6.10214,5.80329],[6.12123,5.83944],[6.15213,5.80505],[6.14941,5.75568]]]}},{"type":"Feature","properties":{"name":"Obi","id":"obi"},"geometry":{"type":"Polygon","coordinates":[[[8.95902,8.28144],[8.89084,8.27351],[8.80813,8.28849],[8.7445,8.2594],[8.64179,8.26469],[8.59452,8.25235],[8.50908,8.26117],[8.49999,8.40486],[8.58998,8.4128],[8.6327,8.47892],[8.70632,8.48244],[8.82903,8.40398],[8.95538,8.40663],[9.00901,8.40046],[9.01264,8.32023],[8.95902,8.28144]]]}},{"type":"Feature","properties":{"name":"Oyo East","id":"oyo-east"},"geometry":{"type":"Polygon","coordinates":[[[4.07878,7.95349],[4.08787,7.94203],[4.08969,7.8715],[3.93517,7.80186],[3.93789,7.85828],[3.95607,7.86269],[3.97607,7.85034],[4.03152,7.8812],[4.01788,7.91823],[4.07878,7.95349]]]}},{"type":"Feature","properties":{"name":"Ivo","id":"ivo"},"geometry":{"type":"Polygon","coordinates":[[[7.53012,6.00606],[7.57284,5.96903],[7.66465,5.93024],[7.70737,5.93377],[7.72737,5.90732],[7.68374,5.82269],[7.55194,5.84384],[7.53467,5.83503],[7.50558,5.88263],[7.51285,5.92407],[7.53012,6.00606]]]}},{"type":"Feature","properties":{"name":"Etsako East","id":"etsako-east"},"geometry":{"type":"Polygon","coordinates":[[[6.71569,7.12303],[6.67751,7.03399],[6.67933,6.97228],[6.55662,7.00402],[6.52754,7.0287],[6.53572,7.10099],[6.50572,7.15124],[6.41482,7.16711],[6.29211,7.19268],[6.25666,7.20766],[6.26666,7.35225],[6.29484,7.36018],[6.34029,7.3258],[6.38755,7.37781],[6.43209,7.4025],[6.49936,7.32756],[6.51481,7.26673],[6.63752,7.29406],[6.69024,7.21912],[6.69297,7.21648],[6.71569,7.12303]]]}},{"type":"Feature","properties":{"name":"Oshimili South","id":"oshimili-south"},"geometry":{"type":"Polygon","coordinates":[[[6.64479,6.10127],[6.68842,6.10832],[6.71296,6.1524],[6.68751,6.18855],[6.70569,6.26172],[6.72296,6.26524],[6.76296,6.1859],[6.76477,6.15593],[6.7575,6.13477],[6.70478,6.08099],[6.72569,6.04044],[6.71933,5.99636],[6.63297,6.01399],[6.56662,5.99636],[6.57298,6.07658],[6.62934,6.07482],[6.64479,6.10127]]]}},{"type":"Feature","properties":{"name":"Izzi","id":"izzi"},"geometry":{"type":"Polygon","coordinates":[[[8.39182,6.30668],[8.32092,6.31814],[8.26093,6.31373],[8.15367,6.28905],[8.1364,6.35693],[8.15276,6.41511],[8.14186,6.47683],[8.17003,6.50856],[8.14549,6.62141],[8.19185,6.66372],[8.19185,6.72808],[8.17276,6.77304],[8.24093,6.79244],[8.29456,6.67871],[8.34001,6.57556],[8.39091,6.52355],[8.43091,6.45655],[8.45727,6.42834],[8.44454,6.38955],[8.40364,6.36575],[8.39182,6.30668]]]}},{"type":"Feature","properties":{"name":"Isoko South","id":"isoko-south"},"geometry":{"type":"Polygon","coordinates":[[[6.25939,5.22761],[6.2203,5.23907],[6.16122,5.23555],[6.09487,5.31842],[6.0876,5.40393],[6.12577,5.44184],[6.19576,5.54322],[6.23667,5.50884],[6.28575,5.55116],[6.33029,5.52647],[6.31847,5.49297],[6.35029,5.43214],[6.34302,5.35721],[6.31029,5.30343],[6.28393,5.27081],[6.25939,5.22761]]]}},{"type":"Feature","properties":{"name":"Ezza South","id":"ezza-south"},"geometry":{"type":"Polygon","coordinates":[[[8.03369,6.20353],[8.08459,6.20441],[8.1264,6.18326],[8.0755,6.08187],[8.00642,6.02281],[8.00915,6.06424],[7.95461,6.06953],[7.90098,6.11008],[7.87826,6.18061],[7.9228,6.15328],[7.98279,6.16915],[8.03369,6.20353]]]}},{"type":"Feature","properties":{"name":"Ofu","id":"ofu"},"geometry":{"type":"Polygon","coordinates":[[[6.70751,7.48448],[6.75478,7.48008],[6.78477,7.44393],[6.81295,7.45275],[6.84567,7.41484],[7.0211,7.41748],[7.04837,7.48184],[7.10382,7.48096],[7.13745,7.43864],[7.13291,7.37605],[7.14836,7.35577],[7.31015,7.35313],[7.37833,7.37517],[7.39651,7.3064],[7.3556,7.29759],[7.33015,7.20766],[7.30743,7.18298],[7.22744,7.17328],[7.22289,7.2253],[7.06473,7.25263],[7.0411,7.21736],[6.9902,7.19444],[6.91839,7.19973],[6.81204,7.24645],[6.75296,7.28965],[6.73751,7.24205],[6.69297,7.21648],[6.69024,7.21912],[6.69115,7.27643],[6.70842,7.369],[6.70751,7.48448]]]}},{"type":"Feature","properties":{"name":"Aniocha North","id":"aniocha-north"},"geometry":{"type":"Polygon","coordinates":[[[6.3621,6.38426],[6.41301,6.39572],[6.52299,6.4874],[6.57571,6.49534],[6.57935,6.41423],[6.56571,6.32784],[6.58116,6.29081],[6.51754,6.30403],[6.41937,6.24761],[6.37574,6.23968],[6.39119,6.3102],[6.3621,6.38426]]]}},{"type":"Feature","properties":{"name":"Aniocha South","id":"aniocha-south"},"geometry":{"type":"Polygon","coordinates":[[[6.58116,6.29081],[6.63479,6.23615],[6.61025,6.19295],[6.61025,6.13741],[6.64479,6.10127],[6.62934,6.07482],[6.57298,6.07658],[6.56662,5.99636],[6.47936,5.9849],[6.36119,5.98931],[6.31938,6.0184],[6.34756,6.12066],[6.34392,6.15504],[6.38574,6.18414],[6.37574,6.23968],[6.41937,6.24761],[6.51754,6.30403],[6.58116,6.29081]]]}},{"type":"Feature","properties":{"name":"Igalamela-Odolu","id":"igalamela-odolu"},"geometry":{"type":"Polygon","coordinates":[[[7.35106,7.03311],[7.31652,7.01019],[7.24107,6.9714],[7.2029,6.90263],[7.17563,6.89646],[7.08109,6.80037],[7.04201,6.78274],[6.99111,6.78538],[6.96111,6.84092],[6.96566,6.90175],[6.95384,6.95377],[6.80022,7.0525],[6.78932,7.12215],[6.75387,7.13978],[6.71569,7.12303],[6.69297,7.21648],[6.73751,7.24205],[6.75296,7.28965],[6.81204,7.24645],[6.91839,7.19973],[6.9902,7.19444],[7.0411,7.21736],[7.06473,7.25263],[7.22289,7.2253],[7.22744,7.17328],[7.30743,7.18298],[7.28379,7.11598],[7.36742,7.08865],[7.36651,7.04016],[7.35106,7.03311]]]}},{"type":"Feature","properties":{"name":"Ibiono Ibom","id":"ibiono-ibom"},"geometry":{"type":"Polygon","coordinates":[[[7.83372,5.03366],[7.82917,5.03983],[7.84372,5.24701],[7.80736,5.28932],[7.8419,5.33605],[7.9228,5.29461],[7.9437,5.24524],[7.98006,5.20733],[7.87735,5.04512],[7.83372,5.03366]]]}},{"type":"Feature","properties":{"name":"Obot Akara","id":"obot-akara"},"geometry":{"type":"Polygon","coordinates":[[[7.65102,5.1756],[7.56375,5.16502],[7.53285,5.17295],[7.53921,5.29461],[7.57194,5.32459],[7.62193,5.31753],[7.66647,5.34663],[7.72101,5.29726],[7.72191,5.27698],[7.64738,5.22937],[7.65102,5.1756]]]}},{"type":"Feature","properties":{"name":"Ogo Oluwa","id":"ogo-oluwa"},"geometry":{"type":"Polygon","coordinates":[[[4.29148,8.05575],[4.33966,7.94291],[4.36693,7.94027],[4.39692,7.89619],[4.37147,7.84858],[4.32784,7.93498],[4.27603,7.97112],[4.1915,7.91029],[4.2024,7.86886],[4.14696,7.84946],[4.0906,7.86004],[4.08969,7.8715],[4.08787,7.94203],[4.13878,8.02314],[4.13787,8.02754],[4.17604,8.09543],[4.27785,8.0725],[4.29148,8.05575]]]}},{"type":"Feature","properties":{"name":"Atiba","id":"atiba"},"geometry":{"type":"Polygon","coordinates":[[[3.80973,8.13951],[3.85336,8.22326],[3.89881,8.18711],[3.9888,8.18887],[3.98062,8.13951],[4.02152,8.11658],[4.0497,8.01961],[4.04515,7.97994],[4.07878,7.95349],[4.01788,7.91823],[3.96244,7.88561],[3.95607,7.86269],[3.93789,7.85828],[3.92426,7.8812],[3.94153,7.93321],[3.9179,7.96848],[3.867,7.98523],[3.79973,8.03283],[3.80973,8.13951]]]}},{"type":"Feature","properties":{"name":"Ogbomosho South","id":"ogbomosho-south"},"geometry":{"type":"Polygon","coordinates":[[[4.17604,8.09543],[4.19786,8.12628],[4.24149,8.12804],[4.27785,8.0725],[4.17604,8.09543]]]}},{"type":"Feature","properties":{"name":"Ovia North-East","id":"ovia-north-east"},"geometry":{"type":"Polygon","coordinates":[[[5.44314,6.04132],[5.41314,6.02104],[5.3277,6.0184],[5.35861,5.96991],[5.30498,5.91702],[5.27589,5.90644],[5.24862,5.98402],[5.27044,6.05454],[5.2868,6.14447],[5.3277,6.1427],[5.36679,6.18943],[5.35043,6.23439],[5.39951,6.28111],[5.45041,6.28288],[5.40769,6.37632],[5.43587,6.39131],[5.49586,6.52972],[5.43041,6.59408],[5.38678,6.73337],[5.42314,6.77304],[5.4595,6.88588],[5.53676,6.885],[5.56585,6.87619],[5.54313,6.82505],[5.57676,6.70428],[5.62039,6.74218],[5.7022,6.73601],[5.75128,6.78186],[5.80218,6.81183],[5.87035,6.79684],[5.79127,6.59584],[5.75673,6.55264],[5.67856,6.49269],[5.64402,6.4539],[5.64129,6.41423],[5.57494,6.40013],[5.52767,6.34194],[5.52858,6.27759],[5.48041,6.17973],[5.46405,6.09862],[5.44314,6.04132]]]}},{"type":"Feature","properties":{"name":"Afijio","id":"afijio"},"geometry":{"type":"Polygon","coordinates":[[[3.63157,7.71017],[3.68429,7.69607],[3.73338,7.80097],[3.74701,7.86004],[3.83427,7.84241],[3.85791,7.86004],[3.89699,7.77629],[3.93517,7.80186],[4.08969,7.8715],[4.0906,7.86004],[4.07515,7.82037],[4.06151,7.74984],[4.07787,7.70841],[4.07606,7.65287],[4.06333,7.6511],[4.0297,7.66697],[3.99425,7.64405],[3.94244,7.63788],[3.94062,7.67314],[3.88881,7.67667],[3.76701,7.60791],[3.6952,7.6511],[3.61339,7.60526],[3.58885,7.68196],[3.63157,7.71017]]]}},{"type":"Feature","properties":{"name":"Ogbomosho North","id":"ogbomosho-north"},"geometry":{"type":"Polygon","coordinates":[[[4.27967,8.20827],[4.30784,8.20739],[4.32693,8.14568],[4.31511,8.07603],[4.29148,8.05575],[4.27785,8.0725],[4.24149,8.12804],[4.19786,8.12628],[4.19786,8.19064],[4.23967,8.21444],[4.27967,8.20827]]]}},{"type":"Feature","properties":{"name":"Ikwerre","id":"ikwerre"},"geometry":{"type":"Polygon","coordinates":[[[6.72478,5.09625],[6.72205,5.10507],[6.75387,5.15797],[6.79841,5.13152],[6.83113,5.17207],[6.81022,5.22761],[6.81659,5.25935],[6.90385,5.21968],[6.94384,5.22849],[6.94111,5.13681],[6.97293,5.0892],[6.9802,5.04777],[7.01292,5.00633],[7.05383,4.99135],[7.02837,4.93845],[6.91839,4.91817],[6.8993,4.90407],[6.86749,4.91288],[6.84658,4.95256],[6.84658,5.02661],[6.72478,5.09625]]]}},{"type":"Feature","properties":{"name":"Esit Eket","id":"esit-eket"},"geometry":{"type":"Polygon","coordinates":[[[8.13731,4.60168],[8.00278,4.60168],[8.01006,4.65546],[8.0346,4.68191],[8.06187,4.69778],[8.09914,4.69601],[8.15458,4.66692],[8.13731,4.60168]]]}},{"type":"Feature","properties":{"name":"Obio/Akpor","id":"obioakpor"},"geometry":{"type":"Polygon","coordinates":[[[6.95748,4.77447],[6.9293,4.78153],[6.92384,4.84324],[6.8993,4.90407],[6.91839,4.91817],[7.02837,4.93845],[7.09291,4.9023],[7.10655,4.85117],[7.07382,4.81679],[7.0611,4.80709],[7.02474,4.82913],[6.97656,4.80709],[6.95748,4.77447]]]}},{"type":"Feature","properties":{"name":"Etche","id":"etche"},"geometry":{"type":"Polygon","coordinates":[[[7.22744,5.19499],[7.17744,5.03719],[7.18381,4.94991],[7.14654,4.89613],[7.09291,4.9023],[7.02837,4.93845],[7.05383,4.99135],[7.01292,5.00633],[6.9802,5.04777],[6.97293,5.0892],[6.94111,5.13681],[6.94384,5.22849],[7.00383,5.23995],[7.04019,5.24965],[7.12291,5.21615],[7.22744,5.19499]]]}},{"type":"Feature","properties":{"name":"Askira Uba","id":"askira-uba"},"geometry":{"type":"Polygon","coordinates":[[[13.08753,10.94032],[13.09935,10.97029],[13.16025,10.95883],[13.15025,10.86098],[13.20843,10.86098],[13.2366,10.898],[13.3275,10.86538],[13.33659,10.86715],[13.33568,10.80015],[13.32114,10.74372],[13.23297,10.55859],[13.24842,10.51098],[13.23479,10.46338],[13.19116,10.4096],[13.12207,10.44398],[13.05208,10.46426],[13.01027,10.51363],[12.95846,10.54801],[12.87575,10.57358],[12.73486,10.57622],[12.65214,10.43869],[12.61215,10.44839],[12.59215,10.48983],[12.51852,10.62383],[12.46489,10.6397],[12.40672,10.68642],[12.45217,10.73755],[12.5467,10.81073],[12.58851,10.75783],[12.66668,10.78251],[12.73304,10.72168],[12.79757,10.72433],[12.90029,10.70317],[12.93665,10.65821],[12.99118,10.67232],[12.99755,10.72609],[13.0539,10.81425],[13.08844,10.84246],[13.08753,10.94032]]]}},{"type":"Feature","properties":{"name":"Gwadabawa","id":"gwadabawa"},"geometry":{"type":"Polygon","coordinates":[[[5.33679,13.22628],[5.29589,13.21571],[5.27407,13.33119],[5.16772,13.33648],[5.135,13.24921],[5.07774,13.30298],[5.12591,13.3356],[5.11864,13.42552],[5.16772,13.42729],[5.18409,13.51985],[5.28589,13.52074],[5.28044,13.57716],[5.32316,13.61683],[5.37224,13.56834],[5.35497,13.50046],[5.48132,13.48635],[5.48859,13.57099],[5.52495,13.56481],[5.53404,13.50663],[5.55858,13.49429],[5.50404,13.39467],[5.48495,13.37704],[5.42951,13.31004],[5.3886,13.30563],[5.33679,13.22628]]]}},{"type":"Feature","properties":{"name":"Hadejia","id":"hadejia"},"geometry":{"type":"Polygon","coordinates":[[[10.0525,12.43197],[10.02796,12.44079],[10.0625,12.48487],[10.0525,12.43197]]]}},{"type":"Feature","properties":{"name":"Kiri Kasama","id":"kiri-kasama"},"geometry":{"type":"Polygon","coordinates":[[[10.18794,12.69557],[10.30701,12.77667],[10.35155,12.77403],[10.37246,12.72819],[10.36428,12.65413],[10.3261,12.60741],[10.31065,12.52806],[10.36337,12.45225],[10.33882,12.44167],[10.25793,12.4593],[10.2252,12.43373],[10.10704,12.41698],[10.0525,12.43197],[10.0625,12.48487],[10.0625,12.55716],[10.15885,12.56862],[10.17976,12.60564],[10.15158,12.64003],[10.18794,12.69557]]]}},{"type":"Feature","properties":{"name":"Konduga","id":"konduga"},"geometry":{"type":"Polygon","coordinates":[[[13.19207,11.32028],[13.10026,11.33968],[12.90392,11.27444],[12.82939,11.35731],[12.73486,11.50718],[12.74485,11.65176],[12.70304,11.80692],[12.64032,11.87128],[12.61942,11.9136],[12.69577,11.95944],[12.68395,11.99735],[12.75213,12.00175],[12.78121,11.94004],[12.83939,11.91007],[12.90847,11.89156],[12.95483,11.90478],[12.98391,11.97002],[12.95301,12.00264],[12.99664,12.06787],[13.07026,12.04231],[13.08481,12.03261],[13.09117,11.91448],[13.10753,11.85453],[13.09208,11.83513],[13.03936,11.8034],[13.04936,11.77078],[13.01754,11.74257],[13.08026,11.71524],[13.12298,11.72582],[13.14298,11.75844],[13.19297,11.74697],[13.23024,11.71171],[13.27842,11.69496],[13.30205,11.71083],[13.21843,11.76901],[13.24751,11.81133],[13.30841,11.78224],[13.33568,11.72582],[13.39386,11.73728],[13.44112,11.77607],[13.50566,11.79723],[13.55383,11.77078],[13.58565,11.65088],[13.63837,11.6306],[13.68563,11.53892],[13.64564,11.50277],[13.59474,11.53275],[13.57292,11.52129],[13.59383,11.43489],[13.54202,11.41462],[13.51202,11.37671],[13.50566,11.31588],[13.40204,11.32381],[13.3475,11.382],[13.25024,11.37935],[13.19207,11.32028]]]}},{"type":"Feature","properties":{"name":"Jere","id":"jere"},"geometry":{"type":"Polygon","coordinates":[[[13.09208,11.83513],[13.07663,11.78753],[13.18207,11.81045],[13.15389,11.89861],[13.11299,11.8845],[13.09117,11.91448],[13.08481,12.03261],[13.07026,12.04231],[13.05936,12.0908],[13.10935,12.17631],[13.1548,12.18953],[13.22479,12.12782],[13.1957,12.08374],[13.26115,12.03085],[13.29205,11.91624],[13.28569,11.86158],[13.22479,11.84571],[13.24751,11.81133],[13.21843,11.76901],[13.30205,11.71083],[13.27842,11.69496],[13.23024,11.71171],[13.19297,11.74697],[13.14298,11.75844],[13.12298,11.72582],[13.08026,11.71524],[13.01754,11.74257],[13.04936,11.77078],[13.03936,11.8034],[13.09208,11.83513]]]}},{"type":"Feature","properties":{"name":"Eti Osa","id":"eti-osa"},"geometry":{"type":"Polygon","coordinates":[[[3.40342,6.43892],[3.40433,6.45831],[3.42251,6.46801],[3.50432,6.4539],[3.55158,6.46713],[3.61612,6.51297],[3.66702,6.49181],[3.62794,6.42217],[3.42978,6.42217],[3.37706,6.39836],[3.40342,6.43892]]]}},{"type":"Feature","properties":{"name":"Kosofe","id":"kosofe"},"geometry":{"type":"Polygon","coordinates":[[[3.36706,6.55881],[3.38343,6.5932],[3.37252,6.6408],[3.4316,6.6408],[3.4416,6.6073],[3.40797,6.5835],[3.39979,6.53942],[3.36706,6.55881]]]}},{"type":"Feature","properties":{"name":"Ibadan North","id":"ibadan-north"},"geometry":{"type":"Polygon","coordinates":[[[3.93699,7.42277],[3.94062,7.41925],[3.89881,7.37957],[3.86518,7.42542],[3.88608,7.45451],[3.93699,7.42277]]]}},{"type":"Feature","properties":{"name":"Akinyele","id":"akinyele"},"geometry":{"type":"Polygon","coordinates":[[[4.06333,7.6511],[3.98607,7.59468],[3.97698,7.5603],[4.00516,7.51534],[3.94789,7.48272],[3.93699,7.42277],[3.88608,7.45451],[3.88699,7.49242],[3.847,7.50829],[3.79337,7.55766],[3.76701,7.60791],[3.88881,7.67667],[3.94062,7.67314],[3.94244,7.63788],[3.99425,7.64405],[4.0297,7.66697],[4.06333,7.6511]]]}},{"type":"Feature","properties":{"name":"Ido","id":"ido"},"geometry":{"type":"Polygon","coordinates":[[[3.54613,7.4404],[3.54795,7.48096],[3.57522,7.50476],[3.61339,7.60526],[3.6952,7.6511],[3.76701,7.60791],[3.79337,7.55766],[3.847,7.50829],[3.88699,7.49242],[3.88608,7.45451],[3.86518,7.42542],[3.85427,7.38398],[3.84154,7.35753],[3.7361,7.30111],[3.71429,7.30464],[3.71974,7.38751],[3.70702,7.44746],[3.54613,7.4404]]]}},{"type":"Feature","properties":{"name":"Ibadan North West","id":"ibadan-north-west"},"geometry":{"type":"Polygon","coordinates":[[[3.86518,7.42542],[3.89881,7.37957],[3.89154,7.37693],[3.85427,7.38398],[3.86518,7.42542]]]}},{"type":"Feature","properties":{"name":"Ibadan South West","id":"ibadan-south-west"},"geometry":{"type":"Polygon","coordinates":[[[3.87063,7.3399],[3.84154,7.35753],[3.85427,7.38398],[3.89154,7.37693],[3.87063,7.3399]]]}},{"type":"Feature","properties":{"name":"Ibadan South East","id":"ibadan-south-east"},"geometry":{"type":"Polygon","coordinates":[[[3.89881,7.37957],[3.90972,7.34255],[3.87063,7.3399],[3.89154,7.37693],[3.89881,7.37957]]]}},{"type":"Feature","properties":{"name":"Abeokuta South","id":"abeokuta-south"},"geometry":{"type":"Polygon","coordinates":[[[3.33161,7.13537],[3.35434,7.19444],[3.31616,7.22089],[3.35434,7.23411],[3.40888,7.15918],[3.33161,7.13537]]]}},{"type":"Feature","properties":{"name":"Alimosho","id":"alimosho"},"geometry":{"type":"Polygon","coordinates":[[[3.19981,6.53148],[3.19345,6.57821],[3.23799,6.61964],[3.25708,6.69282],[3.30616,6.64785],[3.31616,6.60554],[3.30889,6.58791],[3.28617,6.56763],[3.2898,6.49181],[3.23708,6.48123],[3.19981,6.53148]]]}},{"type":"Feature","properties":{"name":"Ifako/Ijaye","id":"ifakoijaye"},"geometry":{"type":"Polygon","coordinates":[[[3.25708,6.69282],[3.27799,6.6937],[3.35343,6.65843],[3.33707,6.6267],[3.30616,6.64785],[3.25708,6.69282]]]}},{"type":"Feature","properties":{"name":"Ikorodu","id":"ikorodu"},"geometry":{"type":"Polygon","coordinates":[[[3.44342,6.68576],[3.69247,6.68312],[3.69884,6.684],[3.68429,6.64168],[3.70065,6.5976],[3.63248,6.53942],[3.58522,6.54823],[3.52432,6.51385],[3.46705,6.53589],[3.4416,6.6073],[3.4316,6.6408],[3.43978,6.67518],[3.44342,6.68576]]]}},{"type":"Feature","properties":{"name":"Ifo","id":"ifo"},"geometry":{"type":"Polygon","coordinates":[[[3.08165,6.76158],[3.05802,6.83034],[3.13073,6.8515],[3.20527,6.83387],[3.23799,6.84533],[3.25981,6.88853],[3.30435,6.90528],[3.36252,6.83123],[3.35888,6.75717],[3.39342,6.68488],[3.43978,6.67518],[3.4316,6.6408],[3.37252,6.6408],[3.35343,6.65843],[3.27799,6.6937],[3.28253,6.72984],[3.24163,6.76246],[3.18618,6.74659],[3.08165,6.76158]]]}},{"type":"Feature","properties":{"name":"Ikeja","id":"ikeja"},"geometry":{"type":"Polygon","coordinates":[[[3.36706,6.55881],[3.35161,6.55529],[3.30889,6.58791],[3.31616,6.60554],[3.33707,6.6267],[3.35343,6.65843],[3.37252,6.6408],[3.38343,6.5932],[3.36706,6.55881]]]}},{"type":"Feature","properties":{"name":"Ewekoro","id":"ewekoro"},"geometry":{"type":"Polygon","coordinates":[[[3.1271,7.06132],[3.23981,7.06661],[3.30616,7.11774],[3.34343,7.03487],[3.28889,7.04193],[3.31344,6.94936],[3.30435,6.90528],[3.25981,6.88853],[3.23799,6.84533],[3.20527,6.83387],[3.13073,6.8515],[3.05802,6.83034],[3.08892,6.88324],[3.05165,6.94495],[3.04075,6.99432],[3.06165,7.02606],[3.11074,7.02958],[3.1271,7.06132]]]}},{"type":"Feature","properties":{"name":"Ojo","id":"ojo"},"geometry":{"type":"Polygon","coordinates":[[[3.10346,6.49975],[3.19981,6.53148],[3.23708,6.48123],[3.20163,6.40189],[3.02075,6.39748],[3.10892,6.42393],[3.09256,6.46801],[3.10346,6.49975]]]}},{"type":"Feature","properties":{"name":"Badagry","id":"badagry"},"geometry":{"type":"Polygon","coordinates":[[[2.89168,6.51121],[2.95439,6.50151],[3.10346,6.49975],[3.09256,6.46801],[3.10892,6.42393],[3.02075,6.39748],[2.81896,6.38955],[2.69988,6.37544],[2.70443,6.46008],[2.79351,6.46184],[2.83168,6.44509],[2.8844,6.47418],[2.89168,6.51121]]]}},{"type":"Feature","properties":{"name":"Obafemi Owode","id":"obafemi-owode"},"geometry":{"type":"Polygon","coordinates":[[[3.30616,7.11774],[3.33161,7.13537],[3.40888,7.15918],[3.4825,7.19268],[3.5434,7.18033],[3.67157,7.18386],[3.71247,7.2253],[3.76246,7.24293],[3.79428,7.13978],[3.72611,7.086],[3.69611,7.06308],[3.64612,6.98991],[3.59158,6.952],[3.58703,6.90528],[3.55431,6.91057],[3.53613,6.87178],[3.48341,6.83211],[3.44069,6.75188],[3.44342,6.68576],[3.43978,6.67518],[3.39342,6.68488],[3.35888,6.75717],[3.36252,6.83123],[3.30435,6.90528],[3.31344,6.94936],[3.28889,7.04193],[3.34343,7.03487],[3.30616,7.11774]]]}},{"type":"Feature","properties":{"name":"Ipokia","id":"ipokia"},"geometry":{"type":"Polygon","coordinates":[[[2.82714,6.81624],[2.80714,6.77392],[2.87531,6.76422],[2.87259,6.684],[2.82623,6.64433],[2.88713,6.56763],[2.89168,6.51121],[2.8844,6.47418],[2.83168,6.44509],[2.79351,6.46184],[2.70443,6.46008],[2.69988,6.50856],[2.74351,6.56587],[2.72806,6.62405],[2.77806,6.69193],[2.78714,6.75012],[2.72897,6.77216],[2.75079,6.86825],[2.79169,6.8612],[2.82714,6.81624]]]}},{"type":"Feature","properties":{"name":"Ohimini","id":"ohimini"},"geometry":{"type":"Polygon","coordinates":[[[7.80099,7.2923],[7.76827,7.30199],[7.80281,7.36459],[7.79191,7.40955],[7.81554,7.40867],[7.8619,7.39985],[7.85644,7.36459],[7.96824,7.34784],[8.01915,7.33109],[8.10186,7.21824],[8.07459,7.19268],[8.07459,7.15389],[7.96915,7.10628],[7.93461,7.14772],[7.84372,7.15918],[7.82917,7.19268],[7.82463,7.27995],[7.80099,7.2923]]]}},{"type":"Feature","properties":{"name":"Ilorin West","id":"ilorin-west"},"geometry":{"type":"Polygon","coordinates":[[[4.53327,8.52476],[4.54872,8.49391],[4.56054,8.48068],[4.5669,8.47187],[4.59326,8.4366],[4.5978,8.4269],[4.57508,8.40839],[4.49145,8.4031],[4.45328,8.43043],[4.43964,8.48244],[4.47327,8.51242],[4.53327,8.52476]]]}},{"type":"Feature","properties":{"name":"Asa","id":"asa"},"geometry":{"type":"Polygon","coordinates":[[[4.6378,8.32728],[4.59053,8.25147],[4.5978,8.18623],[4.57326,8.12628],[4.52781,8.07603],[4.49509,8.11747],[4.48055,8.21091],[4.39147,8.30436],[4.26876,8.55562],[4.20877,8.6808],[4.19059,8.75309],[4.19513,8.81657],[4.23422,8.80511],[4.25785,8.73458],[4.30148,8.74692],[4.34238,8.6905],[4.3951,8.65612],[4.42783,8.58383],[4.47873,8.56179],[4.47327,8.51242],[4.43964,8.48244],[4.45328,8.43043],[4.49145,8.4031],[4.57508,8.40839],[4.5978,8.4269],[4.59962,8.40839],[4.66143,8.35902],[4.6378,8.32728]]]}}]}